<?xml version="1.0" encoding="UTF-8"?>
<sbml xmlns="http://www.sbml.org/sbml/level3/version1/core" xmlns:fbc="http://www.sbml.org/sbml/level3/version1/fbc/version2" xmlns:comp="http://www.sbml.org/sbml/level3/version1/comp/version1" level="3" version="1" fbc:required="false" comp:required="true">
  <model metaid="meta_c41e1d72376d44c9a363a9176ff24cba" sboTerm="SBO:0000624" id="diauxic_fba" name="FBA submodel (diauxic_fba)" substanceUnits="mmol" timeUnits="h" volumeUnits="l" areaUnits="m2" lengthUnits="m" extentUnits="mmol" fbc:strict="false">
    <notes>
      <body xmlns="http://www.w3.org/1999/xhtml">
        <h1>Diauxic Growth Model</h1>
        <h2>Description</h2>
        <p>Dynamic Flux Balance Analysis of Diauxic Growth in Escherichia coli</p>
        <p>The key variables in the mathematical model of the metabolic
network are the glucose concentration (Glcxt), the acetate concentration (Ac),
the biomass concentration (X), and the oxygen concentration (O2) in the gas phase.</p>
        <div class="dc:publisher">This file has been produced by
      <a href="https://livermetabolism.com/contact.html" title="Matthias Koenig" target="_blank">Matthias Koenig</a>.
      </div>
      <h2>Terms of use</h2>
      <div class="dc:rightsHolder">Copyright © 2017 Matthias Koenig</div>
      <div class="dc:license">
        <p>Redistribution and use of any part of this model, with or without modification, are permitted provided that
      the following conditions are met:
        <ol>
          <li>Redistributions of this SBML file must retain the above copyright notice, this list of conditions
              and the following disclaimer.</li>
          <li>Redistributions in a different form must reproduce the above copyright notice, this list of
              conditions and the following disclaimer in the documentation and/or other materials provided
          with the distribution.</li>
        </ol>
        This model is distributed in the hope that it will be useful, but WITHOUT ANY WARRANTY; without even
             the implied warranty of MERCHANTABILITY or FITNESS FOR A PARTICULAR PURPOSE.</p>
    </div>
  </body>
</notes><annotation>
  <rdf:RDF xmlns:rdf="http://www.w3.org/1999/02/22-rdf-syntax-ns#" xmlns:dcterms="http://purl.org/dc/terms/" xmlns:vCard="http://www.w3.org/2001/vcard-rdf/3.0#" xmlns:vCard4="http://www.w3.org/2006/vcard/ns#" xmlns:bqbiol="http://biomodels.net/biology-qualifiers/" xmlns:bqmodel="http://biomodels.net/model-qualifiers/">
    <rdf:Description rdf:about="#meta_c41e1d72376d44c9a363a9176ff24cba">
      <dcterms:creator>
        <rdf:Bag>
          <rdf:li rdf:parseType="Resource">
            <vCard:N rdf:parseType="Resource">
              <vCard:Family>Koenig</vCard:Family>
              <vCard:Given>Matthias</vCard:Given>
            </vCard:N>
            <vCard:EMAIL>konigmatt@googlemail.com</vCard:EMAIL>
            <vCard:ORG rdf:parseType="Resource">
              <vCard:Orgname>Humboldt University Berlin</vCard:Orgname>
            </vCard:ORG>
          </rdf:li>
        </rdf:Bag>
      </dcterms:creator>
      <dcterms:created rdf:parseType="Resource">
        <dcterms:W3CDTF>2017-03-06T21:23:14Z</dcterms:W3CDTF>
      </dcterms:created>
      <dcterms:modified rdf:parseType="Resource">
        <dcterms:W3CDTF>2017-03-06T21:23:14Z</dcterms:W3CDTF>
      </dcterms:modified>
    </rdf:Description>
  </rdf:RDF>
</annotation><listOfUnitDefinitions>
  <unitDefinition id="h">
    <listOfUnits>
      <unit kind="second" exponent="1" scale="0" multiplier="3600"/>
    </listOfUnits>
  </unitDefinition>
  <unitDefinition id="g">
    <listOfUnits>
      <unit kind="gram" exponent="1" scale="0" multiplier="1"/>
    </listOfUnits>
  </unitDefinition>
  <unitDefinition id="m">
    <listOfUnits>
      <unit kind="metre" exponent="1" scale="0" multiplier="1"/>
    </listOfUnits>
  </unitDefinition>
  <unitDefinition id="m2">
    <listOfUnits>
      <unit kind="metre" exponent="2" scale="0" multiplier="1"/>
    </listOfUnits>
  </unitDefinition>
  <unitDefinition id="l">
    <listOfUnits>
      <unit kind="litre" exponent="1" scale="0" multiplier="1"/>
    </listOfUnits>
  </unitDefinition>
  <unitDefinition id="per_h">
    <listOfUnits>
      <unit kind="second" exponent="-1" scale="0" multiplier="3600"/>
    </listOfUnits>
  </unitDefinition>
  <unitDefinition id="mmol_per_l">
    <listOfUnits>
      <unit kind="mole" exponent="1" scale="-3" multiplier="1"/>
      <unit kind="litre" exponent="-1" scale="0" multiplier="1"/>
    </listOfUnits>
  </unitDefinition>
  <unitDefinition id="g_per_l">
    <listOfUnits>
      <unit kind="gram" exponent="1" scale="0" multiplier="1"/>
      <unit kind="litre" exponent="-1" scale="0" multiplier="1"/>
    </listOfUnits>
  </unitDefinition>
  <unitDefinition id="mmol">
    <listOfUnits>
      <unit kind="mole" exponent="1" scale="-3" multiplier="1"/>
    </listOfUnits>
  </unitDefinition>
  <unitDefinition id="per_g">
    <listOfUnits>
      <unit kind="gram" exponent="-1" scale="0" multiplier="1"/>
    </listOfUnits>
  </unitDefinition>
  <unitDefinition id="g_per_mmol">
    <listOfUnits>
      <unit kind="gram" exponent="1" scale="0" multiplier="1"/>
      <unit kind="mole" exponent="-1" scale="-3" multiplier="1"/>
    </listOfUnits>
  </unitDefinition>
  <unitDefinition id="mmol_per_h">
    <listOfUnits>
      <unit kind="mole" exponent="1" scale="-3" multiplier="1"/>
      <unit kind="second" exponent="-1" scale="0" multiplier="3600"/>
    </listOfUnits>
  </unitDefinition>
  <unitDefinition id="mmol_per_hg">
    <listOfUnits>
      <unit kind="mole" exponent="1" scale="-3" multiplier="1"/>
      <unit kind="second" exponent="-1" scale="0" multiplier="3600"/>
      <unit kind="gram" exponent="-1" scale="0" multiplier="1"/>
    </listOfUnits>
  </unitDefinition>
  <unitDefinition id="mmol_per_lh">
    <listOfUnits>
      <unit kind="mole" exponent="1" scale="-3" multiplier="1"/>
      <unit kind="litre" exponent="-1" scale="0" multiplier="1"/>
      <unit kind="second" exponent="-1" scale="0" multiplier="3600"/>
    </listOfUnits>
  </unitDefinition>
  <unitDefinition id="g_per_lh">
    <listOfUnits>
      <unit kind="gram" exponent="1" scale="0" multiplier="1"/>
      <unit kind="litre" exponent="-1" scale="0" multiplier="1"/>
      <unit kind="second" exponent="-1" scale="0" multiplier="3600"/>
    </listOfUnits>
  </unitDefinition>
</listOfUnitDefinitions><listOfCompartments>
  <compartment id="bioreactor" name="bioreactor" spatialDimensions="3" size="1" units="l" constant="true"/>
</listOfCompartments><listOfSpecies>
  <species id="Glcxt" name="glucose" compartment="bioreactor" initialConcentration="10.8" substanceUnits="mmol" hasOnlySubstanceUnits="false" boundaryCondition="false" constant="false"/>
  <species id="Ac" name="acetate" compartment="bioreactor" initialConcentration="0.4" substanceUnits="mmol" hasOnlySubstanceUnits="false" boundaryCondition="false" constant="false"/>
  <species id="O2" name="oxygen" compartment="bioreactor" initialConcentration="0.21" substanceUnits="mmol" hasOnlySubstanceUnits="false" boundaryCondition="false" constant="false"/>
  <species id="X" name="biomass" compartment="bioreactor" initialConcentration="0.001" substanceUnits="mmol" hasOnlySubstanceUnits="false" boundaryCondition="false" constant="false"/>
</listOfSpecies><listOfParameters>
  <parameter sboTerm="SBO:0000612" id="zero" name="zero bound" value="0" units="mmol_per_hg" constant="true"/>
  <parameter sboTerm="SBO:0000612" id="lb_default" name="default lower bound" value="-1000" units="mmol_per_hg" constant="true"/>
  <parameter sboTerm="SBO:0000612" id="ub_default" name="default upper bound" value="1000" units="mmol_per_hg" constant="true"/>
  <parameter sboTerm="SBO:0000612" id="ub_vGlcxt" value="10" units="mmol_per_hg" constant="false"/>
  <parameter sboTerm="SBO:0000612" id="ub_vO2" value="15" units="mmol_per_hg" constant="false"/>
  <parameter sboTerm="SBO:0000612" id="lb_EX_Ac" value="-1000" units="mmol_per_hg" constant="false"/>
  <parameter sboTerm="SBO:0000612" id="ub_EX_Ac" value="1000" units="mmol_per_hg" constant="false"/>
  <parameter sboTerm="SBO:0000612" id="lb_EX_Glcxt" value="-1000" units="mmol_per_hg" constant="false"/>
  <parameter sboTerm="SBO:0000612" id="ub_EX_Glcxt" value="1000" units="mmol_per_hg" constant="false"/>
  <parameter sboTerm="SBO:0000612" id="lb_EX_O2" value="-1000" units="mmol_per_hg" constant="false"/>
  <parameter sboTerm="SBO:0000612" id="ub_EX_O2" value="1000" units="mmol_per_hg" constant="false"/>
  <parameter sboTerm="SBO:0000612" id="lb_EX_X" value="-1000" units="mmol_per_hg" constant="false"/>
  <parameter sboTerm="SBO:0000612" id="ub_EX_X" value="1000" units="mmol_per_hg" constant="false"/>
</listOfParameters><listOfReactions>
  <reaction sboTerm="SBO:0000627" id="EX_O2" name="O2 exchange" reversible="false" fast="false" compartment="bioreactor" fbc:lowerFluxBound="lb_default" fbc:upperFluxBound="ub_default">
    <listOfReactants>
      <speciesReference species="O2" stoichiometry="1" constant="true"/>
    </listOfReactants>
  </reaction>
  <reaction sboTerm="SBO:0000627" id="EX_Glcxt" name="Glcxt exchange" reversible="false" fast="false" compartment="bioreactor" fbc:lowerFluxBound="lb_default" fbc:upperFluxBound="ub_default">
    <listOfReactants>
      <speciesReference species="Glcxt" stoichiometry="1" constant="true"/>
    </listOfReactants>
  </reaction>
  <reaction sboTerm="SBO:0000627" id="EX_Ac" name="Ac exchange" reversible="true" fast="false" compartment="bioreactor" fbc:lowerFluxBound="lb_default" fbc:upperFluxBound="ub_default">
    <listOfReactants>
      <speciesReference species="Ac" stoichiometry="1" constant="true"/>
    </listOfReactants>
  </reaction>
  <reaction sboTerm="SBO:0000627" id="EX_X" name="biomass exchange" reversible="false" fast="false" compartment="bioreactor" fbc:lowerFluxBound="lb_default" fbc:upperFluxBound="ub_default">
    <listOfReactants>
      <speciesReference species="X" stoichiometry="1" constant="true"/>
    </listOfReactants>
  </reaction>
  <reaction sboTerm="SBO:0000627" id="vO2" name="O2 import (vO2)" reversible="false" fast="false" compartment="bioreactor" fbc:lowerFluxBound="zero" fbc:upperFluxBound="ub_vO2">
    <listOfProducts>
      <speciesReference species="O2" stoichiometry="1" constant="true"/>
    </listOfProducts>
  </reaction>
  <reaction sboTerm="SBO:0000627" id="vGlcxt" name="Glcxt import (vGlcxt)" reversible="false" fast="false" compartment="bioreactor" fbc:lowerFluxBound="zero" fbc:upperFluxBound="ub_vGlcxt">
    <listOfProducts>
      <speciesReference species="Glcxt" stoichiometry="1" constant="true"/>
    </listOfProducts>
  </reaction>
  <reaction id="v1" name="v1 (39.43 Ac + 35 O2 -&gt; X)" reversible="false" fast="false" compartment="bioreactor" fbc:lowerFluxBound="zero" fbc:upperFluxBound="ub_default">
    <listOfReactants>
      <speciesReference species="Ac" stoichiometry="39.43" constant="true"/>
      <speciesReference species="O2" stoichiometry="35" constant="true"/>
    </listOfReactants>
    <listOfProducts>
      <speciesReference species="X" stoichiometry="1" constant="true"/>
    </listOfProducts>
  </reaction>
  <reaction id="v2" name="v2 (9.46 Glcxt + 12.92 O2 -&gt; X)" reversible="false" fast="false" compartment="bioreactor" fbc:lowerFluxBound="zero" fbc:upperFluxBound="ub_default">
    <listOfReactants>
      <speciesReference species="Glcxt" stoichiometry="9.46" constant="true"/>
      <speciesReference species="O2" stoichiometry="12.92" constant="true"/>
    </listOfReactants>
    <listOfProducts>
      <speciesReference species="X" stoichiometry="1" constant="true"/>
    </listOfProducts>
  </reaction>
  <reaction id="v3" name="v3 (9.84 Glcxt + 12.73 O2 -&gt; 1.24 Ac + X)" reversible="false" fast="false" compartment="bioreactor" fbc:lowerFluxBound="zero" fbc:upperFluxBound="ub_default">
    <listOfReactants>
      <speciesReference species="Glcxt" stoichiometry="9.84" constant="true"/>
      <speciesReference species="O2" stoichiometry="12.73" constant="true"/>
    </listOfReactants>
    <listOfProducts>
      <speciesReference species="X" stoichiometry="1" constant="true"/>
      <speciesReference species="Ac" stoichiometry="1.24" constant="true"/>
    </listOfProducts>
  </reaction>
  <reaction id="v4" name="v4 (19.23 Glcxt -&gt; 12.12 Ac + X)" reversible="false" fast="false" compartment="bioreactor" fbc:lowerFluxBound="zero" fbc:upperFluxBound="ub_default">
    <listOfReactants>
      <speciesReference species="Glcxt" stoichiometry="19.23" constant="true"/>
    </listOfReactants>
    <listOfProducts>
      <speciesReference species="X" stoichiometry="1" constant="true"/>
      <speciesReference species="Ac" stoichiometry="12.12" constant="true"/>
    </listOfProducts>
  </reaction>
</listOfReactions><fbc:listOfObjectives fbc:activeObjective="biomass_max">
  <fbc:objective fbc:id="biomass_max" fbc:type="maximize">
    <fbc:listOfFluxObjectives>
      <fbc:fluxObjective fbc:reaction="v1" fbc:coefficient="1"/>
      <fbc:fluxObjective fbc:reaction="v2" fbc:coefficient="1"/>
      <fbc:fluxObjective fbc:reaction="v3" fbc:coefficient="1"/>
      <fbc:fluxObjective fbc:reaction="v4" fbc:coefficient="1"/>
    </fbc:listOfFluxObjectives>
  </fbc:objective>
</fbc:listOfObjectives><comp:listOfPorts>
  <comp:port sboTerm="SBO:0000599" comp:idRef="bioreactor" comp:id="bioreactor_port"/>
  <comp:port sboTerm="SBO:0000599" comp:idRef="EX_Ac" comp:id="EX_Ac_port"/>
  <comp:port sboTerm="SBO:0000599" comp:idRef="EX_Glcxt" comp:id="EX_Glcxt_port"/>
  <comp:port sboTerm="SBO:0000599" comp:idRef="EX_O2" comp:id="EX_O2_port"/>
  <comp:port sboTerm="SBO:0000599" comp:idRef="EX_X" comp:id="EX_X_port"/>
  <comp:port sboTerm="SBO:0000599" comp:idRef="Ac" comp:id="Ac_port"/>
  <comp:port sboTerm="SBO:0000599" comp:idRef="Glcxt" comp:id="Glcxt_port"/>
  <comp:port sboTerm="SBO:0000599" comp:idRef="O2" comp:id="O2_port"/>
  <comp:port sboTerm="SBO:0000599" comp:idRef="X" comp:id="X_port"/>
  <comp:port sboTerm="SBO:0000599" comp:idRef="lb_EX_Ac" comp:id="lb_EX_Ac_port"/>
  <comp:port sboTerm="SBO:0000599" comp:idRef="lb_EX_Glcxt" comp:id="lb_EX_Glcxt_port"/>
  <comp:port sboTerm="SBO:0000599" comp:idRef="lb_EX_O2" comp:id="lb_EX_O2_port"/>
  <comp:port sboTerm="SBO:0000599" comp:idRef="lb_EX_X" comp:id="lb_EX_X_port"/>
  <comp:port sboTerm="SBO:0000599" comp:idRef="ub_EX_Ac" comp:id="ub_EX_Ac_port"/>
  <comp:port sboTerm="SBO:0000599" comp:idRef="ub_EX_Glcxt" comp:id="ub_EX_Glcxt_port"/>
  <comp:port sboTerm="SBO:0000599" comp:idRef="ub_EX_O2" comp:id="ub_EX_O2_port"/>
  <comp:port sboTerm="SBO:0000599" comp:idRef="ub_EX_X" comp:id="ub_EX_X_port"/>
  <comp:port sboTerm="SBO:0000599" comp:idRef="ub_vGlcxt" comp:id="ub_vGlcxt"/>
</comp:listOfPorts>
</model>
</sbml>
