<?xml version="1.0" encoding="UTF-8"?>
<sbml xmlns="http://www.sbml.org/sbml/level3/version1/core" xmlns:comp="http://www.sbml.org/sbml/level3/version1/comp/version1" level="3" version="1" comp:required="true">
  <model metaid="meta_simple_reaction" id="simple_reaction" substanceUnits="mmole" timeUnits="s" volumeUnits="liter" areaUnits="m2" lengthUnits="m" extentUnits="mmole">
    <notes>
      <body xmlns="http://www.w3.org/1999/xhtml" style="font-family: Helvetica, arial, sans-serif;line-height: 1.6;padding-top: 10px;background-color: white;padding: 30px;padding-bottom: 10px;color: #333;font-size: 14px;">
        <h1 style="cursor: text;padding-top: 0;margin: 20px 0 10px;color: black;-webkit-font-smoothing: antialiased;position: relative;font-size: 28px;padding: 0;margin-top: 0;font-weight: bold;">Example <code style="font-size: inherit;padding: 0 5px;margin: 0 2px;white-space: nowrap;border-radius: 3px;border: 1px solid #eaeaea;background-color: #f8f8f8;">core_example2</code></h1>
        <h2 style="padding-top: 0;cursor: text;position: relative;font-size: 24px;font-weight: bold;padding: 0;-webkit-font-smoothing: antialiased;color: black;margin: 20px 0 10px;border-bottom: 1px solid #cccccc;margin-top: 0;">Description</h2>
        <p style="margin: 15px 0;">This example demonstrates how to create a compartment, species and reaction.
The model uses units.</p>
        <h2 style="font-weight: bold;-webkit-font-smoothing: antialiased;color: black;font-size: 24px;border-bottom: 1px solid #cccccc;margin: 20px 0 10px;padding: 0;position: relative;cursor: text;">Terms of use</h2>
        <p style="margin: 15px 0;">The content of this model has been carefully created in a manual research effort.
This file has been created by <a href="https://livermetabolism.com" style="color: #4183C4;text-decoration: none;">Matthias König</a>
using <a style="text-decoration: none;color: #4183C4;"/>
        <a href="https://github.com/matthiaskoenig/sbmlutils" style="color: #4183C4;text-decoration: none;">sbmlutils</a>.
For questions contact koenigmx@hu-berlin.de.</p>
        <a href="https://livermetabolism.com" style="text-decoration: none;color: #4183C4;">
          <img src="https://livermetabolism.com/img/people/koenig.png" style="max-width: 100%;" width="80"/>
        </a>
Copyright © 2021 Matthias König.
<p style="margin: 15px 0;">Redistribution and use of any part of this model, with or without modification,
are permitted provided that the following conditions are met:</p>
        <ol style="margin: 15px 0;padding-left: 30px;">
          <li style="margin: 15px 0;margin-top: 0;">Redistributions of this SBML file must retain the above copyright notice, this
list of conditions and the following disclaimer.</li>
          <li style="margin: 15px 0;margin-bottom: 0;">Redistributions in a different form must reproduce the above copyright notice,
this list of conditions and the following disclaimer in the documentation and/or
other materials provided with the distribution.</li>
        </ol>
        <p style="margin: 15px 0;margin-bottom: 0 !important;">This model is distributed in the hope that it will be useful, but WITHOUT ANY
WARRANTY; without even the implied warranty of MERCHANTABILITY or FITNESS
FOR A PARTICULAR PURPOSE.</p></body>
      </notes>
    <annotation>
      <rdf:RDF xmlns:rdf="http://www.w3.org/1999/02/22-rdf-syntax-ns#" xmlns:dcterms="http://purl.org/dc/terms/" xmlns:vCard="http://www.w3.org/2001/vcard-rdf/3.0#" xmlns:vCard4="http://www.w3.org/2006/vcard/ns#" xmlns:bqbiol="http://biomodels.net/biology-qualifiers/" xmlns:bqmodel="http://biomodels.net/model-qualifiers/">
        <rdf:Description rdf:about="#meta_simple_reaction">
          <dcterms:creator>
            <rdf:Bag>
              <rdf:li rdf:parseType="Resource">
                <vCard:N rdf:parseType="Resource">
                  <vCard:Family>König</vCard:Family>
                  <vCard:Given>Matthias</vCard:Given>
                </vCard:N>
                <vCard:EMAIL>koenigmx@hu-berlin.de</vCard:EMAIL>
                <vCard:ORG rdf:parseType="Resource">
                  <vCard:Orgname>Humboldt-University Berlin, Institute for Theoretical Biology</vCard:Orgname>
                </vCard:ORG>
              </rdf:li>
            </rdf:Bag>
          </dcterms:creator>
          <dcterms:created rdf:parseType="Resource">
            <dcterms:W3CDTF>1900-01-01T00:00:00Z</dcterms:W3CDTF>
          </dcterms:created>
          <dcterms:modified rdf:parseType="Resource">
            <dcterms:W3CDTF>1900-01-01T00:00:00Z</dcterms:W3CDTF>
          </dcterms:modified>
        </rdf:Description>
      </rdf:RDF>
    </annotation>
    <listOfUnitDefinitions>
      <unitDefinition id="liter" name="liter">
        <listOfUnits>
          <unit kind="litre" exponent="1" scale="0" multiplier="1"/>
        </listOfUnits>
      </unitDefinition>
      <unitDefinition id="m" name="meter">
        <listOfUnits>
          <unit kind="metre" exponent="1" scale="0" multiplier="1"/>
        </listOfUnits>
      </unitDefinition>
      <unitDefinition id="m2" name="meter^2">
        <listOfUnits>
          <unit kind="metre" exponent="2" scale="0" multiplier="1"/>
        </listOfUnits>
      </unitDefinition>
      <unitDefinition id="mM" name="mmole/liter">
        <listOfUnits>
          <unit kind="mole" exponent="1" scale="0" multiplier="0.001"/>
          <unit kind="litre" exponent="-1" scale="0" multiplier="1"/>
        </listOfUnits>
      </unitDefinition>
      <unitDefinition id="mmole" name="mmole">
        <listOfUnits>
          <unit kind="mole" exponent="1" scale="0" multiplier="0.001"/>
        </listOfUnits>
      </unitDefinition>
      <unitDefinition id="mmole_per_s" name="mmole/s">
        <listOfUnits>
          <unit kind="mole" exponent="1" scale="0" multiplier="0.001"/>
          <unit kind="second" exponent="-1" scale="0" multiplier="1"/>
        </listOfUnits>
      </unitDefinition>
      <unitDefinition id="s" name="second">
        <listOfUnits>
          <unit kind="second" exponent="1" scale="0" multiplier="1"/>
        </listOfUnits>
      </unitDefinition>
    </listOfUnitDefinitions>
    <listOfCompartments>
      <compartment metaid="meta_cell" id="cell" name="cell" spatialDimensions="3" size="1" units="liter" constant="true">
        <annotation>
          <rdf:RDF xmlns:rdf="http://www.w3.org/1999/02/22-rdf-syntax-ns#" xmlns:dcterms="http://purl.org/dc/terms/" xmlns:vCard="http://www.w3.org/2001/vcard-rdf/3.0#" xmlns:vCard4="http://www.w3.org/2006/vcard/ns#" xmlns:bqbiol="http://biomodels.net/biology-qualifiers/" xmlns:bqmodel="http://biomodels.net/model-qualifiers/">
            <rdf:Description rdf:about="#meta_cell">
              <bqbiol:is>
                <rdf:Bag>
                  <rdf:li rdf:resource="https://identifiers.org/SBO:0000290"/>
                </rdf:Bag>
              </bqbiol:is>
            </rdf:Description>
          </rdf:RDF>
        </annotation>
      </compartment>
    </listOfCompartments>
    <listOfSpecies>
      <species metaid="meta_A" id="A" name="A" compartment="cell" initialConcentration="10" substanceUnits="mmole" hasOnlySubstanceUnits="false" boundaryCondition="false" constant="false">
        <annotation>
          <rdf:RDF xmlns:rdf="http://www.w3.org/1999/02/22-rdf-syntax-ns#" xmlns:dcterms="http://purl.org/dc/terms/" xmlns:vCard="http://www.w3.org/2001/vcard-rdf/3.0#" xmlns:vCard4="http://www.w3.org/2006/vcard/ns#" xmlns:bqbiol="http://biomodels.net/biology-qualifiers/" xmlns:bqmodel="http://biomodels.net/model-qualifiers/">
            <rdf:Description rdf:about="#meta_A">
              <bqbiol:is>
                <rdf:Bag>
                  <rdf:li rdf:resource="https://identifiers.org/SBO:0000247"/>
                </rdf:Bag>
              </bqbiol:is>
            </rdf:Description>
          </rdf:RDF>
        </annotation>
      </species>
      <species metaid="meta_B" id="B" name="B" compartment="cell" initialConcentration="10" substanceUnits="mmole" hasOnlySubstanceUnits="false" boundaryCondition="false" constant="false">
        <annotation>
          <rdf:RDF xmlns:rdf="http://www.w3.org/1999/02/22-rdf-syntax-ns#" xmlns:dcterms="http://purl.org/dc/terms/" xmlns:vCard="http://www.w3.org/2001/vcard-rdf/3.0#" xmlns:vCard4="http://www.w3.org/2006/vcard/ns#" xmlns:bqbiol="http://biomodels.net/biology-qualifiers/" xmlns:bqmodel="http://biomodels.net/model-qualifiers/">
            <rdf:Description rdf:about="#meta_B">
              <bqbiol:is>
                <rdf:Bag>
                  <rdf:li rdf:resource="https://identifiers.org/SBO:0000247"/>
                </rdf:Bag>
              </bqbiol:is>
            </rdf:Description>
          </rdf:RDF>
        </annotation>
      </species>
    </listOfSpecies>
    <listOfParameters>
      <parameter id="v1_Vmax" value="1" units="mmole_per_s" constant="true"/>
      <parameter id="v1_Km_A" value="0.1" units="mM" constant="true"/>
    </listOfParameters>
    <listOfReactions>
      <reaction metaid="meta_v1" id="v1" name="v1: A -&gt; B" reversible="false" fast="false" compartment="cell">
        <annotation>
          <rdf:RDF xmlns:rdf="http://www.w3.org/1999/02/22-rdf-syntax-ns#" xmlns:dcterms="http://purl.org/dc/terms/" xmlns:vCard="http://www.w3.org/2001/vcard-rdf/3.0#" xmlns:vCard4="http://www.w3.org/2006/vcard/ns#" xmlns:bqbiol="http://biomodels.net/biology-qualifiers/" xmlns:bqmodel="http://biomodels.net/model-qualifiers/">
            <rdf:Description rdf:about="#meta_v1">
              <bqbiol:is>
                <rdf:Bag>
                  <rdf:li rdf:resource="https://identifiers.org/SBO:0000176"/>
                </rdf:Bag>
              </bqbiol:is>
            </rdf:Description>
          </rdf:RDF>
        </annotation>
        <listOfReactants>
          <speciesReference species="A" stoichiometry="1" constant="true"/>
        </listOfReactants>
        <listOfProducts>
          <speciesReference species="B" stoichiometry="1" constant="true"/>
        </listOfProducts>
        <kineticLaw>
          <math xmlns="http://www.w3.org/1998/Math/MathML">
            <apply>
              <divide/>
              <apply>
                <times/>
                <ci> v1_Vmax </ci>
                <ci> v1_Km_A </ci>
              </apply>
              <apply>
                <plus/>
                <ci> v1_Km_A </ci>
                <ci> A </ci>
              </apply>
            </apply>
          </math>
        </kineticLaw>
      </reaction>
    </listOfReactions>
  </model>
</sbml>
