time	[A]	[C]	[D]	[dummy_S]	[fba__A]	[fba__B1]	[fba__B2]	[fba__C]	R4	dummy_EX_A	dummy_EX_C	fba__R1	fba__R2	fba__R3	update__update_A	update__update_C	EX_A	EX_C	bounds__k1	bounds__lb_default	bounds__ub_R1	dt	fba__lb	fba__ub	fba__ub_R1	k_R4	lb_EX_A	lb_EX_C	ub_EX_A	ub_EX_C
0.0	0.0	0.0	0.0	0.0	10.0	0.0	0.0	0.0	0.0	0.0	0.0	0.0	0.0	0.0	0.0	0.0	0.0	0.0	-0.2	-1000.0	1.0	0.1	0.0	1000.0	1.0	0.1	0.0	0.0	1000.0	1000.0
0.1	0.0	0.0	0.0	0.0	10.0	0.0	0.0	0.0	0.0	0.0	0.0	0.0	0.0	0.0	0.0	0.0	0.0	0.0	-0.2	-1000.0	0.980201526109	0.1	0.0	1000.0	1.0	0.1	0.0	0.0	1000.0	1000.0
0.2	0.0	0.0	0.0	0.0	10.0	0.0	0.0	0.0	0.0	0.0	0.0	0.0	0.0	0.0	0.0	0.0	0.0	0.0	-0.2	-1000.0	0.960795031786	0.1	0.0	1000.0	1.0	0.1	0.0	0.0	1000.0	1000.0
0.3	0.0	0.0	0.0	0.0	10.0	0.0	0.0	0.0	0.0	0.0	0.0	0.0	0.0	0.0	0.0	0.0	0.0	0.0	-0.2	-1000.0	0.941772756434	0.1	0.0	1000.0	1.0	0.1	0.0	0.0	1000.0	1000.0
0.4	0.0	0.0	0.0	0.0	10.0	0.0	0.0	0.0	0.0	0.0	0.0	0.0	0.0	0.0	0.0	0.0	0.0	0.0	-0.2	-1000.0	0.923127093104	0.1	0.0	1000.0	1.0	0.1	0.0	0.0	1000.0	1000.0
0.5	0.0	0.0	0.0	0.0	10.0	0.0	0.0	0.0	0.0	0.0	0.0	0.0	0.0	0.0	0.0	0.0	0.0	0.0	-0.2	-1000.0	0.904850585453	0.1	0.0	1000.0	1.0	0.1	0.0	0.0	1000.0	1000.0
0.6	0.0	0.0	0.0	0.0	10.0	0.0	0.0	0.0	0.0	0.0	0.0	0.0	0.0	0.0	0.0	0.0	0.0	0.0	-0.2	-1000.0	0.886935924762	0.1	0.0	1000.0	1.0	0.1	0.0	0.0	1000.0	1000.0
0.7	0.0	0.0	0.0	0.0	10.0	0.0	0.0	0.0	0.0	0.0	0.0	0.0	0.0	0.0	0.0	0.0	0.0	0.0	-0.2	-1000.0	0.869375947012	0.1	0.0	1000.0	1.0	0.1	0.0	0.0	1000.0	1000.0
0.8	0.0	0.0	0.0	0.0	10.0	0.0	0.0	0.0	0.0	0.0	0.0	0.0	0.0	0.0	0.0	0.0	0.0	0.0	-0.2	-1000.0	0.852163630024	0.1	0.0	1000.0	1.0	0.1	0.0	0.0	1000.0	1000.0
0.9	0.0	0.0	0.0	0.0	10.0	0.0	0.0	0.0	0.0	0.0	0.0	0.0	0.0	0.0	0.0	0.0	0.0	0.0	-0.2	-1000.0	0.835292090644	0.1	0.0	1000.0	1.0	0.1	0.0	0.0	1000.0	1000.0
1.0	0.0	0.0	0.0	0.0	10.0	0.0	0.0	0.0	0.0	0.0	0.0	0.0	0.0	0.0	0.0	0.0	0.0	0.0	-0.2	-1000.0	0.818754581996	0.1	0.0	1000.0	1.0	0.1	0.0	0.0	1000.0	1000.0
1.1	0.0	0.0	0.0	0.0	10.0	0.0	0.0	0.0	0.0	0.0	0.0	0.0	0.0	0.0	0.0	0.0	0.0	0.0	-0.2	-1000.0	0.802544490782	0.1	0.0	1000.0	1.0	0.1	0.0	0.0	1000.0	1000.0
1.2	0.0	0.0	0.0	0.0	10.0	0.0	0.0	0.0	0.0	0.0	0.0	0.0	0.0	0.0	0.0	0.0	0.0	0.0	-0.2	-1000.0	0.786655334635	0.1	0.0	1000.0	1.0	0.1	0.0	0.0	1000.0	1000.0
1.3	0.0	0.0	0.0	0.0	10.0	0.0	0.0	0.0	0.0	0.0	0.0	0.0	0.0	0.0	0.0	0.0	0.0	0.0	-0.2	-1000.0	0.771080759531	0.1	0.0	1000.0	1.0	0.1	0.0	0.0	1000.0	1000.0
1.4	0.0	0.0	0.0	0.0	10.0	0.0	0.0	0.0	0.0	0.0	0.0	0.0	0.0	0.0	0.0	0.0	0.0	0.0	-0.2	-1000.0	0.755814537246	0.1	0.0	1000.0	1.0	0.1	0.0	0.0	1000.0	1000.0
1.5	0.0	0.0	0.0	0.0	10.0	0.0	0.0	0.0	0.0	0.0	0.0	0.0	0.0	0.0	0.0	0.0	0.0	0.0	-0.2	-1000.0	0.740850562865	0.1	0.0	1000.0	1.0	0.1	0.0	0.0	1000.0	1000.0
1.6	0.0	0.0	0.0	0.0	10.0	0.0	0.0	0.0	0.0	0.0	0.0	0.0	0.0	0.0	0.0	0.0	0.0	0.0	-0.2	-1000.0	0.726182852339	0.1	0.0	1000.0	1.0	0.1	0.0	0.0	1000.0	1000.0
1.7	0.0	0.0	0.0	0.0	10.0	0.0	0.0	0.0	0.0	0.0	0.0	0.0	0.0	0.0	0.0	0.0	0.0	0.0	-0.2	-1000.0	0.711805540097	0.1	0.0	1000.0	1.0	0.1	0.0	0.0	1000.0	1000.0
1.8	0.0	0.0	0.0	0.0	10.0	0.0	0.0	0.0	0.0	0.0	0.0	0.0	0.0	0.0	0.0	0.0	0.0	0.0	-0.2	-1000.0	0.697712876697	0.1	0.0	1000.0	1.0	0.1	0.0	0.0	1000.0	1000.0
1.9	0.0	0.0	0.0	0.0	10.0	0.0	0.0	0.0	0.0	0.0	0.0	0.0	0.0	0.0	0.0	0.0	0.0	0.0	-0.2	-1000.0	0.683899226525	0.1	0.0	1000.0	1.0	0.1	0.0	0.0	1000.0	1000.0
2.0	0.0	0.0	0.0	0.0	10.0	0.0	0.0	0.0	0.0	0.0	0.0	0.0	0.0	0.0	0.0	0.0	0.0	0.0	-0.2	-1000.0	0.670359065545	0.1	0.0	1000.0	1.0	0.1	0.0	0.0	1000.0	1000.0
2.1	0.0	0.0	0.0	0.0	10.0	0.0	0.0	0.0	0.0	0.0	0.0	0.0	0.0	0.0	0.0	0.0	0.0	0.0	-0.2	-1000.0	0.657086979089	0.1	0.0	1000.0	1.0	0.1	0.0	0.0	1000.0	1000.0
2.2	0.0	0.0	0.0	0.0	10.0	0.0	0.0	0.0	0.0	0.0	0.0	0.0	0.0	0.0	0.0	0.0	0.0	0.0	-0.2	-1000.0	0.64407765969	0.1	0.0	1000.0	1.0	0.1	0.0	0.0	1000.0	1000.0
2.3	0.0	0.0	0.0	0.0	10.0	0.0	0.0	0.0	0.0	0.0	0.0	0.0	0.0	0.0	0.0	0.0	0.0	0.0	-0.2	-1000.0	0.631325904962	0.1	0.0	1000.0	1.0	0.1	0.0	0.0	1000.0	1000.0
2.4	0.0	0.0	0.0	0.0	10.0	0.0	0.0	0.0	0.0	0.0	0.0	0.0	0.0	0.0	0.0	0.0	0.0	0.0	-0.2	-1000.0	0.618826615516	0.1	0.0	1000.0	1.0	0.1	0.0	0.0	1000.0	1000.0
2.5	0.0	0.0	0.0	0.0	10.0	0.0	0.0	0.0	0.0	0.0	0.0	0.0	0.0	0.0	0.0	0.0	0.0	0.0	-0.2	-1000.0	0.606574792927	0.1	0.0	1000.0	1.0	0.1	0.0	0.0	1000.0	1000.0
2.6	0.0	0.0	0.0	0.0	10.0	0.0	0.0	0.0	0.0	0.0	0.0	0.0	0.0	0.0	0.0	0.0	0.0	0.0	-0.2	-1000.0	0.594565537727	0.1	0.0	1000.0	1.0	0.1	0.0	0.0	1000.0	1000.0
2.7	0.0	0.0	0.0	0.0	10.0	0.0	0.0	0.0	0.0	0.0	0.0	0.0	0.0	0.0	0.0	0.0	0.0	0.0	-0.2	-1000.0	0.582794047453	0.1	0.0	1000.0	1.0	0.1	0.0	0.0	1000.0	1000.0
2.8	0.0	0.0	0.0	0.0	10.0	0.0	0.0	0.0	0.0	0.0	0.0	0.0	0.0	0.0	0.0	0.0	0.0	0.0	-0.2	-1000.0	0.571255614721	0.1	0.0	1000.0	1.0	0.1	0.0	0.0	1000.0	1000.0
2.9	0.0	0.0	0.0	0.0	10.0	0.0	0.0	0.0	0.0	0.0	0.0	0.0	0.0	0.0	0.0	0.0	0.0	0.0	-0.2	-1000.0	0.559945625349	0.1	0.0	1000.0	1.0	0.1	0.0	0.0	1000.0	1000.0
3.0	0.0	0.0	0.0	0.0	10.0	0.0	0.0	0.0	0.0	0.0	0.0	0.0	0.0	0.0	0.0	0.0	0.0	0.0	-0.2	-1000.0	0.548859556506	0.1	0.0	1000.0	1.0	0.1	0.0	0.0	1000.0	1000.0
3.1	0.0	0.0	0.0	0.0	10.0	0.0	0.0	0.0	0.0	0.0	0.0	0.0	0.0	0.0	0.0	0.0	0.0	0.0	-0.2	-1000.0	0.537992974908	0.1	0.0	1000.0	1.0	0.1	0.0	0.0	1000.0	1000.0
3.2	0.0	0.0	0.0	0.0	10.0	0.0	0.0	0.0	0.0	0.0	0.0	0.0	0.0	0.0	0.0	0.0	0.0	0.0	-0.2	-1000.0	0.527341535042	0.1	0.0	1000.0	1.0	0.1	0.0	0.0	1000.0	1000.0
3.3	0.0	0.0	0.0	0.0	10.0	0.0	0.0	0.0	0.0	0.0	0.0	0.0	0.0	0.0	0.0	0.0	0.0	0.0	-0.2	-1000.0	0.51690097743	0.1	0.0	1000.0	1.0	0.1	0.0	0.0	1000.0	1000.0
3.4	0.0	0.0	0.0	0.0	10.0	0.0	0.0	0.0	0.0	0.0	0.0	0.0	0.0	0.0	0.0	0.0	0.0	0.0	-0.2	-1000.0	0.506667126925	0.1	0.0	1000.0	1.0	0.1	0.0	0.0	1000.0	1000.0
3.5	0.0	0.0	0.0	0.0	10.0	0.0	0.0	0.0	0.0	0.0	0.0	0.0	0.0	0.0	0.0	0.0	0.0	0.0	-0.2	-1000.0	0.496635891042	0.1	0.0	1000.0	1.0	0.1	0.0	0.0	1000.0	1000.0
3.6	0.0	0.0	0.0	0.0	10.0	0.0	0.0	0.0	0.0	0.0	0.0	0.0	0.0	0.0	0.0	0.0	0.0	0.0	-0.2	-1000.0	0.486803258322	0.1	0.0	1000.0	1.0	0.1	0.0	0.0	1000.0	1000.0
3.7	0.0	0.0	0.0	0.0	10.0	0.0	0.0	0.0	0.0	0.0	0.0	0.0	0.0	0.0	0.0	0.0	0.0	0.0	-0.2	-1000.0	0.477165296723	0.1	0.0	1000.0	1.0	0.1	0.0	0.0	1000.0	1000.0
3.8	0.0	0.0	0.0	0.0	10.0	0.0	0.0	0.0	0.0	0.0	0.0	0.0	0.0	0.0	0.0	0.0	0.0	0.0	-0.2	-1000.0	0.467718152055	0.1	0.0	1000.0	1.0	0.1	0.0	0.0	1000.0	1000.0
3.9	0.0	0.0	0.0	0.0	10.0	0.0	0.0	0.0	0.0	0.0	0.0	0.0	0.0	0.0	0.0	0.0	0.0	0.0	-0.2	-1000.0	0.458458046435	0.1	0.0	1000.0	1.0	0.1	0.0	0.0	1000.0	1000.0
4.0	0.0	0.0	0.0	0.0	10.0	0.0	0.0	0.0	0.0	0.0	0.0	0.0	0.0	0.0	0.0	0.0	0.0	0.0	-0.2	-1000.0	0.449381276774	0.1	0.0	1000.0	1.0	0.1	0.0	0.0	1000.0	1000.0
4.1	0.0	0.0	0.0	0.0	10.0	0.0	0.0	0.0	0.0	0.0	0.0	0.0	0.0	0.0	0.0	0.0	0.0	0.0	-0.2	-1000.0	0.4404842133	0.1	0.0	1000.0	1.0	0.1	0.0	0.0	1000.0	1000.0
4.2	0.0	0.0	0.0	0.0	10.0	0.0	0.0	0.0	0.0	0.0	0.0	0.0	0.0	0.0	0.0	0.0	0.0	0.0	-0.2	-1000.0	0.431763298105	0.1	0.0	1000.0	1.0	0.1	0.0	0.0	1000.0	1000.0
4.3	0.0	0.0	0.0	0.0	10.0	0.0	0.0	0.0	0.0	0.0	0.0	0.0	0.0	0.0	0.0	0.0	0.0	0.0	-0.2	-1000.0	0.423215043722	0.1	0.0	1000.0	1.0	0.1	0.0	0.0	1000.0	1000.0
4.4	0.0	0.0	0.0	0.0	10.0	0.0	0.0	0.0	0.0	0.0	0.0	0.0	0.0	0.0	0.0	0.0	0.0	0.0	-0.2	-1000.0	0.41483603173	0.1	0.0	1000.0	1.0	0.1	0.0	0.0	1000.0	1000.0
4.5	0.0	0.0	0.0	0.0	10.0	0.0	0.0	0.0	0.0	0.0	0.0	0.0	0.0	0.0	0.0	0.0	0.0	0.0	-0.2	-1000.0	0.406622911388	0.1	0.0	1000.0	1.0	0.1	0.0	0.0	1000.0	1000.0
4.6	0.0	0.0	0.0	0.0	10.0	0.0	0.0	0.0	0.0	0.0	0.0	0.0	0.0	0.0	0.0	0.0	0.0	0.0	-0.2	-1000.0	0.398572398295	0.1	0.0	1000.0	1.0	0.1	0.0	0.0	1000.0	1000.0
4.7	0.0	0.0	0.0	0.0	10.0	0.0	0.0	0.0	0.0	0.0	0.0	0.0	0.0	0.0	0.0	0.0	0.0	0.0	-0.2	-1000.0	0.390681273075	0.1	0.0	1000.0	1.0	0.1	0.0	0.0	1000.0	1000.0
4.8	0.0	0.0	0.0	0.0	10.0	0.0	0.0	0.0	0.0	0.0	0.0	0.0	0.0	0.0	0.0	0.0	0.0	0.0	-0.2	-1000.0	0.382946380092	0.1	0.0	1000.0	1.0	0.1	0.0	0.0	1000.0	1000.0
4.9	0.0	0.0	0.0	0.0	10.0	0.0	0.0	0.0	0.0	0.0	0.0	0.0	0.0	0.0	0.0	0.0	0.0	0.0	-0.2	-1000.0	0.375364626186	0.1	0.0	1000.0	1.0	0.1	0.0	0.0	1000.0	1000.0
5.0	0.0	0.0	0.0	0.0	10.0	0.0	0.0	0.0	0.0	0.0	0.0	0.0	0.0	0.0	0.0	0.0	0.0	0.0	-0.2	-1000.0	0.367932979436	0.1	0.0	1000.0	1.0	0.1	0.0	0.0	1000.0	1000.0
5.1	0.0	0.0	0.0	0.0	10.0	0.0	0.0	0.0	0.0	0.0	0.0	0.0	0.0	0.0	0.0	0.0	0.0	0.0	-0.2	-1000.0	0.360648467951	0.1	0.0	1000.0	1.0	0.1	0.0	0.0	1000.0	1000.0
5.2	0.0	0.0	0.0	0.0	10.0	0.0	0.0	0.0	0.0	0.0	0.0	0.0	0.0	0.0	0.0	0.0	0.0	0.0	-0.2	-1000.0	0.353508178676	0.1	0.0	1000.0	1.0	0.1	0.0	0.0	1000.0	1000.0
5.3	0.0	0.0	0.0	0.0	10.0	0.0	0.0	0.0	0.0	0.0	0.0	0.0	0.0	0.0	0.0	0.0	0.0	0.0	-0.2	-1000.0	0.346509256232	0.1	0.0	1000.0	1.0	0.1	0.0	0.0	1000.0	1000.0
5.4	0.0	0.0	0.0	0.0	10.0	0.0	0.0	0.0	0.0	0.0	0.0	0.0	0.0	0.0	0.0	0.0	0.0	0.0	-0.2	-1000.0	0.339648901771	0.1	0.0	1000.0	1.0	0.1	0.0	0.0	1000.0	1000.0
5.5	0.0	0.0	0.0	0.0	10.0	0.0	0.0	0.0	0.0	0.0	0.0	0.0	0.0	0.0	0.0	0.0	0.0	0.0	-0.2	-1000.0	0.332924371859	0.1	0.0	1000.0	1.0	0.1	0.0	0.0	1000.0	1000.0
5.6	0.0	0.0	0.0	0.0	10.0	0.0	0.0	0.0	0.0	0.0	0.0	0.0	0.0	0.0	0.0	0.0	0.0	0.0	-0.2	-1000.0	0.326332977377	0.1	0.0	1000.0	1.0	0.1	0.0	0.0	1000.0	1000.0
5.7	0.0	0.0	0.0	0.0	10.0	0.0	0.0	0.0	0.0	0.0	0.0	0.0	0.0	0.0	0.0	0.0	0.0	0.0	-0.2	-1000.0	0.319872082446	0.1	0.0	1000.0	1.0	0.1	0.0	0.0	1000.0	1000.0
5.8	0.0	0.0	0.0	0.0	10.0	0.0	0.0	0.0	0.0	0.0	0.0	0.0	0.0	0.0	0.0	0.0	0.0	0.0	-0.2	-1000.0	0.313539103375	0.1	0.0	1000.0	1.0	0.1	0.0	0.0	1000.0	1000.0
5.9	0.0	0.0	0.0	0.0	10.0	0.0	0.0	0.0	0.0	0.0	0.0	0.0	0.0	0.0	0.0	0.0	0.0	0.0	-0.2	-1000.0	0.307331507625	0.1	0.0	1000.0	1.0	0.1	0.0	0.0	1000.0	1000.0
6.0	0.0	0.0	0.0	0.0	10.0	0.0	0.0	0.0	0.0	0.0	0.0	0.0	0.0	0.0	0.0	0.0	0.0	0.0	-0.2	-1000.0	0.301246812797	0.1	0.0	1000.0	1.0	0.1	0.0	0.0	1000.0	1000.0
6.1	0.0	0.0	0.0	0.0	10.0	0.0	0.0	0.0	0.0	0.0	0.0	0.0	0.0	0.0	0.0	0.0	0.0	0.0	-0.2	-1000.0	0.295282585641	0.1	0.0	1000.0	1.0	0.1	0.0	0.0	1000.0	1000.0
6.2	0.0	0.0	0.0	0.0	10.0	0.0	0.0	0.0	0.0	0.0	0.0	0.0	0.0	0.0	0.0	0.0	0.0	0.0	-0.2	-1000.0	0.289436441081	0.1	0.0	1000.0	1.0	0.1	0.0	0.0	1000.0	1000.0
6.3	0.0	0.0	0.0	0.0	10.0	0.0	0.0	0.0	0.0	0.0	0.0	0.0	0.0	0.0	0.0	0.0	0.0	0.0	-0.2	-1000.0	0.283706041261	0.1	0.0	1000.0	1.0	0.1	0.0	0.0	1000.0	1000.0
6.4	0.0	0.0	0.0	0.0	10.0	0.0	0.0	0.0	0.0	0.0	0.0	0.0	0.0	0.0	0.0	0.0	0.0	0.0	-0.2	-1000.0	0.278089094612	0.1	0.0	1000.0	1.0	0.1	0.0	0.0	1000.0	1000.0
6.5	0.0	0.0	0.0	0.0	10.0	0.0	0.0	0.0	0.0	0.0	0.0	0.0	0.0	0.0	0.0	0.0	0.0	0.0	-0.2	-1000.0	0.272583354935	0.1	0.0	1000.0	1.0	0.1	0.0	0.0	1000.0	1000.0
6.6	0.0	0.0	0.0	0.0	10.0	0.0	0.0	0.0	0.0	0.0	0.0	0.0	0.0	0.0	0.0	0.0	0.0	0.0	-0.2	-1000.0	0.267186620501	0.1	0.0	1000.0	1.0	0.1	0.0	0.0	1000.0	1000.0
6.7	0.0	0.0	0.0	0.0	10.0	0.0	0.0	0.0	0.0	0.0	0.0	0.0	0.0	0.0	0.0	0.0	0.0	0.0	-0.2	-1000.0	0.261896733173	0.1	0.0	1000.0	1.0	0.1	0.0	0.0	1000.0	1000.0
6.8	0.0	0.0	0.0	0.0	10.0	0.0	0.0	0.0	0.0	0.0	0.0	0.0	0.0	0.0	0.0	0.0	0.0	0.0	-0.2	-1000.0	0.256711577541	0.1	0.0	1000.0	1.0	0.1	0.0	0.0	1000.0	1000.0
6.9	0.0	0.0	0.0	0.0	10.0	0.0	0.0	0.0	0.0	0.0	0.0	0.0	0.0	0.0	0.0	0.0	0.0	0.0	-0.2	-1000.0	0.251629080078	0.1	0.0	1000.0	1.0	0.1	0.0	0.0	1000.0	1000.0
7.0	0.0	0.0	0.0	0.0	10.0	0.0	0.0	0.0	0.0	0.0	0.0	0.0	0.0	0.0	0.0	0.0	0.0	0.0	-0.2	-1000.0	0.246647208307	0.1	0.0	1000.0	1.0	0.1	0.0	0.0	1000.0	1000.0
7.1	0.0	0.0	0.0	0.0	10.0	0.0	0.0	0.0	0.0	0.0	0.0	0.0	0.0	0.0	0.0	0.0	0.0	0.0	-0.2	-1000.0	0.241763969996	0.1	0.0	1000.0	1.0	0.1	0.0	0.0	1000.0	1000.0
7.2	0.0	0.0	0.0	0.0	10.0	0.0	0.0	0.0	0.0	0.0	0.0	0.0	0.0	0.0	0.0	0.0	0.0	0.0	-0.2	-1000.0	0.23697741235	0.1	0.0	1000.0	1.0	0.1	0.0	0.0	1000.0	1000.0
7.3	0.0	0.0	0.0	0.0	10.0	0.0	0.0	0.0	0.0	0.0	0.0	0.0	0.0	0.0	0.0	0.0	0.0	0.0	-0.2	-1000.0	0.232285621241	0.1	0.0	1000.0	1.0	0.1	0.0	0.0	1000.0	1000.0
7.4	0.0	0.0	0.0	0.0	10.0	0.0	0.0	0.0	0.0	0.0	0.0	0.0	0.0	0.0	0.0	0.0	0.0	0.0	-0.2	-1000.0	0.227686720435	0.1	0.0	1000.0	1.0	0.1	0.0	0.0	1000.0	1000.0
7.5	0.0	0.0	0.0	0.0	10.0	0.0	0.0	0.0	0.0	0.0	0.0	0.0	0.0	0.0	0.0	0.0	0.0	0.0	-0.2	-1000.0	0.223178870848	0.1	0.0	1000.0	1.0	0.1	0.0	0.0	1000.0	1000.0
7.6	0.0	0.0	0.0	0.0	10.0	0.0	0.0	0.0	0.0	0.0	0.0	0.0	0.0	0.0	0.0	0.0	0.0	0.0	-0.2	-1000.0	0.218760269802	0.1	0.0	1000.0	1.0	0.1	0.0	0.0	1000.0	1000.0
7.7	0.0	0.0	0.0	0.0	10.0	0.0	0.0	0.0	0.0	0.0	0.0	0.0	0.0	0.0	0.0	0.0	0.0	0.0	-0.2	-1000.0	0.214429150314	0.1	0.0	1000.0	1.0	0.1	0.0	0.0	1000.0	1000.0
7.8	0.0	0.0	0.0	0.0	10.0	0.0	0.0	0.0	0.0	0.0	0.0	0.0	0.0	0.0	0.0	0.0	0.0	0.0	-0.2	-1000.0	0.210183780382	0.1	0.0	1000.0	1.0	0.1	0.0	0.0	1000.0	1000.0
7.9	0.0	0.0	0.0	0.0	10.0	0.0	0.0	0.0	0.0	0.0	0.0	0.0	0.0	0.0	0.0	0.0	0.0	0.0	-0.2	-1000.0	0.206022462296	0.1	0.0	1000.0	1.0	0.1	0.0	0.0	1000.0	1000.0
8.0	0.0	0.0	0.0	0.0	10.0	0.0	0.0	0.0	0.0	0.0	0.0	0.0	0.0	0.0	0.0	0.0	0.0	0.0	-0.2	-1000.0	0.201943531958	0.1	0.0	1000.0	1.0	0.1	0.0	0.0	1000.0	1000.0
8.1	0.0	0.0	0.0	0.0	10.0	0.0	0.0	0.0	0.0	0.0	0.0	0.0	0.0	0.0	0.0	0.0	0.0	0.0	-0.2	-1000.0	0.197945358215	0.1	0.0	1000.0	1.0	0.1	0.0	0.0	1000.0	1000.0
8.2	0.0	0.0	0.0	0.0	10.0	0.0	0.0	0.0	0.0	0.0	0.0	0.0	0.0	0.0	0.0	0.0	0.0	0.0	-0.2	-1000.0	0.194026342211	0.1	0.0	1000.0	1.0	0.1	0.0	0.0	1000.0	1000.0
8.3	0.0	0.0	0.0	0.0	10.0	0.0	0.0	0.0	0.0	0.0	0.0	0.0	0.0	0.0	0.0	0.0	0.0	0.0	-0.2	-1000.0	0.190184916743	0.1	0.0	1000.0	1.0	0.1	0.0	0.0	1000.0	1000.0
8.4	0.0	0.0	0.0	0.0	10.0	0.0	0.0	0.0	0.0	0.0	0.0	0.0	0.0	0.0	0.0	0.0	0.0	0.0	-0.2	-1000.0	0.186419545636	0.1	0.0	1000.0	1.0	0.1	0.0	0.0	1000.0	1000.0
8.5	0.0	0.0	0.0	0.0	10.0	0.0	0.0	0.0	0.0	0.0	0.0	0.0	0.0	0.0	0.0	0.0	0.0	0.0	-0.2	-1000.0	0.182728723131	0.1	0.0	1000.0	1.0	0.1	0.0	0.0	1000.0	1000.0
8.6	0.0	0.0	0.0	0.0	10.0	0.0	0.0	0.0	0.0	0.0	0.0	0.0	0.0	0.0	0.0	0.0	0.0	0.0	-0.2	-1000.0	0.179110973279	0.1	0.0	1000.0	1.0	0.1	0.0	0.0	1000.0	1000.0
8.7	0.0	0.0	0.0	0.0	10.0	0.0	0.0	0.0	0.0	0.0	0.0	0.0	0.0	0.0	0.0	0.0	0.0	0.0	-0.2	-1000.0	0.175564849354	0.1	0.0	1000.0	1.0	0.1	0.0	0.0	1000.0	1000.0
8.8	0.0	0.0	0.0	0.0	10.0	0.0	0.0	0.0	0.0	0.0	0.0	0.0	0.0	0.0	0.0	0.0	0.0	0.0	-0.2	-1000.0	0.17208893327	0.1	0.0	1000.0	1.0	0.1	0.0	0.0	1000.0	1000.0
8.9	0.0	0.0	0.0	0.0	10.0	0.0	0.0	0.0	0.0	0.0	0.0	0.0	0.0	0.0	0.0	0.0	0.0	0.0	-0.2	-1000.0	0.16868183502	0.1	0.0	1000.0	1.0	0.1	0.0	0.0	1000.0	1000.0
9.0	0.0	0.0	0.0	0.0	10.0	0.0	0.0	0.0	0.0	0.0	0.0	0.0	0.0	0.0	0.0	0.0	0.0	0.0	-0.2	-1000.0	0.165342192116	0.1	0.0	1000.0	1.0	0.1	0.0	0.0	1000.0	1000.0
9.1	0.0	0.0	0.0	0.0	10.0	0.0	0.0	0.0	0.0	0.0	0.0	0.0	0.0	0.0	0.0	0.0	0.0	0.0	-0.2	-1000.0	0.162068669044	0.1	0.0	1000.0	1.0	0.1	0.0	0.0	1000.0	1000.0
9.2	0.0	0.0	0.0	0.0	10.0	0.0	0.0	0.0	0.0	0.0	0.0	0.0	0.0	0.0	0.0	0.0	0.0	0.0	-0.2	-1000.0	0.158859956734	0.1	0.0	1000.0	1.0	0.1	0.0	0.0	1000.0	1000.0
9.3	0.0	0.0	0.0	0.0	10.0	0.0	0.0	0.0	0.0	0.0	0.0	0.0	0.0	0.0	0.0	0.0	0.0	0.0	-0.2	-1000.0	0.15571477203	0.1	0.0	1000.0	1.0	0.1	0.0	0.0	1000.0	1000.0
9.4	0.0	0.0	0.0	0.0	10.0	0.0	0.0	0.0	0.0	0.0	0.0	0.0	0.0	0.0	0.0	0.0	0.0	0.0	-0.2	-1000.0	0.152631857184	0.1	0.0	1000.0	1.0	0.1	0.0	0.0	1000.0	1000.0
9.5	0.0	0.0	0.0	0.0	10.0	0.0	0.0	0.0	0.0	0.0	0.0	0.0	0.0	0.0	0.0	0.0	0.0	0.0	-0.2	-1000.0	0.149609979347	0.1	0.0	1000.0	1.0	0.1	0.0	0.0	1000.0	1000.0
9.6	0.0	0.0	0.0	0.0	10.0	0.0	0.0	0.0	0.0	0.0	0.0	0.0	0.0	0.0	0.0	0.0	0.0	0.0	-0.2	-1000.0	0.14664793008	0.1	0.0	1000.0	1.0	0.1	0.0	0.0	1000.0	1000.0
9.7	0.0	0.0	0.0	0.0	10.0	0.0	0.0	0.0	0.0	0.0	0.0	0.0	0.0	0.0	0.0	0.0	0.0	0.0	-0.2	-1000.0	0.143744524867	0.1	0.0	1000.0	1.0	0.1	0.0	0.0	1000.0	1000.0
9.8	0.0	0.0	0.0	0.0	10.0	0.0	0.0	0.0	0.0	0.0	0.0	0.0	0.0	0.0	0.0	0.0	0.0	0.0	-0.2	-1000.0	0.140898602647	0.1	0.0	1000.0	1.0	0.1	0.0	0.0	1000.0	1000.0
9.9	0.0	0.0	0.0	0.0	10.0	0.0	0.0	0.0	0.0	0.0	0.0	0.0	0.0	0.0	0.0	0.0	0.0	0.0	-0.2	-1000.0	0.138109025343	0.1	0.0	1000.0	1.0	0.1	0.0	0.0	1000.0	1000.0
10.0	0.0	0.0	0.0	0.0	10.0	0.0	0.0	0.0	0.0	0.0	0.0	0.0	0.0	0.0	0.0	0.0	0.0	0.0	-0.2	-1000.0	0.135374677413	0.1	0.0	1000.0	1.0	0.1	0.0	0.0	1000.0	1000.0
10.1	0.0	0.0	0.0	0.0	10.0	0.0	0.0	0.0	0.0	0.0	0.0	0.0	0.0	0.0	0.0	0.0	0.0	0.0	-0.2	-1000.0	0.1326944654	0.1	0.0	1000.0	1.0	0.1	0.0	0.0	1000.0	1000.0
10.2	0.0	0.0	0.0	0.0	10.0	0.0	0.0	0.0	0.0	0.0	0.0	0.0	0.0	0.0	0.0	0.0	0.0	0.0	-0.2	-1000.0	0.130067317493	0.1	0.0	1000.0	1.0	0.1	0.0	0.0	1000.0	1000.0
10.3	0.0	0.0	0.0	0.0	10.0	0.0	0.0	0.0	0.0	0.0	0.0	0.0	0.0	0.0	0.0	0.0	0.0	0.0	-0.2	-1000.0	0.127492183106	0.1	0.0	1000.0	1.0	0.1	0.0	0.0	1000.0	1000.0
10.4	0.0	0.0	0.0	0.0	10.0	0.0	0.0	0.0	0.0	0.0	0.0	0.0	0.0	0.0	0.0	0.0	0.0	0.0	-0.2	-1000.0	0.12496803245	0.1	0.0	1000.0	1.0	0.1	0.0	0.0	1000.0	1000.0
10.5	0.0	0.0	0.0	0.0	10.0	0.0	0.0	0.0	0.0	0.0	0.0	0.0	0.0	0.0	0.0	0.0	0.0	0.0	-0.2	-1000.0	0.122493856125	0.1	0.0	1000.0	1.0	0.1	0.0	0.0	1000.0	1000.0
10.6	0.0	0.0	0.0	0.0	10.0	0.0	0.0	0.0	0.0	0.0	0.0	0.0	0.0	0.0	0.0	0.0	0.0	0.0	-0.2	-1000.0	0.120068664715	0.1	0.0	1000.0	1.0	0.1	0.0	0.0	1000.0	1000.0
10.7	0.0	0.0	0.0	0.0	10.0	0.0	0.0	0.0	0.0	0.0	0.0	0.0	0.0	0.0	0.0	0.0	0.0	0.0	-0.2	-1000.0	0.117691488394	0.1	0.0	1000.0	1.0	0.1	0.0	0.0	1000.0	1000.0
10.8	0.0	0.0	0.0	0.0	10.0	0.0	0.0	0.0	0.0	0.0	0.0	0.0	0.0	0.0	0.0	0.0	0.0	0.0	-0.2	-1000.0	0.115361376536	0.1	0.0	1000.0	1.0	0.1	0.0	0.0	1000.0	1000.0
10.9	0.0	0.0	0.0	0.0	10.0	0.0	0.0	0.0	0.0	0.0	0.0	0.0	0.0	0.0	0.0	0.0	0.0	0.0	-0.2	-1000.0	0.113077397337	0.1	0.0	1000.0	1.0	0.1	0.0	0.0	1000.0	1000.0
11.0	0.0	0.0	0.0	0.0	10.0	0.0	0.0	0.0	0.0	0.0	0.0	0.0	0.0	0.0	0.0	0.0	0.0	0.0	-0.2	-1000.0	0.110838637441	0.1	0.0	1000.0	1.0	0.1	0.0	0.0	1000.0	1000.0
11.1	0.0	0.0	0.0	0.0	10.0	0.0	0.0	0.0	0.0	0.0	0.0	0.0	0.0	0.0	0.0	0.0	0.0	0.0	-0.2	-1000.0	0.108644201574	0.1	0.0	1000.0	1.0	0.1	0.0	0.0	1000.0	1000.0
11.2	0.0	0.0	0.0	0.0	10.0	0.0	0.0	0.0	0.0	0.0	0.0	0.0	0.0	0.0	0.0	0.0	0.0	0.0	-0.2	-1000.0	0.106493212188	0.1	0.0	1000.0	1.0	0.1	0.0	0.0	1000.0	1000.0
11.3	0.0	0.0	0.0	0.0	10.0	0.0	0.0	0.0	0.0	0.0	0.0	0.0	0.0	0.0	0.0	0.0	0.0	0.0	-0.2	-1000.0	0.104384809109	0.1	0.0	1000.0	1.0	0.1	0.0	0.0	1000.0	1000.0
11.4	0.0	0.0	0.0	0.0	10.0	0.0	0.0	0.0	0.0	0.0	0.0	0.0	0.0	0.0	0.0	0.0	0.0	0.0	-0.2	-1000.0	0.102318149194	0.1	0.0	1000.0	1.0	0.1	0.0	0.0	1000.0	1000.0
11.5	0.0	0.0	0.0	0.0	10.0	0.0	0.0	0.0	0.0	0.0	0.0	0.0	0.0	0.0	0.0	0.0	0.0	0.0	-0.2	-1000.0	0.100292405991	0.1	0.0	1000.0	1.0	0.1	0.0	0.0	1000.0	1000.0
11.6	0.0	0.0	0.0	0.0	10.0	0.0	0.0	0.0	0.0	0.0	0.0	0.0	0.0	0.0	0.0	0.0	0.0	0.0	-0.2	-1000.0	0.0983067694122	0.1	0.0	1000.0	1.0	0.1	0.0	0.0	1000.0	1000.0
11.7	0.0	0.0	0.0	0.0	10.0	0.0	0.0	0.0	0.0	0.0	0.0	0.0	0.0	0.0	0.0	0.0	0.0	0.0	-0.2	-1000.0	0.0963604454072	0.1	0.0	1000.0	1.0	0.1	0.0	0.0	1000.0	1000.0
11.8	0.0	0.0	0.0	0.0	10.0	0.0	0.0	0.0	0.0	0.0	0.0	0.0	0.0	0.0	0.0	0.0	0.0	0.0	-0.2	-1000.0	0.0944526556471	0.1	0.0	1000.0	1.0	0.1	0.0	0.0	1000.0	1000.0
11.9	0.0	0.0	0.0	0.0	10.0	0.0	0.0	0.0	0.0	0.0	0.0	0.0	0.0	0.0	0.0	0.0	0.0	0.0	-0.2	-1000.0	0.0925826372129	0.1	0.0	1000.0	1.0	0.1	0.0	0.0	1000.0	1000.0
12.0	0.0	0.0	0.0	0.0	10.0	0.0	0.0	0.0	0.0	0.0	0.0	0.0	0.0	0.0	0.0	0.0	0.0	0.0	-0.2	-1000.0	0.0907496422898	0.1	0.0	1000.0	1.0	0.1	0.0	0.0	1000.0	1000.0
12.1	0.0	0.0	0.0	0.0	10.0	0.0	0.0	0.0	0.0	0.0	0.0	0.0	0.0	0.0	0.0	0.0	0.0	0.0	-0.2	-1000.0	0.0889529378688	0.1	0.0	1000.0	1.0	0.1	0.0	0.0	1000.0	1000.0
12.2	0.0	0.0	0.0	0.0	10.0	0.0	0.0	0.0	0.0	0.0	0.0	0.0	0.0	0.0	0.0	0.0	0.0	0.0	-0.2	-1000.0	0.0871918054534	0.1	0.0	1000.0	1.0	0.1	0.0	0.0	1000.0	1000.0
12.3	0.0	0.0	0.0	0.0	10.0	0.0	0.0	0.0	0.0	0.0	0.0	0.0	0.0	0.0	0.0	0.0	0.0	0.0	-0.2	-1000.0	0.0854655407722	0.1	0.0	1000.0	1.0	0.1	0.0	0.0	1000.0	1000.0
12.4	0.0	0.0	0.0	0.0	10.0	0.0	0.0	0.0	0.0	0.0	0.0	0.0	0.0	0.0	0.0	0.0	0.0	0.0	-0.2	-1000.0	0.0837734534972	0.1	0.0	1000.0	1.0	0.1	0.0	0.0	1000.0	1000.0
12.5	0.0	0.0	0.0	0.0	10.0	0.0	0.0	0.0	0.0	0.0	0.0	0.0	0.0	0.0	0.0	0.0	0.0	0.0	-0.2	-1000.0	0.0821148669679	0.1	0.0	1000.0	1.0	0.1	0.0	0.0	1000.0	1000.0
12.6	0.0	0.0	0.0	0.0	10.0	0.0	0.0	0.0	0.0	0.0	0.0	0.0	0.0	0.0	0.0	0.0	0.0	0.0	-0.2	-1000.0	0.0804891179207	0.1	0.0	1000.0	1.0	0.1	0.0	0.0	1000.0	1000.0
12.7	0.0	0.0	0.0	0.0	10.0	0.0	0.0	0.0	0.0	0.0	0.0	0.0	0.0	0.0	0.0	0.0	0.0	0.0	-0.2	-1000.0	0.0788955562236	0.1	0.0	1000.0	1.0	0.1	0.0	0.0	1000.0	1000.0
12.8	0.0	0.0	0.0	0.0	10.0	0.0	0.0	0.0	0.0	0.0	0.0	0.0	0.0	0.0	0.0	0.0	0.0	0.0	-0.2	-1000.0	0.0773335446161	0.1	0.0	1000.0	1.0	0.1	0.0	0.0	1000.0	1000.0
12.9	0.0	0.0	0.0	0.0	10.0	0.0	0.0	0.0	0.0	0.0	0.0	0.0	0.0	0.0	0.0	0.0	0.0	0.0	-0.2	-1000.0	0.0758024584547	0.1	0.0	1000.0	1.0	0.1	0.0	0.0	1000.0	1000.0
13.0	0.0	0.0	0.0	0.0	10.0	0.0	0.0	0.0	0.0	0.0	0.0	0.0	0.0	0.0	0.0	0.0	0.0	0.0	-0.2	-1000.0	0.0743016854627	0.1	0.0	1000.0	1.0	0.1	0.0	0.0	1000.0	1000.0
13.1	0.0	0.0	0.0	0.0	10.0	0.0	0.0	0.0	0.0	0.0	0.0	0.0	0.0	0.0	0.0	0.0	0.0	0.0	-0.2	-1000.0	0.0728306254856	0.1	0.0	1000.0	1.0	0.1	0.0	0.0	1000.0	1000.0
13.2	0.0	0.0	0.0	0.0	10.0	0.0	0.0	0.0	0.0	0.0	0.0	0.0	0.0	0.0	0.0	0.0	0.0	0.0	-0.2	-1000.0	0.071388690251	0.1	0.0	1000.0	1.0	0.1	0.0	0.0	1000.0	1000.0
13.3	0.0	0.0	0.0	0.0	10.0	0.0	0.0	0.0	0.0	0.0	0.0	0.0	0.0	0.0	0.0	0.0	0.0	0.0	-0.2	-1000.0	0.0699753031336	0.1	0.0	1000.0	1.0	0.1	0.0	0.0	1000.0	1000.0
13.4	0.0	0.0	0.0	0.0	10.0	0.0	0.0	0.0	0.0	0.0	0.0	0.0	0.0	0.0	0.0	0.0	0.0	0.0	-0.2	-1000.0	0.068589898924	0.1	0.0	1000.0	1.0	0.1	0.0	0.0	1000.0	1000.0
13.5	0.0	0.0	0.0	0.0	10.0	0.0	0.0	0.0	0.0	0.0	0.0	0.0	0.0	0.0	0.0	0.0	0.0	0.0	-0.2	-1000.0	0.0672319236036	0.1	0.0	1000.0	1.0	0.1	0.0	0.0	1000.0	1000.0
13.6	0.0	0.0	0.0	0.0	10.0	0.0	0.0	0.0	0.0	0.0	0.0	0.0	0.0	0.0	0.0	0.0	0.0	0.0	-0.2	-1000.0	0.0659008341221	0.1	0.0	1000.0	1.0	0.1	0.0	0.0	1000.0	1000.0
13.7	0.0	0.0	0.0	0.0	10.0	0.0	0.0	0.0	0.0	0.0	0.0	0.0	0.0	0.0	0.0	0.0	0.0	0.0	-0.2	-1000.0	0.0645960981809	0.1	0.0	1000.0	1.0	0.1	0.0	0.0	1000.0	1000.0
13.8	0.0	0.0	0.0	0.0	10.0	0.0	0.0	0.0	0.0	0.0	0.0	0.0	0.0	0.0	0.0	0.0	0.0	0.0	-0.2	-1000.0	0.0633171940202	0.1	0.0	1000.0	1.0	0.1	0.0	0.0	1000.0	1000.0
13.9	0.0	0.0	0.0	0.0	10.0	0.0	0.0	0.0	0.0	0.0	0.0	0.0	0.0	0.0	0.0	0.0	0.0	0.0	-0.2	-1000.0	0.0620636102102	0.1	0.0	1000.0	1.0	0.1	0.0	0.0	1000.0	1000.0
14.0	0.0	0.0	0.0	0.0	10.0	0.0	0.0	0.0	0.0	0.0	0.0	0.0	0.0	0.0	0.0	0.0	0.0	0.0	-0.2	-1000.0	0.0608348454465	0.1	0.0	1000.0	1.0	0.1	0.0	0.0	1000.0	1000.0
14.1	0.0	0.0	0.0	0.0	10.0	0.0	0.0	0.0	0.0	0.0	0.0	0.0	0.0	0.0	0.0	0.0	0.0	0.0	-0.2	-1000.0	0.0596304083499	0.1	0.0	1000.0	1.0	0.1	0.0	0.0	1000.0	1000.0
14.2	0.0	0.0	0.0	0.0	10.0	0.0	0.0	0.0	0.0	0.0	0.0	0.0	0.0	0.0	0.0	0.0	0.0	0.0	-0.2	-1000.0	0.0584498172697	0.1	0.0	1000.0	1.0	0.1	0.0	0.0	1000.0	1000.0
14.3	0.0	0.0	0.0	0.0	10.0	0.0	0.0	0.0	0.0	0.0	0.0	0.0	0.0	0.0	0.0	0.0	0.0	0.0	-0.2	-1000.0	0.0572926000911	0.1	0.0	1000.0	1.0	0.1	0.0	0.0	1000.0	1000.0
14.4	0.0	0.0	0.0	0.0	10.0	0.0	0.0	0.0	0.0	0.0	0.0	0.0	0.0	0.0	0.0	0.0	0.0	0.0	-0.2	-1000.0	0.0561582940467	0.1	0.0	1000.0	1.0	0.1	0.0	0.0	1000.0	1000.0
14.5	0.0	0.0	0.0	0.0	10.0	0.0	0.0	0.0	0.0	0.0	0.0	0.0	0.0	0.0	0.0	0.0	0.0	0.0	-0.2	-1000.0	0.0550464455309	0.1	0.0	1000.0	1.0	0.1	0.0	0.0	1000.0	1000.0
14.6	0.0	0.0	0.0	0.0	10.0	0.0	0.0	0.0	0.0	0.0	0.0	0.0	0.0	0.0	0.0	0.0	0.0	0.0	-0.2	-1000.0	0.0539566099189	0.1	0.0	1000.0	1.0	0.1	0.0	0.0	1000.0	1000.0
14.7	0.0	0.0	0.0	0.0	10.0	0.0	0.0	0.0	0.0	0.0	0.0	0.0	0.0	0.0	0.0	0.0	0.0	0.0	-0.2	-1000.0	0.0528883513888	0.1	0.0	1000.0	1.0	0.1	0.0	0.0	1000.0	1000.0
14.8	0.0	0.0	0.0	0.0	10.0	0.0	0.0	0.0	0.0	0.0	0.0	0.0	0.0	0.0	0.0	0.0	0.0	0.0	-0.2	-1000.0	0.0518412427473	0.1	0.0	1000.0	1.0	0.1	0.0	0.0	1000.0	1000.0
14.9	0.0	0.0	0.0	0.0	10.0	0.0	0.0	0.0	0.0	0.0	0.0	0.0	0.0	0.0	0.0	0.0	0.0	0.0	-0.2	-1000.0	0.050814865259	0.1	0.0	1000.0	1.0	0.1	0.0	0.0	1000.0	1000.0
15.0	0.0	0.0	0.0	0.0	10.0	0.0	0.0	0.0	0.0	0.0	0.0	0.0	0.0	0.0	0.0	0.0	0.0	0.0	-0.2	-1000.0	0.0498088084785	0.1	0.0	1000.0	1.0	0.1	0.0	0.0	1000.0	1000.0
15.1	0.0	0.0	0.0	0.0	10.0	0.0	0.0	0.0	0.0	0.0	0.0	0.0	0.0	0.0	0.0	0.0	0.0	0.0	-0.2	-1000.0	0.048822670087	0.1	0.0	1000.0	1.0	0.1	0.0	0.0	1000.0	1000.0
15.2	0.0	0.0	0.0	0.0	10.0	0.0	0.0	0.0	0.0	0.0	0.0	0.0	0.0	0.0	0.0	0.0	0.0	0.0	-0.2	-1000.0	0.0478560557306	0.1	0.0	1000.0	1.0	0.1	0.0	0.0	1000.0	1000.0
15.3	0.0	0.0	0.0	0.0	10.0	0.0	0.0	0.0	0.0	0.0	0.0	0.0	0.0	0.0	0.0	0.0	0.0	0.0	-0.2	-1000.0	0.0469085788634	0.1	0.0	1000.0	1.0	0.1	0.0	0.0	1000.0	1000.0
15.4	0.0	0.0	0.0	0.0	10.0	0.0	0.0	0.0	0.0	0.0	0.0	0.0	0.0	0.0	0.0	0.0	0.0	0.0	-0.2	-1000.0	0.0459798605921	0.1	0.0	1000.0	1.0	0.1	0.0	0.0	1000.0	1000.0
15.5	0.0	0.0	0.0	0.0	10.0	0.0	0.0	0.0	0.0	0.0	0.0	0.0	0.0	0.0	0.0	0.0	0.0	0.0	-0.2	-1000.0	0.0450695295254	0.1	0.0	1000.0	1.0	0.1	0.0	0.0	1000.0	1000.0
15.6	0.0	0.0	0.0	0.0	10.0	0.0	0.0	0.0	0.0	0.0	0.0	0.0	0.0	0.0	0.0	0.0	0.0	0.0	-0.2	-1000.0	0.0441772216244	0.1	0.0	1000.0	1.0	0.1	0.0	0.0	1000.0	1000.0
15.7	0.0	0.0	0.0	0.0	10.0	0.0	0.0	0.0	0.0	0.0	0.0	0.0	0.0	0.0	0.0	0.0	0.0	0.0	-0.2	-1000.0	0.0433025800582	0.1	0.0	1000.0	1.0	0.1	0.0	0.0	1000.0	1000.0
15.8	0.0	0.0	0.0	0.0	10.0	0.0	0.0	0.0	0.0	0.0	0.0	0.0	0.0	0.0	0.0	0.0	0.0	0.0	-0.2	-1000.0	0.0424452550602	0.1	0.0	1000.0	1.0	0.1	0.0	0.0	1000.0	1000.0
15.9	0.0	0.0	0.0	0.0	10.0	0.0	0.0	0.0	0.0	0.0	0.0	0.0	0.0	0.0	0.0	0.0	0.0	0.0	-0.2	-1000.0	0.0416049037888	0.1	0.0	1000.0	1.0	0.1	0.0	0.0	1000.0	1000.0
16.0	0.0	0.0	0.0	0.0	10.0	0.0	0.0	0.0	0.0	0.0	0.0	0.0	0.0	0.0	0.0	0.0	0.0	0.0	-0.2	-1000.0	0.04078119019	0.1	0.0	1000.0	1.0	0.1	0.0	0.0	1000.0	1000.0
16.1	0.0	0.0	0.0	0.0	10.0	0.0	0.0	0.0	0.0	0.0	0.0	0.0	0.0	0.0	0.0	0.0	0.0	0.0	-0.2	-1000.0	0.0399737848635	0.1	0.0	1000.0	1.0	0.1	0.0	0.0	1000.0	1000.0
16.2	0.0	0.0	0.0	0.0	10.0	0.0	0.0	0.0	0.0	0.0	0.0	0.0	0.0	0.0	0.0	0.0	0.0	0.0	-0.2	-1000.0	0.0391823649302	0.1	0.0	1000.0	1.0	0.1	0.0	0.0	1000.0	1000.0
16.3	0.0	0.0	0.0	0.0	10.0	0.0	0.0	0.0	0.0	0.0	0.0	0.0	0.0	0.0	0.0	0.0	0.0	0.0	-0.2	-1000.0	0.0384066139039	0.1	0.0	1000.0	1.0	0.1	0.0	0.0	1000.0	1000.0
16.4	0.0	0.0	0.0	0.0	10.0	0.0	0.0	0.0	0.0	0.0	0.0	0.0	0.0	0.0	0.0	0.0	0.0	0.0	-0.2	-1000.0	0.0376462215639	0.1	0.0	1000.0	1.0	0.1	0.0	0.0	1000.0	1000.0
16.5	0.0	0.0	0.0	0.0	10.0	0.0	0.0	0.0	0.0	0.0	0.0	0.0	0.0	0.0	0.0	0.0	0.0	0.0	-0.2	-1000.0	0.0369008838319	0.1	0.0	1000.0	1.0	0.1	0.0	0.0	1000.0	1000.0
16.6	0.0	0.0	0.0	0.0	10.0	0.0	0.0	0.0	0.0	0.0	0.0	0.0	0.0	0.0	0.0	0.0	0.0	0.0	-0.2	-1000.0	0.0361703026495	0.1	0.0	1000.0	1.0	0.1	0.0	0.0	1000.0	1000.0
16.7	0.0	0.0	0.0	0.0	10.0	0.0	0.0	0.0	0.0	0.0	0.0	0.0	0.0	0.0	0.0	0.0	0.0	0.0	-0.2	-1000.0	0.0354541858596	0.1	0.0	1000.0	1.0	0.1	0.0	0.0	1000.0	1000.0
16.8	0.0	0.0	0.0	0.0	10.0	0.0	0.0	0.0	0.0	0.0	0.0	0.0	0.0	0.0	0.0	0.0	0.0	0.0	-0.2	-1000.0	0.0347522470892	0.1	0.0	1000.0	1.0	0.1	0.0	0.0	1000.0	1000.0
16.9	0.0	0.0	0.0	0.0	10.0	0.0	0.0	0.0	0.0	0.0	0.0	0.0	0.0	0.0	0.0	0.0	0.0	0.0	-0.2	-1000.0	0.0340642056352	0.1	0.0	1000.0	1.0	0.1	0.0	0.0	1000.0	1000.0
17.0	0.0	0.0	0.0	0.0	10.0	0.0	0.0	0.0	0.0	0.0	0.0	0.0	0.0	0.0	0.0	0.0	0.0	0.0	-0.2	-1000.0	0.0333897863521	0.1	0.0	1000.0	1.0	0.1	0.0	0.0	1000.0	1000.0
17.1	0.0	0.0	0.0	0.0	10.0	0.0	0.0	0.0	0.0	0.0	0.0	0.0	0.0	0.0	0.0	0.0	0.0	0.0	-0.2	-1000.0	0.0327287195414	0.1	0.0	1000.0	1.0	0.1	0.0	0.0	1000.0	1000.0
17.2	0.0	0.0	0.0	0.0	10.0	0.0	0.0	0.0	0.0	0.0	0.0	0.0	0.0	0.0	0.0	0.0	0.0	0.0	-0.2	-1000.0	0.0320807408448	0.1	0.0	1000.0	1.0	0.1	0.0	0.0	1000.0	1000.0
17.3	0.0	0.0	0.0	0.0	10.0	0.0	0.0	0.0	0.0	0.0	0.0	0.0	0.0	0.0	0.0	0.0	0.0	0.0	-0.2	-1000.0	0.0314455911375	0.1	0.0	1000.0	1.0	0.1	0.0	0.0	1000.0	1000.0
17.4	0.0	0.0	0.0	0.0	10.0	0.0	0.0	0.0	0.0	0.0	0.0	0.0	0.0	0.0	0.0	0.0	0.0	0.0	-0.2	-1000.0	0.0308230164251	0.1	0.0	1000.0	1.0	0.1	0.0	0.0	1000.0	1000.0
17.5	0.0	0.0	0.0	0.0	10.0	0.0	0.0	0.0	0.0	0.0	0.0	0.0	0.0	0.0	0.0	0.0	0.0	0.0	-0.2	-1000.0	0.0302127677419	0.1	0.0	1000.0	1.0	0.1	0.0	0.0	1000.0	1000.0
17.6	0.0	0.0	0.0	0.0	10.0	0.0	0.0	0.0	0.0	0.0	0.0	0.0	0.0	0.0	0.0	0.0	0.0	0.0	-0.2	-1000.0	0.0296146010513	0.1	0.0	1000.0	1.0	0.1	0.0	0.0	1000.0	1000.0
17.7	0.0	0.0	0.0	0.0	10.0	0.0	0.0	0.0	0.0	0.0	0.0	0.0	0.0	0.0	0.0	0.0	0.0	0.0	-0.2	-1000.0	0.0290282771483	0.1	0.0	1000.0	1.0	0.1	0.0	0.0	1000.0	1000.0
17.8	0.0	0.0	0.0	0.0	10.0	0.0	0.0	0.0	0.0	0.0	0.0	0.0	0.0	0.0	0.0	0.0	0.0	0.0	-0.2	-1000.0	0.0284535615638	0.1	0.0	1000.0	1.0	0.1	0.0	0.0	1000.0	1000.0
17.9	0.0	0.0	0.0	0.0	10.0	0.0	0.0	0.0	0.0	0.0	0.0	0.0	0.0	0.0	0.0	0.0	0.0	0.0	-0.2	-1000.0	0.0278902244708	0.1	0.0	1000.0	1.0	0.1	0.0	0.0	1000.0	1000.0
18.0	0.0	0.0	0.0	0.0	10.0	0.0	0.0	0.0	0.0	0.0	0.0	0.0	0.0	0.0	0.0	0.0	0.0	0.0	-0.2	-1000.0	0.0273380405925	0.1	0.0	1000.0	1.0	0.1	0.0	0.0	1000.0	1000.0
18.1	0.0	0.0	0.0	0.0	10.0	0.0	0.0	0.0	0.0	0.0	0.0	0.0	0.0	0.0	0.0	0.0	0.0	0.0	-0.2	-1000.0	0.0267967891123	0.1	0.0	1000.0	1.0	0.1	0.0	0.0	1000.0	1000.0
18.2	0.0	0.0	0.0	0.0	10.0	0.0	0.0	0.0	0.0	0.0	0.0	0.0	0.0	0.0	0.0	0.0	0.0	0.0	-0.2	-1000.0	0.0262662535855	0.1	0.0	1000.0	1.0	0.1	0.0	0.0	1000.0	1000.0
18.3	0.0	0.0	0.0	0.0	10.0	0.0	0.0	0.0	0.0	0.0	0.0	0.0	0.0	0.0	0.0	0.0	0.0	0.0	-0.2	-1000.0	0.0257462218524	0.1	0.0	1000.0	1.0	0.1	0.0	0.0	1000.0	1000.0
18.4	0.0	0.0	0.0	0.0	10.0	0.0	0.0	0.0	0.0	0.0	0.0	0.0	0.0	0.0	0.0	0.0	0.0	0.0	-0.2	-1000.0	0.0252364859539	0.1	0.0	1000.0	1.0	0.1	0.0	0.0	1000.0	1000.0
18.5	0.0	0.0	0.0	0.0	10.0	0.0	0.0	0.0	0.0	0.0	0.0	0.0	0.0	0.0	0.0	0.0	0.0	0.0	-0.2	-1000.0	0.0247368420484	0.1	0.0	1000.0	1.0	0.1	0.0	0.0	1000.0	1000.0
18.6	0.0	0.0	0.0	0.0	10.0	0.0	0.0	0.0	0.0	0.0	0.0	0.0	0.0	0.0	0.0	0.0	0.0	0.0	-0.2	-1000.0	0.0242470903297	0.1	0.0	1000.0	1.0	0.1	0.0	0.0	1000.0	1000.0
18.7	0.0	0.0	0.0	0.0	10.0	0.0	0.0	0.0	0.0	0.0	0.0	0.0	0.0	0.0	0.0	0.0	0.0	0.0	-0.2	-1000.0	0.0237670349476	0.1	0.0	1000.0	1.0	0.1	0.0	0.0	1000.0	1000.0
18.8	0.0	0.0	0.0	0.0	10.0	0.0	0.0	0.0	0.0	0.0	0.0	0.0	0.0	0.0	0.0	0.0	0.0	0.0	-0.2	-1000.0	0.0232964839295	0.1	0.0	1000.0	1.0	0.1	0.0	0.0	1000.0	1000.0
18.9	0.0	0.0	0.0	0.0	10.0	0.0	0.0	0.0	0.0	0.0	0.0	0.0	0.0	0.0	0.0	0.0	0.0	0.0	-0.2	-1000.0	0.0228352491034	0.1	0.0	1000.0	1.0	0.1	0.0	0.0	1000.0	1000.0
19.0	0.0	0.0	0.0	0.0	10.0	0.0	0.0	0.0	0.0	0.0	0.0	0.0	0.0	0.0	0.0	0.0	0.0	0.0	-0.2	-1000.0	0.022383146023	0.1	0.0	1000.0	1.0	0.1	0.0	0.0	1000.0	1000.0
19.1	0.0	0.0	0.0	0.0	10.0	0.0	0.0	0.0	0.0	0.0	0.0	0.0	0.0	0.0	0.0	0.0	0.0	0.0	-0.2	-1000.0	0.0219399938936	0.1	0.0	1000.0	1.0	0.1	0.0	0.0	1000.0	1000.0
19.2	0.0	0.0	0.0	0.0	10.0	0.0	0.0	0.0	0.0	0.0	0.0	0.0	0.0	0.0	0.0	0.0	0.0	0.0	-0.2	-1000.0	0.0215056155	0.1	0.0	1000.0	1.0	0.1	0.0	0.0	1000.0	1000.0
19.3	0.0	0.0	0.0	0.0	10.0	0.0	0.0	0.0	0.0	0.0	0.0	0.0	0.0	0.0	0.0	0.0	0.0	0.0	-0.2	-1000.0	0.0210798371358	0.1	0.0	1000.0	1.0	0.1	0.0	0.0	1000.0	1000.0
19.4	0.0	0.0	0.0	0.0	10.0	0.0	0.0	0.0	0.0	0.0	0.0	0.0	0.0	0.0	0.0	0.0	0.0	0.0	-0.2	-1000.0	0.0206624885334	0.1	0.0	1000.0	1.0	0.1	0.0	0.0	1000.0	1000.0
19.5	0.0	0.0	0.0	0.0	10.0	0.0	0.0	0.0	0.0	0.0	0.0	0.0	0.0	0.0	0.0	0.0	0.0	0.0	-0.2	-1000.0	0.0202534027964	0.1	0.0	1000.0	1.0	0.1	0.0	0.0	1000.0	1000.0
19.6	0.0	0.0	0.0	0.0	10.0	0.0	0.0	0.0	0.0	0.0	0.0	0.0	0.0	0.0	0.0	0.0	0.0	0.0	-0.2	-1000.0	0.0198524163326	0.1	0.0	1000.0	1.0	0.1	0.0	0.0	1000.0	1000.0
19.7	0.0	0.0	0.0	0.0	10.0	0.0	0.0	0.0	0.0	0.0	0.0	0.0	0.0	0.0	0.0	0.0	0.0	0.0	-0.2	-1000.0	0.019459368789	0.1	0.0	1000.0	1.0	0.1	0.0	0.0	1000.0	1000.0
19.8	0.0	0.0	0.0	0.0	10.0	0.0	0.0	0.0	0.0	0.0	0.0	0.0	0.0	0.0	0.0	0.0	0.0	0.0	-0.2	-1000.0	0.0190741029868	0.1	0.0	1000.0	1.0	0.1	0.0	0.0	1000.0	1000.0
19.9	0.0	0.0	0.0	0.0	10.0	0.0	0.0	0.0	0.0	0.0	0.0	0.0	0.0	0.0	0.0	0.0	0.0	0.0	-0.2	-1000.0	0.0186964648596	0.1	0.0	1000.0	1.0	0.1	0.0	0.0	1000.0	1000.0
20.0	0.0	0.0	0.0	0.0	10.0	0.0	0.0	0.0	0.0	0.0	0.0	0.0	0.0	0.0	0.0	0.0	0.0	0.0	-0.2	-1000.0	0.018326303391	0.1	0.0	1000.0	1.0	0.1	0.0	0.0	1000.0	1000.0
20.1	0.0	0.0	0.0	0.0	10.0	0.0	0.0	0.0	0.0	0.0	0.0	0.0	0.0	0.0	0.0	0.0	0.0	0.0	-0.2	-1000.0	0.0179634705545	0.1	0.0	1000.0	1.0	0.1	0.0	0.0	1000.0	1000.0
20.2	0.0	0.0	0.0	0.0	10.0	0.0	0.0	0.0	0.0	0.0	0.0	0.0	0.0	0.0	0.0	0.0	0.0	0.0	-0.2	-1000.0	0.0176078212545	0.1	0.0	1000.0	1.0	0.1	0.0	0.0	1000.0	1000.0
20.3	0.0	0.0	0.0	0.0	10.0	0.0	0.0	0.0	0.0	0.0	0.0	0.0	0.0	0.0	0.0	0.0	0.0	0.0	-0.2	-1000.0	0.0172592132679	0.1	0.0	1000.0	1.0	0.1	0.0	0.0	1000.0	1000.0
20.4	0.0	0.0	0.0	0.0	10.0	0.0	0.0	0.0	0.0	0.0	0.0	0.0	0.0	0.0	0.0	0.0	0.0	0.0	-0.2	-1000.0	0.0169175071874	0.1	0.0	1000.0	1.0	0.1	0.0	0.0	1000.0	1000.0
20.5	0.0	0.0	0.0	0.0	10.0	0.0	0.0	0.0	0.0	0.0	0.0	0.0	0.0	0.0	0.0	0.0	0.0	0.0	-0.2	-1000.0	0.0165825663658	0.1	0.0	1000.0	1.0	0.1	0.0	0.0	1000.0	1000.0
20.6	0.0	0.0	0.0	0.0	10.0	0.0	0.0	0.0	0.0	0.0	0.0	0.0	0.0	0.0	0.0	0.0	0.0	0.0	-0.2	-1000.0	0.0162542568613	0.1	0.0	1000.0	1.0	0.1	0.0	0.0	1000.0	1000.0
20.7	0.0	0.0	0.0	0.0	10.0	0.0	0.0	0.0	0.0	0.0	0.0	0.0	0.0	0.0	0.0	0.0	0.0	0.0	-0.2	-1000.0	0.015932447384	0.1	0.0	1000.0	1.0	0.1	0.0	0.0	1000.0	1000.0
20.8	0.0	0.0	0.0	0.0	10.0	0.0	0.0	0.0	0.0	0.0	0.0	0.0	0.0	0.0	0.0	0.0	0.0	0.0	-0.2	-1000.0	0.0156170092432	0.1	0.0	1000.0	1.0	0.1	0.0	0.0	1000.0	1000.0
20.9	0.0	0.0	0.0	0.0	10.0	0.0	0.0	0.0	0.0	0.0	0.0	0.0	0.0	0.0	0.0	0.0	0.0	0.0	-0.2	-1000.0	0.0153078162962	0.1	0.0	1000.0	1.0	0.1	0.0	0.0	1000.0	1000.0
21.0	0.0	0.0	0.0	0.0	10.0	0.0	0.0	0.0	0.0	0.0	0.0	0.0	0.0	0.0	0.0	0.0	0.0	0.0	-0.2	-1000.0	0.0150047448977	0.1	0.0	1000.0	1.0	0.1	0.0	0.0	1000.0	1000.0
21.1	0.0	0.0	0.0	0.0	10.0	0.0	0.0	0.0	0.0	0.0	0.0	0.0	0.0	0.0	0.0	0.0	0.0	0.0	-0.2	-1000.0	0.0147076738503	0.1	0.0	1000.0	1.0	0.1	0.0	0.0	1000.0	1000.0
21.2	0.0	0.0	0.0	0.0	10.0	0.0	0.0	0.0	0.0	0.0	0.0	0.0	0.0	0.0	0.0	0.0	0.0	0.0	-0.2	-1000.0	0.0144164843564	0.1	0.0	1000.0	1.0	0.1	0.0	0.0	1000.0	1000.0
21.3	0.0	0.0	0.0	0.0	10.0	0.0	0.0	0.0	0.0	0.0	0.0	0.0	0.0	0.0	0.0	0.0	0.0	0.0	-0.2	-1000.0	0.01413105997	0.1	0.0	1000.0	1.0	0.1	0.0	0.0	1000.0	1000.0
21.4	0.0	0.0	0.0	0.0	10.0	0.0	0.0	0.0	0.0	0.0	0.0	0.0	0.0	0.0	0.0	0.0	0.0	0.0	-0.2	-1000.0	0.0138512865509	0.1	0.0	1000.0	1.0	0.1	0.0	0.0	1000.0	1000.0
21.5	0.0	0.0	0.0	0.0	10.0	0.0	0.0	0.0	0.0	0.0	0.0	0.0	0.0	0.0	0.0	0.0	0.0	0.0	-0.2	-1000.0	0.0135770522185	0.1	0.0	1000.0	1.0	0.1	0.0	0.0	1000.0	1000.0
21.6	0.0	0.0	0.0	0.0	10.0	0.0	0.0	0.0	0.0	0.0	0.0	0.0	0.0	0.0	0.0	0.0	0.0	0.0	-0.2	-1000.0	0.0133082473074	0.1	0.0	1000.0	1.0	0.1	0.0	0.0	1000.0	1000.0
21.7	0.0	0.0	0.0	0.0	10.0	0.0	0.0	0.0	0.0	0.0	0.0	0.0	0.0	0.0	0.0	0.0	0.0	0.0	-0.2	-1000.0	0.0130447643234	0.1	0.0	1000.0	1.0	0.1	0.0	0.0	1000.0	1000.0
21.8	0.0	0.0	0.0	0.0	10.0	0.0	0.0	0.0	0.0	0.0	0.0	0.0	0.0	0.0	0.0	0.0	0.0	0.0	-0.2	-1000.0	0.0127864979003	0.1	0.0	1000.0	1.0	0.1	0.0	0.0	1000.0	1000.0
21.9	0.0	0.0	0.0	0.0	10.0	0.0	0.0	0.0	0.0	0.0	0.0	0.0	0.0	0.0	0.0	0.0	0.0	0.0	-0.2	-1000.0	0.0125333447582	0.1	0.0	1000.0	1.0	0.1	0.0	0.0	1000.0	1000.0
22.0	0.0	0.0	0.0	0.0	10.0	0.0	0.0	0.0	0.0	0.0	0.0	0.0	0.0	0.0	0.0	0.0	0.0	0.0	-0.2	-1000.0	0.012285203662	0.1	0.0	1000.0	1.0	0.1	0.0	0.0	1000.0	1000.0
22.1	0.0	0.0	0.0	0.0	10.0	0.0	0.0	0.0	0.0	0.0	0.0	0.0	0.0	0.0	0.0	0.0	0.0	0.0	-0.2	-1000.0	0.0120419753808	0.1	0.0	1000.0	1.0	0.1	0.0	0.0	1000.0	1000.0
22.2	0.0	0.0	0.0	0.0	10.0	0.0	0.0	0.0	0.0	0.0	0.0	0.0	0.0	0.0	0.0	0.0	0.0	0.0	-0.2	-1000.0	0.0118035626484	0.1	0.0	1000.0	1.0	0.1	0.0	0.0	1000.0	1000.0
22.3	0.0	0.0	0.0	0.0	10.0	0.0	0.0	0.0	0.0	0.0	0.0	0.0	0.0	0.0	0.0	0.0	0.0	0.0	-0.2	-1000.0	0.0115698701243	0.1	0.0	1000.0	1.0	0.1	0.0	0.0	1000.0	1000.0
22.4	0.0	0.0	0.0	0.0	10.0	0.0	0.0	0.0	0.0	0.0	0.0	0.0	0.0	0.0	0.0	0.0	0.0	0.0	-0.2	-1000.0	0.0113408043555	0.1	0.0	1000.0	1.0	0.1	0.0	0.0	1000.0	1000.0
22.5	0.0	0.0	0.0	0.0	10.0	0.0	0.0	0.0	0.0	0.0	0.0	0.0	0.0	0.0	0.0	0.0	0.0	0.0	-0.2	-1000.0	0.0111162737393	0.1	0.0	1000.0	1.0	0.1	0.0	0.0	1000.0	1000.0
22.6	0.0	0.0	0.0	0.0	10.0	0.0	0.0	0.0	0.0	0.0	0.0	0.0	0.0	0.0	0.0	0.0	0.0	0.0	-0.2	-1000.0	0.0108961884867	0.1	0.0	1000.0	1.0	0.1	0.0	0.0	1000.0	1000.0
22.7	0.0	0.0	0.0	0.0	10.0	0.0	0.0	0.0	0.0	0.0	0.0	0.0	0.0	0.0	0.0	0.0	0.0	0.0	-0.2	-1000.0	0.0106804605862	0.1	0.0	1000.0	1.0	0.1	0.0	0.0	1000.0	1000.0
22.8	0.0	0.0	0.0	0.0	10.0	0.0	0.0	0.0	0.0	0.0	0.0	0.0	0.0	0.0	0.0	0.0	0.0	0.0	-0.2	-1000.0	0.0104690037689	0.1	0.0	1000.0	1.0	0.1	0.0	0.0	1000.0	1000.0
22.9	0.0	0.0	0.0	0.0	10.0	0.0	0.0	0.0	0.0	0.0	0.0	0.0	0.0	0.0	0.0	0.0	0.0	0.0	-0.2	-1000.0	0.0102617334739	0.1	0.0	1000.0	1.0	0.1	0.0	0.0	1000.0	1000.0
23.0	0.0	0.0	0.0	0.0	10.0	0.0	0.0	0.0	0.0	0.0	0.0	0.0	0.0	0.0	0.0	0.0	0.0	0.0	-0.2	-1000.0	0.0100585668145	0.1	0.0	1000.0	1.0	0.1	0.0	0.0	1000.0	1000.0
23.1	0.0	0.0	0.0	0.0	10.0	0.0	0.0	0.0	0.0	0.0	0.0	0.0	0.0	0.0	0.0	0.0	0.0	0.0	-0.2	-1000.0	0.00985942254478	0.1	0.0	1000.0	1.0	0.1	0.0	0.0	1000.0	1000.0
23.2	0.0	0.0	0.0	0.0	10.0	0.0	0.0	0.0	0.0	0.0	0.0	0.0	0.0	0.0	0.0	0.0	0.0	0.0	-0.2	-1000.0	0.00966422102772	0.1	0.0	1000.0	1.0	0.1	0.0	0.0	1000.0	1000.0
23.3	0.0	0.0	0.0	0.0	10.0	0.0	0.0	0.0	0.0	0.0	0.0	0.0	0.0	0.0	0.0	0.0	0.0	0.0	-0.2	-1000.0	0.00947288420281	0.1	0.0	1000.0	1.0	0.1	0.0	0.0	1000.0	1000.0
23.4	0.0	0.0	0.0	0.0	10.0	0.0	0.0	0.0	0.0	0.0	0.0	0.0	0.0	0.0	0.0	0.0	0.0	0.0	-0.2	-1000.0	0.00928533555503	0.1	0.0	1000.0	1.0	0.1	0.0	0.0	1000.0	1000.0
23.5	0.0	0.0	0.0	0.0	10.0	0.0	0.0	0.0	0.0	0.0	0.0	0.0	0.0	0.0	0.0	0.0	0.0	0.0	-0.2	-1000.0	0.00910150008426	0.1	0.0	1000.0	1.0	0.1	0.0	0.0	1000.0	1000.0
23.6	0.0	0.0	0.0	0.0	10.0	0.0	0.0	0.0	0.0	0.0	0.0	0.0	0.0	0.0	0.0	0.0	0.0	0.0	-0.2	-1000.0	0.00892130427525	0.1	0.0	1000.0	1.0	0.1	0.0	0.0	1000.0	1000.0
23.7	0.0	0.0	0.0	0.0	10.0	0.0	0.0	0.0	0.0	0.0	0.0	0.0	0.0	0.0	0.0	0.0	0.0	0.0	-0.2	-1000.0	0.00874467606827	0.1	0.0	1000.0	1.0	0.1	0.0	0.0	1000.0	1000.0
23.8	0.0	0.0	0.0	0.0	10.0	0.0	0.0	0.0	0.0	0.0	0.0	0.0	0.0	0.0	0.0	0.0	0.0	0.0	-0.2	-1000.0	0.00857154483023	0.1	0.0	1000.0	1.0	0.1	0.0	0.0	1000.0	1000.0
23.9	0.0	0.0	0.0	0.0	10.0	0.0	0.0	0.0	0.0	0.0	0.0	0.0	0.0	0.0	0.0	0.0	0.0	0.0	-0.2	-1000.0	0.00840184132649	0.1	0.0	1000.0	1.0	0.1	0.0	0.0	1000.0	1000.0
24.0	0.0	0.0	0.0	0.0	10.0	0.0	0.0	0.0	0.0	0.0	0.0	0.0	0.0	0.0	0.0	0.0	0.0	0.0	-0.2	-1000.0	0.00823549769313	0.1	0.0	1000.0	1.0	0.1	0.0	0.0	1000.0	1000.0
24.1	0.0	0.0	0.0	0.0	10.0	0.0	0.0	0.0	0.0	0.0	0.0	0.0	0.0	0.0	0.0	0.0	0.0	0.0	-0.2	-1000.0	0.00807244740986	0.1	0.0	1000.0	1.0	0.1	0.0	0.0	1000.0	1000.0
24.2	0.0	0.0	0.0	0.0	10.0	0.0	0.0	0.0	0.0	0.0	0.0	0.0	0.0	0.0	0.0	0.0	0.0	0.0	-0.2	-1000.0	0.00791262527337	0.1	0.0	1000.0	1.0	0.1	0.0	0.0	1000.0	1000.0
24.3	0.0	0.0	0.0	0.0	10.0	0.0	0.0	0.0	0.0	0.0	0.0	0.0	0.0	0.0	0.0	0.0	0.0	0.0	-0.2	-1000.0	0.00775596737127	0.1	0.0	1000.0	1.0	0.1	0.0	0.0	1000.0	1000.0
24.4	0.0	0.0	0.0	0.0	10.0	0.0	0.0	0.0	0.0	0.0	0.0	0.0	0.0	0.0	0.0	0.0	0.0	0.0	-0.2	-1000.0	0.00760241105656	0.1	0.0	1000.0	1.0	0.1	0.0	0.0	1000.0	1000.0
24.5	0.0	0.0	0.0	0.0	10.0	0.0	0.0	0.0	0.0	0.0	0.0	0.0	0.0	0.0	0.0	0.0	0.0	0.0	-0.2	-1000.0	0.00745189492253	0.1	0.0	1000.0	1.0	0.1	0.0	0.0	1000.0	1000.0
24.6	0.0	0.0	0.0	0.0	10.0	0.0	0.0	0.0	0.0	0.0	0.0	0.0	0.0	0.0	0.0	0.0	0.0	0.0	-0.2	-1000.0	0.00730435877826	0.1	0.0	1000.0	1.0	0.1	0.0	0.0	1000.0	1000.0
24.7	0.0	0.0	0.0	0.0	10.0	0.0	0.0	0.0	0.0	0.0	0.0	0.0	0.0	0.0	0.0	0.0	0.0	0.0	-0.2	-1000.0	0.00715974362448	0.1	0.0	1000.0	1.0	0.1	0.0	0.0	1000.0	1000.0
24.8	0.0	0.0	0.0	0.0	10.0	0.0	0.0	0.0	0.0	0.0	0.0	0.0	0.0	0.0	0.0	0.0	0.0	0.0	-0.2	-1000.0	0.00701799163006	0.1	0.0	1000.0	1.0	0.1	0.0	0.0	1000.0	1000.0
24.9	0.0	0.0	0.0	0.0	10.0	0.0	0.0	0.0	0.0	0.0	0.0	0.0	0.0	0.0	0.0	0.0	0.0	0.0	-0.2	-1000.0	0.00687904610879	0.1	0.0	1000.0	1.0	0.1	0.0	0.0	1000.0	1000.0
25.0	0.0	0.0	0.0	0.0	10.0	0.0	0.0	0.0	0.0	0.0	0.0	0.0	0.0	0.0	0.0	0.0	0.0	0.0	-0.2	-1000.0	0.0067428514968	0.1	0.0	1000.0	1.0	0.1	0.0	0.0	1000.0	1000.0
25.1	0.0	0.0	0.0	0.0	10.0	0.0	0.0	0.0	0.0	0.0	0.0	0.0	0.0	0.0	0.0	0.0	0.0	0.0	-0.2	-1000.0	0.00660935333028	0.1	0.0	1000.0	1.0	0.1	0.0	0.0	1000.0	1000.0
25.2	0.0	0.0	0.0	0.0	10.0	0.0	0.0	0.0	0.0	0.0	0.0	0.0	0.0	0.0	0.0	0.0	0.0	0.0	-0.2	-1000.0	0.00647849822372	0.1	0.0	1000.0	1.0	0.1	0.0	0.0	1000.0	1000.0
25.3	0.0	0.0	0.0	0.0	10.0	0.0	0.0	0.0	0.0	0.0	0.0	0.0	0.0	0.0	0.0	0.0	0.0	0.0	-0.2	-1000.0	0.00635023384858	0.1	0.0	1000.0	1.0	0.1	0.0	0.0	1000.0	1000.0
25.4	0.0	0.0	0.0	0.0	10.0	0.0	0.0	0.0	0.0	0.0	0.0	0.0	0.0	0.0	0.0	0.0	0.0	0.0	-0.2	-1000.0	0.00622450891232	0.1	0.0	1000.0	1.0	0.1	0.0	0.0	1000.0	1000.0
25.5	0.0	0.0	0.0	0.0	10.0	0.0	0.0	0.0	0.0	0.0	0.0	0.0	0.0	0.0	0.0	0.0	0.0	0.0	-0.2	-1000.0	0.00610127313793	0.1	0.0	1000.0	1.0	0.1	0.0	0.0	1000.0	1000.0
25.6	0.0	0.0	0.0	0.0	10.0	0.0	0.0	0.0	0.0	0.0	0.0	0.0	0.0	0.0	0.0	0.0	0.0	0.0	-0.2	-1000.0	0.0059804772438	0.1	0.0	1000.0	1.0	0.1	0.0	0.0	1000.0	1000.0
25.7	0.0	0.0	0.0	0.0	10.0	0.0	0.0	0.0	0.0	0.0	0.0	0.0	0.0	0.0	0.0	0.0	0.0	0.0	-0.2	-1000.0	0.00586207292402	0.1	0.0	1000.0	1.0	0.1	0.0	0.0	1000.0	1000.0
25.8	0.0	0.0	0.0	0.0	10.0	0.0	0.0	0.0	0.0	0.0	0.0	0.0	0.0	0.0	0.0	0.0	0.0	0.0	-0.2	-1000.0	0.00574601282908	0.1	0.0	1000.0	1.0	0.1	0.0	0.0	1000.0	1000.0
25.9	0.0	0.0	0.0	0.0	10.0	0.0	0.0	0.0	0.0	0.0	0.0	0.0	0.0	0.0	0.0	0.0	0.0	0.0	-0.2	-1000.0	0.0056322505469	0.1	0.0	1000.0	1.0	0.1	0.0	0.0	1000.0	1000.0
26.0	0.0	0.0	0.0	0.0	10.0	0.0	0.0	0.0	0.0	0.0	0.0	0.0	0.0	0.0	0.0	0.0	0.0	0.0	-0.2	-1000.0	0.00552074058429	0.1	0.0	1000.0	1.0	0.1	0.0	0.0	1000.0	1000.0
26.1	0.0	0.0	0.0	0.0	10.0	0.0	0.0	0.0	0.0	0.0	0.0	0.0	0.0	0.0	0.0	0.0	0.0	0.0	-0.2	-1000.0	0.00541143834877	0.1	0.0	1000.0	1.0	0.1	0.0	0.0	1000.0	1000.0
26.2	0.0	0.0	0.0	0.0	10.0	0.0	0.0	0.0	0.0	0.0	0.0	0.0	0.0	0.0	0.0	0.0	0.0	0.0	-0.2	-1000.0	0.0053043001307	0.1	0.0	1000.0	1.0	0.1	0.0	0.0	1000.0	1000.0
26.3	0.0	0.0	0.0	0.0	10.0	0.0	0.0	0.0	0.0	0.0	0.0	0.0	0.0	0.0	0.0	0.0	0.0	0.0	-0.2	-1000.0	0.00519928308585	0.1	0.0	1000.0	1.0	0.1	0.0	0.0	1000.0	1000.0
26.4	0.0	0.0	0.0	0.0	10.0	0.0	0.0	0.0	0.0	0.0	0.0	0.0	0.0	0.0	0.0	0.0	0.0	0.0	-0.2	-1000.0	0.00509634521822	0.1	0.0	1000.0	1.0	0.1	0.0	0.0	1000.0	1000.0
26.5	0.0	0.0	0.0	0.0	10.0	0.0	0.0	0.0	0.0	0.0	0.0	0.0	0.0	0.0	0.0	0.0	0.0	0.0	-0.2	-1000.0	0.00499544536327	0.1	0.0	1000.0	1.0	0.1	0.0	0.0	1000.0	1000.0
26.6	0.0	0.0	0.0	0.0	10.0	0.0	0.0	0.0	0.0	0.0	0.0	0.0	0.0	0.0	0.0	0.0	0.0	0.0	-0.2	-1000.0	0.00489654317147	0.1	0.0	1000.0	1.0	0.1	0.0	0.0	1000.0	1000.0
26.7	0.0	0.0	0.0	0.0	10.0	0.0	0.0	0.0	0.0	0.0	0.0	0.0	0.0	0.0	0.0	0.0	0.0	0.0	-0.2	-1000.0	0.00479959909213	0.1	0.0	1000.0	1.0	0.1	0.0	0.0	1000.0	1000.0
26.8	0.0	0.0	0.0	0.0	10.0	0.0	0.0	0.0	0.0	0.0	0.0	0.0	0.0	0.0	0.0	0.0	0.0	0.0	-0.2	-1000.0	0.00470457435761	0.1	0.0	1000.0	1.0	0.1	0.0	0.0	1000.0	1000.0
26.9	0.0	0.0	0.0	0.0	10.0	0.0	0.0	0.0	0.0	0.0	0.0	0.0	0.0	0.0	0.0	0.0	0.0	0.0	-0.2	-1000.0	0.00461143096782	0.1	0.0	1000.0	1.0	0.1	0.0	0.0	1000.0	1000.0
27.0	0.0	0.0	0.0	0.0	10.0	0.0	0.0	0.0	0.0	0.0	0.0	0.0	0.0	0.0	0.0	0.0	0.0	0.0	-0.2	-1000.0	0.004520131675	0.1	0.0	1000.0	1.0	0.1	0.0	0.0	1000.0	1000.0
27.1	0.0	0.0	0.0	0.0	10.0	0.0	0.0	0.0	0.0	0.0	0.0	0.0	0.0	0.0	0.0	0.0	0.0	0.0	-0.2	-1000.0	0.00443063996885	0.1	0.0	1000.0	1.0	0.1	0.0	0.0	1000.0	1000.0
27.2	0.0	0.0	0.0	0.0	10.0	0.0	0.0	0.0	0.0	0.0	0.0	0.0	0.0	0.0	0.0	0.0	0.0	0.0	-0.2	-1000.0	0.0043429200619	0.1	0.0	1000.0	1.0	0.1	0.0	0.0	1000.0	1000.0
27.3	0.0	0.0	0.0	0.0	10.0	0.0	0.0	0.0	0.0	0.0	0.0	0.0	0.0	0.0	0.0	0.0	0.0	0.0	-0.2	-1000.0	0.00425693687524	0.1	0.0	1000.0	1.0	0.1	0.0	0.0	1000.0	1000.0
27.4	0.0	0.0	0.0	0.0	10.0	0.0	0.0	0.0	0.0	0.0	0.0	0.0	0.0	0.0	0.0	0.0	0.0	0.0	-0.2	-1000.0	0.00417265602446	0.1	0.0	1000.0	1.0	0.1	0.0	0.0	1000.0	1000.0
27.5	0.0	0.0	0.0	0.0	10.0	0.0	0.0	0.0	0.0	0.0	0.0	0.0	0.0	0.0	0.0	0.0	0.0	0.0	-0.2	-1000.0	0.0040900438059	0.1	0.0	1000.0	1.0	0.1	0.0	0.0	1000.0	1000.0
27.6	0.0	0.0	0.0	0.0	10.0	0.0	0.0	0.0	0.0	0.0	0.0	0.0	0.0	0.0	0.0	0.0	0.0	0.0	-0.2	-1000.0	0.0040090671832	0.1	0.0	1000.0	1.0	0.1	0.0	0.0	1000.0	1000.0
27.7	0.0	0.0	0.0	0.0	10.0	0.0	0.0	0.0	0.0	0.0	0.0	0.0	0.0	0.0	0.0	0.0	0.0	0.0	-0.2	-1000.0	0.00392969377404	0.1	0.0	1000.0	1.0	0.1	0.0	0.0	1000.0	1000.0
27.8	0.0	0.0	0.0	0.0	10.0	0.0	0.0	0.0	0.0	0.0	0.0	0.0	0.0	0.0	0.0	0.0	0.0	0.0	-0.2	-1000.0	0.00385189183726	0.1	0.0	1000.0	1.0	0.1	0.0	0.0	1000.0	1000.0
27.9	0.0	0.0	0.0	0.0	10.0	0.0	0.0	0.0	0.0	0.0	0.0	0.0	0.0	0.0	0.0	0.0	0.0	0.0	-0.2	-1000.0	0.00377563026008	0.1	0.0	1000.0	1.0	0.1	0.0	0.0	1000.0	1000.0
28.0	0.0	0.0	0.0	0.0	10.0	0.0	0.0	0.0	0.0	0.0	0.0	0.0	0.0	0.0	0.0	0.0	0.0	0.0	-0.2	-1000.0	0.00370087854576	0.1	0.0	1000.0	1.0	0.1	0.0	0.0	1000.0	1000.0
28.1	0.0	0.0	0.0	0.0	10.0	0.0	0.0	0.0	0.0	0.0	0.0	0.0	0.0	0.0	0.0	0.0	0.0	0.0	-0.2	-1000.0	0.0036276068013	0.1	0.0	1000.0	1.0	0.1	0.0	0.0	1000.0	1000.0
28.2	0.0	0.0	0.0	0.0	10.0	0.0	0.0	0.0	0.0	0.0	0.0	0.0	0.0	0.0	0.0	0.0	0.0	0.0	-0.2	-1000.0	0.00355578572555	0.1	0.0	1000.0	1.0	0.1	0.0	0.0	1000.0	1000.0
28.3	0.0	0.0	0.0	0.0	10.0	0.0	0.0	0.0	0.0	0.0	0.0	0.0	0.0	0.0	0.0	0.0	0.0	0.0	-0.2	-1000.0	0.0034853865975	0.1	0.0	1000.0	1.0	0.1	0.0	0.0	1000.0	1000.0
28.4	0.0	0.0	0.0	0.0	10.0	0.0	0.0	0.0	0.0	0.0	0.0	0.0	0.0	0.0	0.0	0.0	0.0	0.0	-0.2	-1000.0	0.00341638126475	0.1	0.0	1000.0	1.0	0.1	0.0	0.0	1000.0	1000.0
28.5	0.0	0.0	0.0	0.0	10.0	0.0	0.0	0.0	0.0	0.0	0.0	0.0	0.0	0.0	0.0	0.0	0.0	0.0	-0.2	-1000.0	0.00334874213228	0.1	0.0	1000.0	1.0	0.1	0.0	0.0	1000.0	1000.0
28.6	0.0	0.0	0.0	0.0	10.0	0.0	0.0	0.0	0.0	0.0	0.0	0.0	0.0	0.0	0.0	0.0	0.0	0.0	-0.2	-1000.0	0.00328244215141	0.1	0.0	1000.0	1.0	0.1	0.0	0.0	1000.0	1000.0
28.7	0.0	0.0	0.0	0.0	10.0	0.0	0.0	0.0	0.0	0.0	0.0	0.0	0.0	0.0	0.0	0.0	0.0	0.0	-0.2	-1000.0	0.00321745480898	0.1	0.0	1000.0	1.0	0.1	0.0	0.0	1000.0	1000.0
28.8	0.0	0.0	0.0	0.0	10.0	0.0	0.0	0.0	0.0	0.0	0.0	0.0	0.0	0.0	0.0	0.0	0.0	0.0	-0.2	-1000.0	0.00315375411675	0.1	0.0	1000.0	1.0	0.1	0.0	0.0	1000.0	1000.0
28.9	0.0	0.0	0.0	0.0	10.0	0.0	0.0	0.0	0.0	0.0	0.0	0.0	0.0	0.0	0.0	0.0	0.0	0.0	-0.2	-1000.0	0.00309131460101	0.1	0.0	1000.0	1.0	0.1	0.0	0.0	1000.0	1000.0
29.0	0.0	0.0	0.0	0.0	10.0	0.0	0.0	0.0	0.0	0.0	0.0	0.0	0.0	0.0	0.0	0.0	0.0	0.0	-0.2	-1000.0	0.0030301112924	0.1	0.0	1000.0	1.0	0.1	0.0	0.0	1000.0	1000.0
29.1	0.0	0.0	0.0	0.0	10.0	0.0	0.0	0.0	0.0	0.0	0.0	0.0	0.0	0.0	0.0	0.0	0.0	0.0	-0.2	-1000.0	0.00297011971589	0.1	0.0	1000.0	1.0	0.1	0.0	0.0	1000.0	1000.0
29.2	0.0	0.0	0.0	0.0	10.0	0.0	0.0	0.0	0.0	0.0	0.0	0.0	0.0	0.0	0.0	0.0	0.0	0.0	-0.2	-1000.0	0.00291131588104	0.1	0.0	1000.0	1.0	0.1	0.0	0.0	1000.0	1000.0
29.3	0.0	0.0	0.0	0.0	10.0	0.0	0.0	0.0	0.0	0.0	0.0	0.0	0.0	0.0	0.0	0.0	0.0	0.0	-0.2	-1000.0	0.00285367627239	0.1	0.0	1000.0	1.0	0.1	0.0	0.0	1000.0	1000.0
29.4	0.0	0.0	0.0	0.0	10.0	0.0	0.0	0.0	0.0	0.0	0.0	0.0	0.0	0.0	0.0	0.0	0.0	0.0	-0.2	-1000.0	0.00279717784002	0.1	0.0	1000.0	1.0	0.1	0.0	0.0	1000.0	1000.0
29.5	0.0	0.0	0.0	0.0	10.0	0.0	0.0	0.0	0.0	0.0	0.0	0.0	0.0	0.0	0.0	0.0	0.0	0.0	-0.2	-1000.0	0.00274179799038	0.1	0.0	1000.0	1.0	0.1	0.0	0.0	1000.0	1000.0
29.6	0.0	0.0	0.0	0.0	10.0	0.0	0.0	0.0	0.0	0.0	0.0	0.0	0.0	0.0	0.0	0.0	0.0	0.0	-0.2	-1000.0	0.00268751457726	0.1	0.0	1000.0	1.0	0.1	0.0	0.0	1000.0	1000.0
29.7	0.0	0.0	0.0	0.0	10.0	0.0	0.0	0.0	0.0	0.0	0.0	0.0	0.0	0.0	0.0	0.0	0.0	0.0	-0.2	-1000.0	0.00263430589287	0.1	0.0	1000.0	1.0	0.1	0.0	0.0	1000.0	1000.0
29.8	0.0	0.0	0.0	0.0	10.0	0.0	0.0	0.0	0.0	0.0	0.0	0.0	0.0	0.0	0.0	0.0	0.0	0.0	-0.2	-1000.0	0.00258215065924	0.1	0.0	1000.0	1.0	0.1	0.0	0.0	1000.0	1000.0
29.9	0.0	0.0	0.0	0.0	10.0	0.0	0.0	0.0	0.0	0.0	0.0	0.0	0.0	0.0	0.0	0.0	0.0	0.0	-0.2	-1000.0	0.00253102801963	0.1	0.0	1000.0	1.0	0.1	0.0	0.0	1000.0	1000.0
30.0	0.0	0.0	0.0	0.0	10.0	0.0	0.0	0.0	0.0	0.0	0.0	0.0	0.0	0.0	0.0	0.0	0.0	0.0	-0.2	-1000.0	0.00248091753027	0.1	0.0	1000.0	1.0	0.1	0.0	0.0	1000.0	1000.0
30.1	0.0	0.0	0.0	0.0	10.0	0.0	0.0	0.0	0.0	0.0	0.0	0.0	0.0	0.0	0.0	0.0	0.0	0.0	-0.2	-1000.0	0.00243179915212	0.1	0.0	1000.0	1.0	0.1	0.0	0.0	1000.0	1000.0
30.2	0.0	0.0	0.0	0.0	10.0	0.0	0.0	0.0	0.0	0.0	0.0	0.0	0.0	0.0	0.0	0.0	0.0	0.0	-0.2	-1000.0	0.00238365324291	0.1	0.0	1000.0	1.0	0.1	0.0	0.0	1000.0	1000.0
30.3	0.0	0.0	0.0	0.0	10.0	0.0	0.0	0.0	0.0	0.0	0.0	0.0	0.0	0.0	0.0	0.0	0.0	0.0	-0.2	-1000.0	0.00233646054922	0.1	0.0	1000.0	1.0	0.1	0.0	0.0	1000.0	1000.0
30.4	0.0	0.0	0.0	0.0	10.0	0.0	0.0	0.0	0.0	0.0	0.0	0.0	0.0	0.0	0.0	0.0	0.0	0.0	-0.2	-1000.0	0.00229020219884	0.1	0.0	1000.0	1.0	0.1	0.0	0.0	1000.0	1000.0
30.5	0.0	0.0	0.0	0.0	10.0	0.0	0.0	0.0	0.0	0.0	0.0	0.0	0.0	0.0	0.0	0.0	0.0	0.0	-0.2	-1000.0	0.0022448596932	0.1	0.0	1000.0	1.0	0.1	0.0	0.0	1000.0	1000.0
30.6	0.0	0.0	0.0	0.0	10.0	0.0	0.0	0.0	0.0	0.0	0.0	0.0	0.0	0.0	0.0	0.0	0.0	0.0	-0.2	-1000.0	0.00220041489998	0.1	0.0	1000.0	1.0	0.1	0.0	0.0	1000.0	1000.0
30.7	0.0	0.0	0.0	0.0	10.0	0.0	0.0	0.0	0.0	0.0	0.0	0.0	0.0	0.0	0.0	0.0	0.0	0.0	-0.2	-1000.0	0.00215685004584	0.1	0.0	1000.0	1.0	0.1	0.0	0.0	1000.0	1000.0
30.8	0.0	0.0	0.0	0.0	10.0	0.0	0.0	0.0	0.0	0.0	0.0	0.0	0.0	0.0	0.0	0.0	0.0	0.0	-0.2	-1000.0	0.00211414770933	0.1	0.0	1000.0	1.0	0.1	0.0	0.0	1000.0	1000.0
30.9	0.0	0.0	0.0	0.0	10.0	0.0	0.0	0.0	0.0	0.0	0.0	0.0	0.0	0.0	0.0	0.0	0.0	0.0	-0.2	-1000.0	0.00207229081391	0.1	0.0	1000.0	1.0	0.1	0.0	0.0	1000.0	1000.0
31.0	0.0	0.0	0.0	0.0	10.0	0.0	0.0	0.0	0.0	0.0	0.0	0.0	0.0	0.0	0.0	0.0	0.0	0.0	-0.2	-1000.0	0.00203126262114	0.1	0.0	1000.0	1.0	0.1	0.0	0.0	1000.0	1000.0
31.1	0.0	0.0	0.0	0.0	10.0	0.0	0.0	0.0	0.0	0.0	0.0	0.0	0.0	0.0	0.0	0.0	0.0	0.0	-0.2	-1000.0	0.00199104672397	0.1	0.0	1000.0	1.0	0.1	0.0	0.0	1000.0	1000.0
31.2	0.0	0.0	0.0	0.0	10.0	0.0	0.0	0.0	0.0	0.0	0.0	0.0	0.0	0.0	0.0	0.0	0.0	0.0	-0.2	-1000.0	0.0019516270402	0.1	0.0	1000.0	1.0	0.1	0.0	0.0	1000.0	1000.0
31.3	0.0	0.0	0.0	0.0	10.0	0.0	0.0	0.0	0.0	0.0	0.0	0.0	0.0	0.0	0.0	0.0	0.0	0.0	-0.2	-1000.0	0.001912987806	0.1	0.0	1000.0	1.0	0.1	0.0	0.0	1000.0	1000.0
31.4	0.0	0.0	0.0	0.0	10.0	0.0	0.0	0.0	0.0	0.0	0.0	0.0	0.0	0.0	0.0	0.0	0.0	0.0	-0.2	-1000.0	0.00187511356968	0.1	0.0	1000.0	1.0	0.1	0.0	0.0	1000.0	1000.0
31.5	0.0	0.0	0.0	0.0	10.0	0.0	0.0	0.0	0.0	0.0	0.0	0.0	0.0	0.0	0.0	0.0	0.0	0.0	-0.2	-1000.0	0.00183798918543	0.1	0.0	1000.0	1.0	0.1	0.0	0.0	1000.0	1000.0
31.6	0.0	0.0	0.0	0.0	10.0	0.0	0.0	0.0	0.0	0.0	0.0	0.0	0.0	0.0	0.0	0.0	0.0	0.0	-0.2	-1000.0	0.00180159980734	0.1	0.0	1000.0	1.0	0.1	0.0	0.0	1000.0	1000.0
31.7	0.0	0.0	0.0	0.0	10.0	0.0	0.0	0.0	0.0	0.0	0.0	0.0	0.0	0.0	0.0	0.0	0.0	0.0	-0.2	-1000.0	0.0017659308834	0.1	0.0	1000.0	1.0	0.1	0.0	0.0	1000.0	1000.0
31.8	0.0	0.0	0.0	0.0	10.0	0.0	0.0	0.0	0.0	0.0	0.0	0.0	0.0	0.0	0.0	0.0	0.0	0.0	-0.2	-1000.0	0.00173096814971	0.1	0.0	1000.0	1.0	0.1	0.0	0.0	1000.0	1000.0
31.9	0.0	0.0	0.0	0.0	10.0	0.0	0.0	0.0	0.0	0.0	0.0	0.0	0.0	0.0	0.0	0.0	0.0	0.0	-0.2	-1000.0	0.0016966976248	0.1	0.0	1000.0	1.0	0.1	0.0	0.0	1000.0	1000.0
32.0	0.0	0.0	0.0	0.0	10.0	0.0	0.0	0.0	0.0	0.0	0.0	0.0	0.0	0.0	0.0	0.0	0.0	0.0	-0.2	-1000.0	0.00166310560398	0.1	0.0	1000.0	1.0	0.1	0.0	0.0	1000.0	1000.0
32.1	0.0	0.0	0.0	0.0	10.0	0.0	0.0	0.0	0.0	0.0	0.0	0.0	0.0	0.0	0.0	0.0	0.0	0.0	-0.2	-1000.0	0.00163017865391	0.1	0.0	1000.0	1.0	0.1	0.0	0.0	1000.0	1000.0
32.2	0.0	0.0	0.0	0.0	10.0	0.0	0.0	0.0	0.0	0.0	0.0	0.0	0.0	0.0	0.0	0.0	0.0	0.0	-0.2	-1000.0	0.0015979036072	0.1	0.0	1000.0	1.0	0.1	0.0	0.0	1000.0	1000.0
32.3	0.0	0.0	0.0	0.0	10.0	0.0	0.0	0.0	0.0	0.0	0.0	0.0	0.0	0.0	0.0	0.0	0.0	0.0	-0.2	-1000.0	0.00156626755716	0.1	0.0	1000.0	1.0	0.1	0.0	0.0	1000.0	1000.0
32.4	0.0	0.0	0.0	0.0	10.0	0.0	0.0	0.0	0.0	0.0	0.0	0.0	0.0	0.0	0.0	0.0	0.0	0.0	-0.2	-1000.0	0.00153525785263	0.1	0.0	1000.0	1.0	0.1	0.0	0.0	1000.0	1000.0
32.5	0.0	0.0	0.0	0.0	10.0	0.0	0.0	0.0	0.0	0.0	0.0	0.0	0.0	0.0	0.0	0.0	0.0	0.0	-0.2	-1000.0	0.00150486209292	0.1	0.0	1000.0	1.0	0.1	0.0	0.0	1000.0	1000.0
32.6	0.0	0.0	0.0	0.0	10.0	0.0	0.0	0.0	0.0	0.0	0.0	0.0	0.0	0.0	0.0	0.0	0.0	0.0	-0.2	-1000.0	0.00147506812288	0.1	0.0	1000.0	1.0	0.1	0.0	0.0	1000.0	1000.0
32.7	0.0	0.0	0.0	0.0	10.0	0.0	0.0	0.0	0.0	0.0	0.0	0.0	0.0	0.0	0.0	0.0	0.0	0.0	-0.2	-1000.0	0.00144586402796	0.1	0.0	1000.0	1.0	0.1	0.0	0.0	1000.0	1000.0
32.8	0.0	0.0	0.0	0.0	10.0	0.0	0.0	0.0	0.0	0.0	0.0	0.0	0.0	0.0	0.0	0.0	0.0	0.0	-0.2	-1000.0	0.00141723812956	0.1	0.0	1000.0	1.0	0.1	0.0	0.0	1000.0	1000.0
32.9	0.0	0.0	0.0	0.0	10.0	0.0	0.0	0.0	0.0	0.0	0.0	0.0	0.0	0.0	0.0	0.0	0.0	0.0	-0.2	-1000.0	0.00138917898027	0.1	0.0	1000.0	1.0	0.1	0.0	0.0	1000.0	1000.0
33.0	0.0	0.0	0.0	0.0	10.0	0.0	0.0	0.0	0.0	0.0	0.0	0.0	0.0	0.0	0.0	0.0	0.0	0.0	-0.2	-1000.0	0.0013616753593	0.1	0.0	1000.0	1.0	0.1	0.0	0.0	1000.0	1000.0
33.1	0.0	0.0	0.0	0.0	10.0	0.0	0.0	0.0	0.0	0.0	0.0	0.0	0.0	0.0	0.0	0.0	0.0	0.0	-0.2	-1000.0	0.00133471626806	0.1	0.0	1000.0	1.0	0.1	0.0	0.0	1000.0	1000.0
33.2	0.0	0.0	0.0	0.0	10.0	0.0	0.0	0.0	0.0	0.0	0.0	0.0	0.0	0.0	0.0	0.0	0.0	0.0	-0.2	-1000.0	0.00130829092568	0.1	0.0	1000.0	1.0	0.1	0.0	0.0	1000.0	1000.0
33.3	0.0	0.0	0.0	0.0	10.0	0.0	0.0	0.0	0.0	0.0	0.0	0.0	0.0	0.0	0.0	0.0	0.0	0.0	-0.2	-1000.0	0.00128238876476	0.1	0.0	1000.0	1.0	0.1	0.0	0.0	1000.0	1000.0
33.4	0.0	0.0	0.0	0.0	10.0	0.0	0.0	0.0	0.0	0.0	0.0	0.0	0.0	0.0	0.0	0.0	0.0	0.0	-0.2	-1000.0	0.00125699942709	0.1	0.0	1000.0	1.0	0.1	0.0	0.0	1000.0	1000.0
33.5	0.0	0.0	0.0	0.0	10.0	0.0	0.0	0.0	0.0	0.0	0.0	0.0	0.0	0.0	0.0	0.0	0.0	0.0	-0.2	-1000.0	0.00123211275956	0.1	0.0	1000.0	1.0	0.1	0.0	0.0	1000.0	1000.0
33.6	0.0	0.0	0.0	0.0	10.0	0.0	0.0	0.0	0.0	0.0	0.0	0.0	0.0	0.0	0.0	0.0	0.0	0.0	-0.2	-1000.0	0.00120771881006	0.1	0.0	1000.0	1.0	0.1	0.0	0.0	1000.0	1000.0
33.7	0.0	0.0	0.0	0.0	10.0	0.0	0.0	0.0	0.0	0.0	0.0	0.0	0.0	0.0	0.0	0.0	0.0	0.0	-0.2	-1000.0	0.00118380782354	0.1	0.0	1000.0	1.0	0.1	0.0	0.0	1000.0	1000.0
33.8	0.0	0.0	0.0	0.0	10.0	0.0	0.0	0.0	0.0	0.0	0.0	0.0	0.0	0.0	0.0	0.0	0.0	0.0	-0.2	-1000.0	0.00116037023806	0.1	0.0	1000.0	1.0	0.1	0.0	0.0	1000.0	1000.0
33.9	0.0	0.0	0.0	0.0	10.0	0.0	0.0	0.0	0.0	0.0	0.0	0.0	0.0	0.0	0.0	0.0	0.0	0.0	-0.2	-1000.0	0.00113739668101	0.1	0.0	1000.0	1.0	0.1	0.0	0.0	1000.0	1000.0
34.0	0.0	0.0	0.0	0.0	10.0	0.0	0.0	0.0	0.0	0.0	0.0	0.0	0.0	0.0	0.0	0.0	0.0	0.0	-0.2	-1000.0	0.00111487796532	0.1	0.0	1000.0	1.0	0.1	0.0	0.0	1000.0	1000.0
34.1	0.0	0.0	0.0	0.0	10.0	0.0	0.0	0.0	0.0	0.0	0.0	0.0	0.0	0.0	0.0	0.0	0.0	0.0	-0.2	-1000.0	0.00109280508584	0.1	0.0	1000.0	1.0	0.1	0.0	0.0	1000.0	1000.0
34.2	0.0	0.0	0.0	0.0	10.0	0.0	0.0	0.0	0.0	0.0	0.0	0.0	0.0	0.0	0.0	0.0	0.0	0.0	-0.2	-1000.0	0.00107116921569	0.1	0.0	1000.0	1.0	0.1	0.0	0.0	1000.0	1000.0
34.3	0.0	0.0	0.0	0.0	10.0	0.0	0.0	0.0	0.0	0.0	0.0	0.0	0.0	0.0	0.0	0.0	0.0	0.0	-0.2	-1000.0	0.00104996170275	0.1	0.0	1000.0	1.0	0.1	0.0	0.0	1000.0	1000.0
34.4	0.0	0.0	0.0	0.0	10.0	0.0	0.0	0.0	0.0	0.0	0.0	0.0	0.0	0.0	0.0	0.0	0.0	0.0	-0.2	-1000.0	0.0010291740662	0.1	0.0	1000.0	1.0	0.1	0.0	0.0	1000.0	1000.0
34.5	0.0	0.0	0.0	0.0	10.0	0.0	0.0	0.0	0.0	0.0	0.0	0.0	0.0	0.0	0.0	0.0	0.0	0.0	-0.2	-1000.0	0.00100879799313	0.1	0.0	1000.0	1.0	0.1	0.0	0.0	1000.0	1000.0
34.6	0.0	0.0	0.0	0.0	10.0	0.0	0.0	0.0	0.0	0.0	0.0	0.0	0.0	0.0	0.0	0.0	0.0	0.0	-0.2	-1000.0	0.00098882533521	0.1	0.0	1000.0	1.0	0.1	0.0	0.0	1000.0	1000.0
34.7	0.0	0.0	0.0	0.0	10.0	0.0	0.0	0.0	0.0	0.0	0.0	0.0	0.0	0.0	0.0	0.0	0.0	0.0	-0.2	-1000.0	0.000969248105437	0.1	0.0	1000.0	1.0	0.1	0.0	0.0	1000.0	1000.0
34.8	0.0	0.0	0.0	0.0	10.0	0.0	0.0	0.0	0.0	0.0	0.0	0.0	0.0	0.0	0.0	0.0	0.0	0.0	-0.2	-1000.0	0.000950058474936	0.1	0.0	1000.0	1.0	0.1	0.0	0.0	1000.0	1000.0
34.9	0.0	0.0	0.0	0.0	10.0	0.0	0.0	0.0	0.0	0.0	0.0	0.0	0.0	0.0	0.0	0.0	0.0	0.0	-0.2	-1000.0	0.000931248769834	0.1	0.0	1000.0	1.0	0.1	0.0	0.0	1000.0	1000.0
35.0	0.0	0.0	0.0	0.0	10.0	0.0	0.0	0.0	0.0	0.0	0.0	0.0	0.0	0.0	0.0	0.0	0.0	0.0	-0.2	-1000.0	0.000912811468187	0.1	0.0	1000.0	1.0	0.1	0.0	0.0	1000.0	1000.0
35.1	0.0	0.0	0.0	0.0	10.0	0.0	0.0	0.0	0.0	0.0	0.0	0.0	0.0	0.0	0.0	0.0	0.0	0.0	-0.2	-1000.0	0.000894739196976	0.1	0.0	1000.0	1.0	0.1	0.0	0.0	1000.0	1000.0
35.2	0.0	0.0	0.0	0.0	10.0	0.0	0.0	0.0	0.0	0.0	0.0	0.0	0.0	0.0	0.0	0.0	0.0	0.0	-0.2	-1000.0	0.000877024729154	0.1	0.0	1000.0	1.0	0.1	0.0	0.0	1000.0	1000.0
35.3	0.0	0.0	0.0	0.0	10.0	0.0	0.0	0.0	0.0	0.0	0.0	0.0	0.0	0.0	0.0	0.0	0.0	0.0	-0.2	-1000.0	0.000859660980761	0.1	0.0	1000.0	1.0	0.1	0.0	0.0	1000.0	1000.0
35.4	0.0	0.0	0.0	0.0	10.0	0.0	0.0	0.0	0.0	0.0	0.0	0.0	0.0	0.0	0.0	0.0	0.0	0.0	-0.2	-1000.0	0.000842641008087	0.1	0.0	1000.0	1.0	0.1	0.0	0.0	1000.0	1000.0
35.5	0.0	0.0	0.0	0.0	10.0	0.0	0.0	0.0	0.0	0.0	0.0	0.0	0.0	0.0	0.0	0.0	0.0	0.0	-0.2	-1000.0	0.000825958004898	0.1	0.0	1000.0	1.0	0.1	0.0	0.0	1000.0	1000.0
35.6	0.0	0.0	0.0	0.0	10.0	0.0	0.0	0.0	0.0	0.0	0.0	0.0	0.0	0.0	0.0	0.0	0.0	0.0	-0.2	-1000.0	0.000809605299712	0.1	0.0	1000.0	1.0	0.1	0.0	0.0	1000.0	1000.0
35.7	0.0	0.0	0.0	0.0	10.0	0.0	0.0	0.0	0.0	0.0	0.0	0.0	0.0	0.0	0.0	0.0	0.0	0.0	-0.2	-1000.0	0.000793576353133	0.1	0.0	1000.0	1.0	0.1	0.0	0.0	1000.0	1000.0
35.8	0.0	0.0	0.0	0.0	10.0	0.0	0.0	0.0	0.0	0.0	0.0	0.0	0.0	0.0	0.0	0.0	0.0	0.0	-0.2	-1000.0	0.000777864755234	0.1	0.0	1000.0	1.0	0.1	0.0	0.0	1000.0	1000.0
35.9	0.0	0.0	0.0	0.0	10.0	0.0	0.0	0.0	0.0	0.0	0.0	0.0	0.0	0.0	0.0	0.0	0.0	0.0	-0.2	-1000.0	0.000762464222996	0.1	0.0	1000.0	1.0	0.1	0.0	0.0	1000.0	1000.0
36.0	0.0	0.0	0.0	0.0	10.0	0.0	0.0	0.0	0.0	0.0	0.0	0.0	0.0	0.0	0.0	0.0	0.0	0.0	-0.2	-1000.0	0.000747368597793	0.1	0.0	1000.0	1.0	0.1	0.0	0.0	1000.0	1000.0
36.1	0.0	0.0	0.0	0.0	10.0	0.0	0.0	0.0	0.0	0.0	0.0	0.0	0.0	0.0	0.0	0.0	0.0	0.0	-0.2	-1000.0	0.000732571842932	0.1	0.0	1000.0	1.0	0.1	0.0	0.0	1000.0	1000.0
36.2	0.0	0.0	0.0	0.0	10.0	0.0	0.0	0.0	0.0	0.0	0.0	0.0	0.0	0.0	0.0	0.0	0.0	0.0	-0.2	-1000.0	0.000718068041236	0.1	0.0	1000.0	1.0	0.1	0.0	0.0	1000.0	1000.0
36.3	0.0	0.0	0.0	0.0	10.0	0.0	0.0	0.0	0.0	0.0	0.0	0.0	0.0	0.0	0.0	0.0	0.0	0.0	-0.2	-1000.0	0.000703851392679	0.1	0.0	1000.0	1.0	0.1	0.0	0.0	1000.0	1000.0
36.4	0.0	0.0	0.0	0.0	10.0	0.0	0.0	0.0	0.0	0.0	0.0	0.0	0.0	0.0	0.0	0.0	0.0	0.0	-0.2	-1000.0	0.000689916212067	0.1	0.0	1000.0	1.0	0.1	0.0	0.0	1000.0	1000.0
36.5	0.0	0.0	0.0	0.0	10.0	0.0	0.0	0.0	0.0	0.0	0.0	0.0	0.0	0.0	0.0	0.0	0.0	0.0	-0.2	-1000.0	0.000676256926765	0.1	0.0	1000.0	1.0	0.1	0.0	0.0	1000.0	1000.0
36.6	0.0	0.0	0.0	0.0	10.0	0.0	0.0	0.0	0.0	0.0	0.0	0.0	0.0	0.0	0.0	0.0	0.0	0.0	-0.2	-1000.0	0.000662868074466	0.1	0.0	1000.0	1.0	0.1	0.0	0.0	1000.0	1000.0
36.7	0.0	0.0	0.0	0.0	10.0	0.0	0.0	0.0	0.0	0.0	0.0	0.0	0.0	0.0	0.0	0.0	0.0	0.0	-0.2	-1000.0	0.000649744301011	0.1	0.0	1000.0	1.0	0.1	0.0	0.0	1000.0	1000.0
36.8	0.0	0.0	0.0	0.0	10.0	0.0	0.0	0.0	0.0	0.0	0.0	0.0	0.0	0.0	0.0	0.0	0.0	0.0	-0.2	-1000.0	0.000636880358241	0.1	0.0	1000.0	1.0	0.1	0.0	0.0	1000.0	1000.0
36.9	0.0	0.0	0.0	0.0	10.0	0.0	0.0	0.0	0.0	0.0	0.0	0.0	0.0	0.0	0.0	0.0	0.0	0.0	-0.2	-1000.0	0.000624271101906	0.1	0.0	1000.0	1.0	0.1	0.0	0.0	1000.0	1000.0
37.0	0.0	0.0	0.0	0.0	10.0	0.0	0.0	0.0	0.0	0.0	0.0	0.0	0.0	0.0	0.0	0.0	0.0	0.0	-0.2	-1000.0	0.000611911489604	0.1	0.0	1000.0	1.0	0.1	0.0	0.0	1000.0	1000.0
37.1	0.0	0.0	0.0	0.0	10.0	0.0	0.0	0.0	0.0	0.0	0.0	0.0	0.0	0.0	0.0	0.0	0.0	0.0	-0.2	-1000.0	0.000599796578763	0.1	0.0	1000.0	1.0	0.1	0.0	0.0	1000.0	1000.0
37.2	0.0	0.0	0.0	0.0	10.0	0.0	0.0	0.0	0.0	0.0	0.0	0.0	0.0	0.0	0.0	0.0	0.0	0.0	-0.2	-1000.0	0.000587921524668	0.1	0.0	1000.0	1.0	0.1	0.0	0.0	1000.0	1000.0
37.3	0.0	0.0	0.0	0.0	10.0	0.0	0.0	0.0	0.0	0.0	0.0	0.0	0.0	0.0	0.0	0.0	0.0	0.0	-0.2	-1000.0	0.000576281578522	0.1	0.0	1000.0	1.0	0.1	0.0	0.0	1000.0	1000.0
37.4	0.0	0.0	0.0	0.0	10.0	0.0	0.0	0.0	0.0	0.0	0.0	0.0	0.0	0.0	0.0	0.0	0.0	0.0	-0.2	-1000.0	0.000564872085546	0.1	0.0	1000.0	1.0	0.1	0.0	0.0	1000.0	1000.0
37.5	0.0	0.0	0.0	0.0	10.0	0.0	0.0	0.0	0.0	0.0	0.0	0.0	0.0	0.0	0.0	0.0	0.0	0.0	-0.2	-1000.0	0.000553688483118	0.1	0.0	1000.0	1.0	0.1	0.0	0.0	1000.0	1000.0
37.6	0.0	0.0	0.0	0.0	10.0	0.0	0.0	0.0	0.0	0.0	0.0	0.0	0.0	0.0	0.0	0.0	0.0	0.0	-0.2	-1000.0	0.000542726298951	0.1	0.0	1000.0	1.0	0.1	0.0	0.0	1000.0	1000.0
37.7	0.0	0.0	0.0	0.0	10.0	0.0	0.0	0.0	0.0	0.0	0.0	0.0	0.0	0.0	0.0	0.0	0.0	0.0	-0.2	-1000.0	0.000531981149301	0.1	0.0	1000.0	1.0	0.1	0.0	0.0	1000.0	1000.0
37.8	0.0	0.0	0.0	0.0	10.0	0.0	0.0	0.0	0.0	0.0	0.0	0.0	0.0	0.0	0.0	0.0	0.0	0.0	-0.2	-1000.0	0.000521448737216	0.1	0.0	1000.0	1.0	0.1	0.0	0.0	1000.0	1000.0
37.9	0.0	0.0	0.0	0.0	10.0	0.0	0.0	0.0	0.0	0.0	0.0	0.0	0.0	0.0	0.0	0.0	0.0	0.0	-0.2	-1000.0	0.000511124850817	0.1	0.0	1000.0	1.0	0.1	0.0	0.0	1000.0	1000.0
38.0	0.0	0.0	0.0	0.0	10.0	0.0	0.0	0.0	0.0	0.0	0.0	0.0	0.0	0.0	0.0	0.0	0.0	0.0	-0.2	-1000.0	0.000501005361613	0.1	0.0	1000.0	1.0	0.1	0.0	0.0	1000.0	1000.0
38.1	0.0	0.0	0.0	0.0	10.0	0.0	0.0	0.0	0.0	0.0	0.0	0.0	0.0	0.0	0.0	0.0	0.0	0.0	-0.2	-1000.0	0.000491086222852	0.1	0.0	1000.0	1.0	0.1	0.0	0.0	1000.0	1000.0
38.2	0.0	0.0	0.0	0.0	10.0	0.0	0.0	0.0	0.0	0.0	0.0	0.0	0.0	0.0	0.0	0.0	0.0	0.0	-0.2	-1000.0	0.000481363467901	0.1	0.0	1000.0	1.0	0.1	0.0	0.0	1000.0	1000.0
38.3	0.0	0.0	0.0	0.0	10.0	0.0	0.0	0.0	0.0	0.0	0.0	0.0	0.0	0.0	0.0	0.0	0.0	0.0	-0.2	-1000.0	0.00047183320866	0.1	0.0	1000.0	1.0	0.1	0.0	0.0	1000.0	1000.0
38.4	0.0	0.0	0.0	0.0	10.0	0.0	0.0	0.0	0.0	0.0	0.0	0.0	0.0	0.0	0.0	0.0	0.0	0.0	-0.2	-1000.0	0.000462491634008	0.1	0.0	1000.0	1.0	0.1	0.0	0.0	1000.0	1000.0
38.5	0.0	0.0	0.0	0.0	10.0	0.0	0.0	0.0	0.0	0.0	0.0	0.0	0.0	0.0	0.0	0.0	0.0	0.0	-0.2	-1000.0	0.000453335008277	0.1	0.0	1000.0	1.0	0.1	0.0	0.0	1000.0	1000.0
38.6	0.0	0.0	0.0	0.0	10.0	0.0	0.0	0.0	0.0	0.0	0.0	0.0	0.0	0.0	0.0	0.0	0.0	0.0	-0.2	-1000.0	0.000444359669762	0.1	0.0	1000.0	1.0	0.1	0.0	0.0	1000.0	1000.0
38.7	0.0	0.0	0.0	0.0	10.0	0.0	0.0	0.0	0.0	0.0	0.0	0.0	0.0	0.0	0.0	0.0	0.0	0.0	-0.2	-1000.0	0.000435562029252	0.1	0.0	1000.0	1.0	0.1	0.0	0.0	1000.0	1000.0
38.8	0.0	0.0	0.0	0.0	10.0	0.0	0.0	0.0	0.0	0.0	0.0	0.0	0.0	0.0	0.0	0.0	0.0	0.0	-0.2	-1000.0	0.000426938568599	0.1	0.0	1000.0	1.0	0.1	0.0	0.0	1000.0	1000.0
38.9	0.0	0.0	0.0	0.0	10.0	0.0	0.0	0.0	0.0	0.0	0.0	0.0	0.0	0.0	0.0	0.0	0.0	0.0	-0.2	-1000.0	0.000418485839306	0.1	0.0	1000.0	1.0	0.1	0.0	0.0	1000.0	1000.0
39.0	0.0	0.0	0.0	0.0	10.0	0.0	0.0	0.0	0.0	0.0	0.0	0.0	0.0	0.0	0.0	0.0	0.0	0.0	-0.2	-1000.0	0.000410200461153	0.1	0.0	1000.0	1.0	0.1	0.0	0.0	1000.0	1000.0
39.1	0.0	0.0	0.0	0.0	10.0	0.0	0.0	0.0	0.0	0.0	0.0	0.0	0.0	0.0	0.0	0.0	0.0	0.0	-0.2	-1000.0	0.000402079120843	0.1	0.0	1000.0	1.0	0.1	0.0	0.0	1000.0	1000.0
39.2	0.0	0.0	0.0	0.0	10.0	0.0	0.0	0.0	0.0	0.0	0.0	0.0	0.0	0.0	0.0	0.0	0.0	0.0	-0.2	-1000.0	0.000394118570677	0.1	0.0	1000.0	1.0	0.1	0.0	0.0	1000.0	1000.0
39.3	0.0	0.0	0.0	0.0	10.0	0.0	0.0	0.0	0.0	0.0	0.0	0.0	0.0	0.0	0.0	0.0	0.0	0.0	-0.2	-1000.0	0.000386315627256	0.1	0.0	1000.0	1.0	0.1	0.0	0.0	1000.0	1000.0
39.4	0.0	0.0	0.0	0.0	10.0	0.0	0.0	0.0	0.0	0.0	0.0	0.0	0.0	0.0	0.0	0.0	0.0	0.0	-0.2	-1000.0	0.000378667170207	0.1	0.0	1000.0	1.0	0.1	0.0	0.0	1000.0	1000.0
39.5	0.0	0.0	0.0	0.0	10.0	0.0	0.0	0.0	0.0	0.0	0.0	0.0	0.0	0.0	0.0	0.0	0.0	0.0	-0.2	-1000.0	0.000371170140934	0.1	0.0	1000.0	1.0	0.1	0.0	0.0	1000.0	1000.0
39.6	0.0	0.0	0.0	0.0	10.0	0.0	0.0	0.0	0.0	0.0	0.0	0.0	0.0	0.0	0.0	0.0	0.0	0.0	-0.2	-1000.0	0.000363821541401	0.1	0.0	1000.0	1.0	0.1	0.0	0.0	1000.0	1000.0
39.7	0.0	0.0	0.0	0.0	10.0	0.0	0.0	0.0	0.0	0.0	0.0	0.0	0.0	0.0	0.0	0.0	0.0	0.0	-0.2	-1000.0	0.000356618432923	0.1	0.0	1000.0	1.0	0.1	0.0	0.0	1000.0	1000.0
39.8	0.0	0.0	0.0	0.0	10.0	0.0	0.0	0.0	0.0	0.0	0.0	0.0	0.0	0.0	0.0	0.0	0.0	0.0	-0.2	-1000.0	0.000349557935	0.1	0.0	1000.0	1.0	0.1	0.0	0.0	1000.0	1000.0
39.9	0.0	0.0	0.0	0.0	10.0	0.0	0.0	0.0	0.0	0.0	0.0	0.0	0.0	0.0	0.0	0.0	0.0	0.0	-0.2	-1000.0	0.000342637224161	0.1	0.0	1000.0	1.0	0.1	0.0	0.0	1000.0	1000.0
40.0	0.0	0.0	0.0	0.0	10.0	0.0	0.0	0.0	0.0	0.0	0.0	0.0	0.0	0.0	0.0	0.0	0.0	0.0	-0.2	-1000.0	0.000335853532835	0.1	0.0	1000.0	1.0	0.1	0.0	0.0	1000.0	1000.0
40.1	0.0	0.0	0.0	0.0	10.0	0.0	0.0	0.0	0.0	0.0	0.0	0.0	0.0	0.0	0.0	0.0	0.0	0.0	-0.2	-1000.0	0.000329204148245	0.1	0.0	1000.0	1.0	0.1	0.0	0.0	1000.0	1000.0
40.2	0.0	0.0	0.0	0.0	10.0	0.0	0.0	0.0	0.0	0.0	0.0	0.0	0.0	0.0	0.0	0.0	0.0	0.0	-0.2	-1000.0	0.000322686411322	0.1	0.0	1000.0	1.0	0.1	0.0	0.0	1000.0	1000.0
40.3	0.0	0.0	0.0	0.0	10.0	0.0	0.0	0.0	0.0	0.0	0.0	0.0	0.0	0.0	0.0	0.0	0.0	0.0	-0.2	-1000.0	0.000316297715643	0.1	0.0	1000.0	1.0	0.1	0.0	0.0	1000.0	1000.0
40.4	0.0	0.0	0.0	0.0	10.0	0.0	0.0	0.0	0.0	0.0	0.0	0.0	0.0	0.0	0.0	0.0	0.0	0.0	-0.2	-1000.0	0.000310035506389	0.1	0.0	1000.0	1.0	0.1	0.0	0.0	1000.0	1000.0
40.5	0.0	0.0	0.0	0.0	10.0	0.0	0.0	0.0	0.0	0.0	0.0	0.0	0.0	0.0	0.0	0.0	0.0	0.0	-0.2	-1000.0	0.000303897279321	0.1	0.0	1000.0	1.0	0.1	0.0	0.0	1000.0	1000.0
40.6	0.0	0.0	0.0	0.0	10.0	0.0	0.0	0.0	0.0	0.0	0.0	0.0	0.0	0.0	0.0	0.0	0.0	0.0	-0.2	-1000.0	0.000297880579781	0.1	0.0	1000.0	1.0	0.1	0.0	0.0	1000.0	1000.0
40.7	0.0	0.0	0.0	0.0	10.0	0.0	0.0	0.0	0.0	0.0	0.0	0.0	0.0	0.0	0.0	0.0	0.0	0.0	-0.2	-1000.0	0.000291983001711	0.1	0.0	1000.0	1.0	0.1	0.0	0.0	1000.0	1000.0
40.8	0.0	0.0	0.0	0.0	10.0	0.0	0.0	0.0	0.0	0.0	0.0	0.0	0.0	0.0	0.0	0.0	0.0	0.0	-0.2	-1000.0	0.000286202186686	0.1	0.0	1000.0	1.0	0.1	0.0	0.0	1000.0	1000.0
40.9	0.0	0.0	0.0	0.0	10.0	0.0	0.0	0.0	0.0	0.0	0.0	0.0	0.0	0.0	0.0	0.0	0.0	0.0	-0.2	-1000.0	0.000280535822976	0.1	0.0	1000.0	1.0	0.1	0.0	0.0	1000.0	1000.0
41.0	0.0	0.0	0.0	0.0	10.0	0.0	0.0	0.0	0.0	0.0	0.0	0.0	0.0	0.0	0.0	0.0	0.0	0.0	-0.2	-1000.0	0.00027498164462	0.1	0.0	1000.0	1.0	0.1	0.0	0.0	1000.0	1000.0
41.1	0.0	0.0	0.0	0.0	10.0	0.0	0.0	0.0	0.0	0.0	0.0	0.0	0.0	0.0	0.0	0.0	0.0	0.0	-0.2	-1000.0	0.000269537430519	0.1	0.0	1000.0	1.0	0.1	0.0	0.0	1000.0	1000.0
41.2	0.0	0.0	0.0	0.0	10.0	0.0	0.0	0.0	0.0	0.0	0.0	0.0	0.0	0.0	0.0	0.0	0.0	0.0	-0.2	-1000.0	0.000264201003549	0.1	0.0	1000.0	1.0	0.1	0.0	0.0	1000.0	1000.0
41.3	0.0	0.0	0.0	0.0	10.0	0.0	0.0	0.0	0.0	0.0	0.0	0.0	0.0	0.0	0.0	0.0	0.0	0.0	-0.2	-1000.0	0.00025897022969	0.1	0.0	1000.0	1.0	0.1	0.0	0.0	1000.0	1000.0
41.4	0.0	0.0	0.0	0.0	10.0	0.0	0.0	0.0	0.0	0.0	0.0	0.0	0.0	0.0	0.0	0.0	0.0	0.0	-0.2	-1000.0	0.000253843017169	0.1	0.0	1000.0	1.0	0.1	0.0	0.0	1000.0	1000.0
41.5	0.0	0.0	0.0	0.0	10.0	0.0	0.0	0.0	0.0	0.0	0.0	0.0	0.0	0.0	0.0	0.0	0.0	0.0	-0.2	-1000.0	0.000248817315632	0.1	0.0	1000.0	1.0	0.1	0.0	0.0	1000.0	1000.0
41.6	0.0	0.0	0.0	0.0	10.0	0.0	0.0	0.0	0.0	0.0	0.0	0.0	0.0	0.0	0.0	0.0	0.0	0.0	-0.2	-1000.0	0.000243891115316	0.1	0.0	1000.0	1.0	0.1	0.0	0.0	1000.0	1000.0
41.7	0.0	0.0	0.0	0.0	10.0	0.0	0.0	0.0	0.0	0.0	0.0	0.0	0.0	0.0	0.0	0.0	0.0	0.0	-0.2	-1000.0	0.000239062446248	0.1	0.0	1000.0	1.0	0.1	0.0	0.0	1000.0	1000.0
41.8	0.0	0.0	0.0	0.0	10.0	0.0	0.0	0.0	0.0	0.0	0.0	0.0	0.0	0.0	0.0	0.0	0.0	0.0	-0.2	-1000.0	0.000234329377459	0.1	0.0	1000.0	1.0	0.1	0.0	0.0	1000.0	1000.0
41.9	0.0	0.0	0.0	0.0	10.0	0.0	0.0	0.0	0.0	0.0	0.0	0.0	0.0	0.0	0.0	0.0	0.0	0.0	-0.2	-1000.0	0.000229690016209	0.1	0.0	1000.0	1.0	0.1	0.0	0.0	1000.0	1000.0
42.0	0.0	0.0	0.0	0.0	10.0	0.0	0.0	0.0	0.0	0.0	0.0	0.0	0.0	0.0	0.0	0.0	0.0	0.0	-0.2	-1000.0	0.000225142507231	0.1	0.0	1000.0	1.0	0.1	0.0	0.0	1000.0	1000.0
42.1	0.0	0.0	0.0	0.0	10.0	0.0	0.0	0.0	0.0	0.0	0.0	0.0	0.0	0.0	0.0	0.0	0.0	0.0	-0.2	-1000.0	0.000220685031991	0.1	0.0	1000.0	1.0	0.1	0.0	0.0	1000.0	1000.0
42.2	0.0	0.0	0.0	0.0	10.0	0.0	0.0	0.0	0.0	0.0	0.0	0.0	0.0	0.0	0.0	0.0	0.0	0.0	-0.2	-1000.0	0.000216315807958	0.1	0.0	1000.0	1.0	0.1	0.0	0.0	1000.0	1000.0
42.3	0.0	0.0	0.0	0.0	10.0	0.0	0.0	0.0	0.0	0.0	0.0	0.0	0.0	0.0	0.0	0.0	0.0	0.0	-0.2	-1000.0	0.000212033087893	0.1	0.0	1000.0	1.0	0.1	0.0	0.0	1000.0	1000.0
42.4	0.0	0.0	0.0	0.0	10.0	0.0	0.0	0.0	0.0	0.0	0.0	0.0	0.0	0.0	0.0	0.0	0.0	0.0	-0.2	-1000.0	0.000207835159149	0.1	0.0	1000.0	1.0	0.1	0.0	0.0	1000.0	1000.0
42.5	0.0	0.0	0.0	0.0	10.0	0.0	0.0	0.0	0.0	0.0	0.0	0.0	0.0	0.0	0.0	0.0	0.0	0.0	-0.2	-1000.0	0.000203720342988	0.1	0.0	1000.0	1.0	0.1	0.0	0.0	1000.0	1000.0
42.6	0.0	0.0	0.0	0.0	10.0	0.0	0.0	0.0	0.0	0.0	0.0	0.0	0.0	0.0	0.0	0.0	0.0	0.0	-0.2	-1000.0	0.000199686993908	0.1	0.0	1000.0	1.0	0.1	0.0	0.0	1000.0	1000.0
42.7	0.0	0.0	0.0	0.0	10.0	0.0	0.0	0.0	0.0	0.0	0.0	0.0	0.0	0.0	0.0	0.0	0.0	0.0	-0.2	-1000.0	0.000195733498983	0.1	0.0	1000.0	1.0	0.1	0.0	0.0	1000.0	1000.0
42.8	0.0	0.0	0.0	0.0	10.0	0.0	0.0	0.0	0.0	0.0	0.0	0.0	0.0	0.0	0.0	0.0	0.0	0.0	-0.2	-1000.0	0.000191858277225	0.1	0.0	1000.0	1.0	0.1	0.0	0.0	1000.0	1000.0
42.9	0.0	0.0	0.0	0.0	10.0	0.0	0.0	0.0	0.0	0.0	0.0	0.0	0.0	0.0	0.0	0.0	0.0	0.0	-0.2	-1000.0	0.000188059778944	0.1	0.0	1000.0	1.0	0.1	0.0	0.0	1000.0	1000.0
43.0	0.0	0.0	0.0	0.0	10.0	0.0	0.0	0.0	0.0	0.0	0.0	0.0	0.0	0.0	0.0	0.0	0.0	0.0	-0.2	-1000.0	0.000184336485132	0.1	0.0	1000.0	1.0	0.1	0.0	0.0	1000.0	1000.0
43.1	0.0	0.0	0.0	0.0	10.0	0.0	0.0	0.0	0.0	0.0	0.0	0.0	0.0	0.0	0.0	0.0	0.0	0.0	-0.2	-1000.0	0.000180686906855	0.1	0.0	1000.0	1.0	0.1	0.0	0.0	1000.0	1000.0
43.2	0.0	0.0	0.0	0.0	10.0	0.0	0.0	0.0	0.0	0.0	0.0	0.0	0.0	0.0	0.0	0.0	0.0	0.0	-0.2	-1000.0	0.000177109584658	0.1	0.0	1000.0	1.0	0.1	0.0	0.0	1000.0	1000.0
43.3	0.0	0.0	0.0	0.0	10.0	0.0	0.0	0.0	0.0	0.0	0.0	0.0	0.0	0.0	0.0	0.0	0.0	0.0	-0.2	-1000.0	0.000173603087982	0.1	0.0	1000.0	1.0	0.1	0.0	0.0	1000.0	1000.0
43.4	0.0	0.0	0.0	0.0	10.0	0.0	0.0	0.0	0.0	0.0	0.0	0.0	0.0	0.0	0.0	0.0	0.0	0.0	-0.2	-1000.0	0.000170166014588	0.1	0.0	1000.0	1.0	0.1	0.0	0.0	1000.0	1000.0
43.5	0.0	0.0	0.0	0.0	10.0	0.0	0.0	0.0	0.0	0.0	0.0	0.0	0.0	0.0	0.0	0.0	0.0	0.0	-0.2	-1000.0	0.000166796990003	0.1	0.0	1000.0	1.0	0.1	0.0	0.0	1000.0	1000.0
43.6	0.0	0.0	0.0	0.0	10.0	0.0	0.0	0.0	0.0	0.0	0.0	0.0	0.0	0.0	0.0	0.0	0.0	0.0	-0.2	-1000.0	0.000163494666962	0.1	0.0	1000.0	1.0	0.1	0.0	0.0	1000.0	1000.0
43.7	0.0	0.0	0.0	0.0	10.0	0.0	0.0	0.0	0.0	0.0	0.0	0.0	0.0	0.0	0.0	0.0	0.0	0.0	-0.2	-1000.0	0.000160257724878	0.1	0.0	1000.0	1.0	0.1	0.0	0.0	1000.0	1000.0
43.8	0.0	0.0	0.0	0.0	10.0	0.0	0.0	0.0	0.0	0.0	0.0	0.0	0.0	0.0	0.0	0.0	0.0	0.0	-0.2	-1000.0	0.000157084869308	0.1	0.0	1000.0	1.0	0.1	0.0	0.0	1000.0	1000.0
43.9	0.0	0.0	0.0	0.0	10.0	0.0	0.0	0.0	0.0	0.0	0.0	0.0	0.0	0.0	0.0	0.0	0.0	0.0	-0.2	-1000.0	0.000153974831436	0.1	0.0	1000.0	1.0	0.1	0.0	0.0	1000.0	1000.0
44.0	0.0	0.0	0.0	0.0	10.0	0.0	0.0	0.0	0.0	0.0	0.0	0.0	0.0	0.0	0.0	0.0	0.0	0.0	-0.2	-1000.0	0.000150926367567	0.1	0.0	1000.0	1.0	0.1	0.0	0.0	1000.0	1000.0
44.1	0.0	0.0	0.0	0.0	10.0	0.0	0.0	0.0	0.0	0.0	0.0	0.0	0.0	0.0	0.0	0.0	0.0	0.0	-0.2	-1000.0	0.00014793825863	0.1	0.0	1000.0	1.0	0.1	0.0	0.0	1000.0	1000.0
44.2	0.0	0.0	0.0	0.0	10.0	0.0	0.0	0.0	0.0	0.0	0.0	0.0	0.0	0.0	0.0	0.0	0.0	0.0	-0.2	-1000.0	0.000145009309691	0.1	0.0	1000.0	1.0	0.1	0.0	0.0	1000.0	1000.0
44.3	0.0	0.0	0.0	0.0	10.0	0.0	0.0	0.0	0.0	0.0	0.0	0.0	0.0	0.0	0.0	0.0	0.0	0.0	-0.2	-1000.0	0.00014213834947	0.1	0.0	1000.0	1.0	0.1	0.0	0.0	1000.0	1000.0
44.4	0.0	0.0	0.0	0.0	10.0	0.0	0.0	0.0	0.0	0.0	0.0	0.0	0.0	0.0	0.0	0.0	0.0	0.0	-0.2	-1000.0	0.000139324229881	0.1	0.0	1000.0	1.0	0.1	0.0	0.0	1000.0	1000.0
44.5	0.0	0.0	0.0	0.0	10.0	0.0	0.0	0.0	0.0	0.0	0.0	0.0	0.0	0.0	0.0	0.0	0.0	0.0	-0.2	-1000.0	0.000136565825565	0.1	0.0	1000.0	1.0	0.1	0.0	0.0	1000.0	1000.0
44.6	0.0	0.0	0.0	0.0	10.0	0.0	0.0	0.0	0.0	0.0	0.0	0.0	0.0	0.0	0.0	0.0	0.0	0.0	-0.2	-1000.0	0.000133862033444	0.1	0.0	1000.0	1.0	0.1	0.0	0.0	1000.0	1000.0
44.7	0.0	0.0	0.0	0.0	10.0	0.0	0.0	0.0	0.0	0.0	0.0	0.0	0.0	0.0	0.0	0.0	0.0	0.0	-0.2	-1000.0	0.000131211772281	0.1	0.0	1000.0	1.0	0.1	0.0	0.0	1000.0	1000.0
44.8	0.0	0.0	0.0	0.0	10.0	0.0	0.0	0.0	0.0	0.0	0.0	0.0	0.0	0.0	0.0	0.0	0.0	0.0	-0.2	-1000.0	0.000128613982245	0.1	0.0	1000.0	1.0	0.1	0.0	0.0	1000.0	1000.0
44.9	0.0	0.0	0.0	0.0	10.0	0.0	0.0	0.0	0.0	0.0	0.0	0.0	0.0	0.0	0.0	0.0	0.0	0.0	-0.2	-1000.0	0.000126067624487	0.1	0.0	1000.0	1.0	0.1	0.0	0.0	1000.0	1000.0
45.0	0.0	0.0	0.0	0.0	10.0	0.0	0.0	0.0	0.0	0.0	0.0	0.0	0.0	0.0	0.0	0.0	0.0	0.0	-0.2	-1000.0	0.000123571680727	0.1	0.0	1000.0	1.0	0.1	0.0	0.0	1000.0	1000.0
45.1	0.0	0.0	0.0	0.0	10.0	0.0	0.0	0.0	0.0	0.0	0.0	0.0	0.0	0.0	0.0	0.0	0.0	0.0	-0.2	-1000.0	0.000121125152844	0.1	0.0	1000.0	1.0	0.1	0.0	0.0	1000.0	1000.0
45.2	0.0	0.0	0.0	0.0	10.0	0.0	0.0	0.0	0.0	0.0	0.0	0.0	0.0	0.0	0.0	0.0	0.0	0.0	-0.2	-1000.0	0.000118727062479	0.1	0.0	1000.0	1.0	0.1	0.0	0.0	1000.0	1000.0
45.3	0.0	0.0	0.0	0.0	10.0	0.0	0.0	0.0	0.0	0.0	0.0	0.0	0.0	0.0	0.0	0.0	0.0	0.0	-0.2	-1000.0	0.000116376450644	0.1	0.0	1000.0	1.0	0.1	0.0	0.0	1000.0	1000.0
45.4	0.0	0.0	0.0	0.0	10.0	0.0	0.0	0.0	0.0	0.0	0.0	0.0	0.0	0.0	0.0	0.0	0.0	0.0	-0.2	-1000.0	0.000114072377336	0.1	0.0	1000.0	1.0	0.1	0.0	0.0	1000.0	1000.0
45.5	0.0	0.0	0.0	0.0	10.0	0.0	0.0	0.0	0.0	0.0	0.0	0.0	0.0	0.0	0.0	0.0	0.0	0.0	-0.2	-1000.0	0.000111813921163	0.1	0.0	1000.0	1.0	0.1	0.0	0.0	1000.0	1000.0
45.6	0.0	0.0	0.0	0.0	10.0	0.0	0.0	0.0	0.0	0.0	0.0	0.0	0.0	0.0	0.0	0.0	0.0	0.0	-0.2	-1000.0	0.000109600178976	0.1	0.0	1000.0	1.0	0.1	0.0	0.0	1000.0	1000.0
45.7	0.0	0.0	0.0	0.0	10.0	0.0	0.0	0.0	0.0	0.0	0.0	0.0	0.0	0.0	0.0	0.0	0.0	0.0	-0.2	-1000.0	0.000107430265505	0.1	0.0	1000.0	1.0	0.1	0.0	0.0	1000.0	1000.0
45.8	0.0	0.0	0.0	0.0	10.0	0.0	0.0	0.0	0.0	0.0	0.0	0.0	0.0	0.0	0.0	0.0	0.0	0.0	-0.2	-1000.0	0.00010530331301	0.1	0.0	1000.0	1.0	0.1	0.0	0.0	1000.0	1000.0
45.9	0.0	0.0	0.0	0.0	10.0	0.0	0.0	0.0	0.0	0.0	0.0	0.0	0.0	0.0	0.0	0.0	0.0	0.0	-0.2	-1000.0	0.000103218470928	0.1	0.0	1000.0	1.0	0.1	0.0	0.0	1000.0	1000.0
46.0	0.0	0.0	0.0	0.0	10.0	0.0	0.0	0.0	0.0	0.0	0.0	0.0	0.0	0.0	0.0	0.0	0.0	0.0	-0.2	-1000.0	0.000101174905538	0.1	0.0	1000.0	1.0	0.1	0.0	0.0	1000.0	1000.0
46.1	0.0	0.0	0.0	0.0	10.0	0.0	0.0	0.0	0.0	0.0	0.0	0.0	0.0	0.0	0.0	0.0	0.0	0.0	-0.2	-1000.0	9.9171799624e-05	0.1	0.0	1000.0	1.0	0.1	0.0	0.0	1000.0	1000.0
46.2	0.0	0.0	0.0	0.0	10.0	0.0	0.0	0.0	0.0	0.0	0.0	0.0	0.0	0.0	0.0	0.0	0.0	0.0	-0.2	-1000.0	9.720835215e-05	0.1	0.0	1000.0	1.0	0.1	0.0	0.0	1000.0	1000.0
46.3	0.0	0.0	0.0	0.0	10.0	0.0	0.0	0.0	0.0	0.0	0.0	0.0	0.0	0.0	0.0	0.0	0.0	0.0	-0.2	-1000.0	9.52837779396e-05	0.1	0.0	1000.0	1.0	0.1	0.0	0.0	1000.0	1000.0
46.4	0.0	0.0	0.0	0.0	10.0	0.0	0.0	0.0	0.0	0.0	0.0	0.0	0.0	0.0	0.0	0.0	0.0	0.0	-0.2	-1000.0	9.33973073614e-05	0.1	0.0	1000.0	1.0	0.1	0.0	0.0	1000.0	1000.0
46.5	0.0	0.0	0.0	0.0	10.0	0.0	0.0	0.0	0.0	0.0	0.0	0.0	0.0	0.0	0.0	0.0	0.0	0.0	-0.2	-1000.0	9.15481860218e-05	0.1	0.0	1000.0	1.0	0.1	0.0	0.0	1000.0	1000.0
46.6	0.0	0.0	0.0	0.0	10.0	0.0	0.0	0.0	0.0	0.0	0.0	0.0	0.0	0.0	0.0	0.0	0.0	0.0	-0.2	-1000.0	8.97356744627e-05	0.1	0.0	1000.0	1.0	0.1	0.0	0.0	1000.0	1000.0
46.7	0.0	0.0	0.0	0.0	10.0	0.0	0.0	0.0	0.0	0.0	0.0	0.0	0.0	0.0	0.0	0.0	0.0	0.0	-0.2	-1000.0	8.79590478664e-05	0.1	0.0	1000.0	1.0	0.1	0.0	0.0	1000.0	1000.0
46.8	0.0	0.0	0.0	0.0	10.0	0.0	0.0	0.0	0.0	0.0	0.0	0.0	0.0	0.0	0.0	0.0	0.0	0.0	-0.2	-1000.0	8.62175957654e-05	0.1	0.0	1000.0	1.0	0.1	0.0	0.0	1000.0	1000.0
46.9	0.0	0.0	0.0	0.0	10.0	0.0	0.0	0.0	0.0	0.0	0.0	0.0	0.0	0.0	0.0	0.0	0.0	0.0	-0.2	-1000.0	8.45106217584e-05	0.1	0.0	1000.0	1.0	0.1	0.0	0.0	1000.0	1000.0
47.0	0.0	0.0	0.0	0.0	10.0	0.0	0.0	0.0	0.0	0.0	0.0	0.0	0.0	0.0	0.0	0.0	0.0	0.0	-0.2	-1000.0	8.28374432317e-05	0.1	0.0	1000.0	1.0	0.1	0.0	0.0	1000.0	1000.0
47.1	0.0	0.0	0.0	0.0	10.0	0.0	0.0	0.0	0.0	0.0	0.0	0.0	0.0	0.0	0.0	0.0	0.0	0.0	-0.2	-1000.0	8.11973910863e-05	0.1	0.0	1000.0	1.0	0.1	0.0	0.0	1000.0	1000.0
47.2	0.0	0.0	0.0	0.0	10.0	0.0	0.0	0.0	0.0	0.0	0.0	0.0	0.0	0.0	0.0	0.0	0.0	0.0	-0.2	-1000.0	7.95898094706e-05	0.1	0.0	1000.0	1.0	0.1	0.0	0.0	1000.0	1000.0
47.3	0.0	0.0	0.0	0.0	10.0	0.0	0.0	0.0	0.0	0.0	0.0	0.0	0.0	0.0	0.0	0.0	0.0	0.0	-0.2	-1000.0	7.80140555175e-05	0.1	0.0	1000.0	1.0	0.1	0.0	0.0	1000.0	1000.0
47.4	0.0	0.0	0.0	0.0	10.0	0.0	0.0	0.0	0.0	0.0	0.0	0.0	0.0	0.0	0.0	0.0	0.0	0.0	-0.2	-1000.0	7.6469499088e-05	0.1	0.0	1000.0	1.0	0.1	0.0	0.0	1000.0	1000.0
47.5	0.0	0.0	0.0	0.0	10.0	0.0	0.0	0.0	0.0	0.0	0.0	0.0	0.0	0.0	0.0	0.0	0.0	0.0	-0.2	-1000.0	7.49555225186e-05	0.1	0.0	1000.0	1.0	0.1	0.0	0.0	1000.0	1000.0
47.6	0.0	0.0	0.0	0.0	10.0	0.0	0.0	0.0	0.0	0.0	0.0	0.0	0.0	0.0	0.0	0.0	0.0	0.0	-0.2	-1000.0	7.34715203747e-05	0.1	0.0	1000.0	1.0	0.1	0.0	0.0	1000.0	1000.0
47.7	0.0	0.0	0.0	0.0	10.0	0.0	0.0	0.0	0.0	0.0	0.0	0.0	0.0	0.0	0.0	0.0	0.0	0.0	-0.2	-1000.0	7.20168992086e-05	0.1	0.0	1000.0	1.0	0.1	0.0	0.0	1000.0	1000.0
47.8	0.0	0.0	0.0	0.0	10.0	0.0	0.0	0.0	0.0	0.0	0.0	0.0	0.0	0.0	0.0	0.0	0.0	0.0	-0.2	-1000.0	7.05910773217e-05	0.1	0.0	1000.0	1.0	0.1	0.0	0.0	1000.0	1000.0
47.9	0.0	0.0	0.0	0.0	10.0	0.0	0.0	0.0	0.0	0.0	0.0	0.0	0.0	0.0	0.0	0.0	0.0	0.0	-0.2	-1000.0	6.91934845322e-05	0.1	0.0	1000.0	1.0	0.1	0.0	0.0	1000.0	1000.0
48.0	0.0	0.0	0.0	0.0	10.0	0.0	0.0	0.0	0.0	0.0	0.0	0.0	0.0	0.0	0.0	0.0	0.0	0.0	-0.2	-1000.0	6.78235619471e-05	0.1	0.0	1000.0	1.0	0.1	0.0	0.0	1000.0	1000.0
48.1	0.0	0.0	0.0	0.0	10.0	0.0	0.0	0.0	0.0	0.0	0.0	0.0	0.0	0.0	0.0	0.0	0.0	0.0	-0.2	-1000.0	6.64807617385e-05	0.1	0.0	1000.0	1.0	0.1	0.0	0.0	1000.0	1000.0
48.2	0.0	0.0	0.0	0.0	10.0	0.0	0.0	0.0	0.0	0.0	0.0	0.0	0.0	0.0	0.0	0.0	0.0	0.0	-0.2	-1000.0	6.51645469248e-05	0.1	0.0	1000.0	1.0	0.1	0.0	0.0	1000.0	1000.0
48.3	0.0	0.0	0.0	0.0	10.0	0.0	0.0	0.0	0.0	0.0	0.0	0.0	0.0	0.0	0.0	0.0	0.0	0.0	-0.2	-1000.0	6.38743911557e-05	0.1	0.0	1000.0	1.0	0.1	0.0	0.0	1000.0	1000.0
48.4	0.0	0.0	0.0	0.0	10.0	0.0	0.0	0.0	0.0	0.0	0.0	0.0	0.0	0.0	0.0	0.0	0.0	0.0	-0.2	-1000.0	6.2609778502e-05	0.1	0.0	1000.0	1.0	0.1	0.0	0.0	1000.0	1000.0
48.5	0.0	0.0	0.0	0.0	10.0	0.0	0.0	0.0	0.0	0.0	0.0	0.0	0.0	0.0	0.0	0.0	0.0	0.0	-0.2	-1000.0	6.13702032488e-05	0.1	0.0	1000.0	1.0	0.1	0.0	0.0	1000.0	1000.0
48.6	0.0	0.0	0.0	0.0	10.0	0.0	0.0	0.0	0.0	0.0	0.0	0.0	0.0	0.0	0.0	0.0	0.0	0.0	-0.2	-1000.0	6.0155169694e-05	0.1	0.0	1000.0	1.0	0.1	0.0	0.0	1000.0	1000.0
48.7	0.0	0.0	0.0	0.0	10.0	0.0	0.0	0.0	0.0	0.0	0.0	0.0	0.0	0.0	0.0	0.0	0.0	0.0	-0.2	-1000.0	5.89641919493e-05	0.1	0.0	1000.0	1.0	0.1	0.0	0.0	1000.0	1000.0
48.8	0.0	0.0	0.0	0.0	10.0	0.0	0.0	0.0	0.0	0.0	0.0	0.0	0.0	0.0	0.0	0.0	0.0	0.0	-0.2	-1000.0	5.77967937464e-05	0.1	0.0	1000.0	1.0	0.1	0.0	0.0	1000.0	1000.0
48.9	0.0	0.0	0.0	0.0	10.0	0.0	0.0	0.0	0.0	0.0	0.0	0.0	0.0	0.0	0.0	0.0	0.0	0.0	-0.2	-1000.0	5.66525082463e-05	0.1	0.0	1000.0	1.0	0.1	0.0	0.0	1000.0	1000.0
49.0	0.0	0.0	0.0	0.0	10.0	0.0	0.0	0.0	0.0	0.0	0.0	0.0	0.0	0.0	0.0	0.0	0.0	0.0	-0.2	-1000.0	5.55308778529e-05	0.1	0.0	1000.0	1.0	0.1	0.0	0.0	1000.0	1000.0
49.1	0.0	0.0	0.0	0.0	10.0	0.0	0.0	0.0	0.0	0.0	0.0	0.0	0.0	0.0	0.0	0.0	0.0	0.0	-0.2	-1000.0	5.44314540295e-05	0.1	0.0	1000.0	1.0	0.1	0.0	0.0	1000.0	1000.0
49.2	0.0	0.0	0.0	0.0	10.0	0.0	0.0	0.0	0.0	0.0	0.0	0.0	0.0	0.0	0.0	0.0	0.0	0.0	-0.2	-1000.0	5.335379712e-05	0.1	0.0	1000.0	1.0	0.1	0.0	0.0	1000.0	1000.0
49.3	0.0	0.0	0.0	0.0	10.0	0.0	0.0	0.0	0.0	0.0	0.0	0.0	0.0	0.0	0.0	0.0	0.0	0.0	-0.2	-1000.0	5.22974761727e-05	0.1	0.0	1000.0	1.0	0.1	0.0	0.0	1000.0	1000.0
49.4	0.0	0.0	0.0	0.0	10.0	0.0	0.0	0.0	0.0	0.0	0.0	0.0	0.0	0.0	0.0	0.0	0.0	0.0	-0.2	-1000.0	5.12620687681e-05	0.1	0.0	1000.0	1.0	0.1	0.0	0.0	1000.0	1000.0
49.5	0.0	0.0	0.0	0.0	10.0	0.0	0.0	0.0	0.0	0.0	0.0	0.0	0.0	0.0	0.0	0.0	0.0	0.0	-0.2	-1000.0	5.024716085e-05	0.1	0.0	1000.0	1.0	0.1	0.0	0.0	1000.0	1000.0
49.6	0.0	0.0	0.0	0.0	10.0	0.0	0.0	0.0	0.0	0.0	0.0	0.0	0.0	0.0	0.0	0.0	0.0	0.0	-0.2	-1000.0	4.92523465598e-05	0.1	0.0	1000.0	1.0	0.1	0.0	0.0	1000.0	1000.0
49.7	0.0	0.0	0.0	0.0	10.0	0.0	0.0	0.0	0.0	0.0	0.0	0.0	0.0	0.0	0.0	0.0	0.0	0.0	-0.2	-1000.0	4.82772280744e-05	0.1	0.0	1000.0	1.0	0.1	0.0	0.0	1000.0	1000.0
49.8	0.0	0.0	0.0	0.0	10.0	0.0	0.0	0.0	0.0	0.0	0.0	0.0	0.0	0.0	0.0	0.0	0.0	0.0	-0.2	-1000.0	4.73214154468e-05	0.1	0.0	1000.0	1.0	0.1	0.0	0.0	1000.0	1000.0
49.9	0.0	0.0	0.0	0.0	10.0	0.0	0.0	0.0	0.0	0.0	0.0	0.0	0.0	0.0	0.0	0.0	0.0	0.0	-0.2	-1000.0	4.63845264506e-05	0.1	0.0	1000.0	1.0	0.1	0.0	0.0	1000.0	1000.0
50.0	0.0	0.0	0.0	0.0	10.0	0.0	0.0	0.0	0.0	0.0	0.0	0.0	0.0	0.0	0.0	0.0	0.0	0.0	-0.2	-1000.0	4.54661864268e-05	0.1	0.0	1000.0	1.0	0.1	0.0	0.0	1000.0	1000.0
