	compartments	constraints	events	events_delay	events_event_assignments	events_math	events_priority	events_trigger	function_definitions	initial_assignments	kinetic_laws	kinetic_laws_math	level_version	math	parameters	parameters_local	reactions	rules	rules_algebraic_rules	rules_assignment_rules	rules_rate_rules	species	unit_definitions	release	date	status
MODEL0072364382	15	0	0	0	0	0	0	0	0	0	0	0	L2V3	0	0	0	1857	0	0	0	0	2152	0	R24	2012-12-12	non_curated
MODEL0318212660	1	0	0	0	0	0	0	0	0	0	41	41	L2V1	41	55	0	41	0	0	0	0	15	0	R24	2012-12-12	non_curated
MODEL0393108880	1	0	0	0	0	0	0	0	0	0	0	0	L2V3	86	156	0	0	86	0	69	17	0	21	R24	2012-12-12	non_curated
MODEL0403888565	1	0	0	0	0	0	0	0	0	0	805	805	L2V1	815	46	1076	805	10	0	9	1	377	0	R24	2012-12-12	non_curated
MODEL0403928902	1	0	0	0	0	0	0	0	0	0	805	805	L2V1	815	46	1076	805	10	0	9	1	377	0	R24	2012-12-12	non_curated
MODEL0403954746	1	0	0	0	0	0	0	0	0	0	805	805	L2V1	815	46	1076	805	10	0	9	1	377	0	R24	2012-12-12	non_curated
MODEL0403988150	1	0	0	0	0	0	0	0	0	0	806	806	L2V1	816	46	1078	806	10	0	9	1	377	0	R24	2012-12-12	non_curated
MODEL0404023805	1	0	0	0	0	0	0	0	0	0	806	806	L2V1	816	46	1078	806	10	0	9	1	377	0	R24	2012-12-12	non_curated
MODEL0406151557	1	0	0	0	0	0	0	0	0	0	0	0	L2V3	64	122	0	0	64	0	49	15	0	16	R24	2012-12-12	non_curated
MODEL0406270966	1	0	0	0	0	0	0	0	0	0	0	0	L2V3	99	153	0	0	99	0	81	18	0	23	R24	2012-12-12	non_curated
MODEL0406553884	1	0	0	0	0	0	0	0	0	0	0	0	L2V3	166	217	0	0	166	0	125	41	0	38	R24	2012-12-12	non_curated
MODEL0406793751	1	0	0	0	0	0	0	0	0	0	0	0	L2V3	213	298	0	0	213	0	158	55	0	39	R24	2012-12-12	non_curated
MODEL0478740924	1	0	0	0	0	0	0	0	0	0	0	0	L2V3	20	44	0	0	20	0	15	5	0	6	R24	2012-12-12	non_curated
MODEL0478895291	1	0	0	0	0	0	0	0	0	0	0	0	L2V3	25	71	0	0	25	0	9	16	0	6	R24	2012-12-12	non_curated
MODEL0479527919	1	0	0	0	0	0	0	0	0	0	0	0	L2V3	39	72	0	0	39	0	31	8	0	13	R24	2012-12-12	non_curated
MODEL0479926177	1	0	0	0	0	0	0	0	0	0	0	0	L2V3	4	11	0	0	4	0	1	3	0	3	R24	2012-12-12	non_curated
MODEL0491251823	1	0	0	0	0	0	0	0	0	0	0	0	L2V3	15	35	0	0	15	0	1	14	0	4	R24	2012-12-12	non_curated
MODEL0568648427	3	0	0	0	0	0	0	0	0	0	0	0	L2V3	0	0	0	33	0	0	0	0	33	0	R24	2012-12-12	non_curated
MODEL0847712949	1	0	0	0	0	0	0	0	0	0	0	0	L2V3	106	195	0	0	106	0	79	27	0	17	R24	2012-12-12	non_curated
MODEL0847869198	1	0	0	0	0	0	0	0	0	0	0	0	L2V3	97	163	0	0	97	0	66	31	0	20	R24	2012-12-12	non_curated
MODEL0847999575	1	0	0	0	0	0	0	0	0	0	0	0	L2V3	379	494	0	0	379	0	312	67	0	41	R24	2012-12-12	non_curated
MODEL0848062679	1	0	0	0	0	0	0	0	0	0	0	0	L2V3	29	80	0	0	29	0	16	13	0	11	R24	2012-12-12	non_curated
MODEL0848116681	1	0	0	0	0	0	0	0	0	0	0	0	L2V3	134	191	0	0	134	0	105	29	0	19	R24	2012-12-12	non_curated
MODEL0848279215	1	0	0	0	0	0	0	0	0	0	0	0	L2V3	251	346	0	0	251	0	148	103	0	4	R24	2012-12-12	non_curated
MODEL0848342500	1	0	0	0	0	0	0	0	0	0	0	0	L2V3	65	121	0	0	65	0	59	6	0	15	R24	2012-12-12	non_curated
MODEL0848444339	1	0	0	0	0	0	0	0	0	0	0	0	L2V3	61	119	0	0	61	0	46	15	0	17	R24	2012-12-12	non_curated
MODEL0848507209	1	0	0	0	0	0	0	0	0	0	0	0	L2V3	6	12	0	0	6	0	1	5	0	8	R24	2012-12-12	non_curated
MODEL0848676877	1	0	0	0	0	0	0	0	0	0	0	0	L2V3	8	19	0	0	8	0	4	4	0	6	R24	2012-12-12	non_curated
MODEL0909931851	1	0	0	0	0	0	0	0	0	0	0	0	L2V3	6	13	0	0	6	0	5	1	0	2	R24	2012-12-12	non_curated
MODEL0910846879	1	0	0	0	0	0	0	0	0	0	0	0	L2V3	10	20	0	0	10	0	9	1	0	1	R24	2012-12-12	non_curated
MODEL0910896131	1	0	0	0	0	0	0	0	0	0	0	0	L2V3	2	8	0	0	2	0	0	2	0	1	R24	2012-12-12	non_curated
MODEL0910928451	1	0	0	0	0	0	0	0	0	0	0	0	L2V3	15	25	0	0	15	0	14	1	0	1	R24	2012-12-12	non_curated
MODEL0911047946	1	0	0	0	0	0	0	0	0	0	0	0	L2V3	15	24	0	0	15	0	13	2	0	21	R24	2012-12-12	non_curated
MODEL0911091440	1	0	0	0	0	0	0	0	0	0	0	0	L2V3	16	24	0	0	16	0	14	2	0	1	R24	2012-12-12	non_curated
MODEL0911120000	3	0	4	4	4	12	0	4	0	0	18	18	L2V4	42	45	0	18	12	0	12	0	9	0	R24	2012-12-12	non_curated
MODEL0911169699	1	0	0	0	0	0	0	0	0	0	0	0	L2V3	12	22	0	0	12	0	9	3	0	1	R24	2012-12-12	non_curated
MODEL0911202318	1	0	0	0	0	0	0	0	0	0	0	0	L2V3	7	14	0	0	7	0	5	2	0	1	R24	2012-12-12	non_curated
MODEL0911231713	1	0	0	0	0	0	0	0	0	0	0	0	L2V3	5	14	0	0	5	0	2	3	0	1	R24	2012-12-12	non_curated
MODEL0911270004	1	0	0	0	0	0	0	0	0	0	0	0	L2V4	3	14	0	0	3	0	0	3	0	5	R24	2012-12-12	non_curated
MODEL0911270005	1	0	0	0	0	0	0	0	0	0	0	0	L2V4	25	56	0	0	25	0	23	2	0	0	R24	2012-12-12	non_curated
MODEL0911270006	1	0	0	0	0	0	0	0	0	0	0	0	L2V4	5	10	0	0	5	0	5	0	0	0	R24	2012-12-12	non_curated
MODEL0911270007	1	0	0	0	0	0	0	0	0	0	0	0	L2V4	25	43	0	0	25	0	10	15	0	4	R24	2012-12-12	non_curated
MODEL0911270008	1	0	0	0	0	0	0	0	0	0	0	0	L2V4	2	7	0	0	2	0	0	2	0	1	R24	2012-12-12	non_curated
MODEL0911272039	1	0	0	0	0	0	0	0	0	0	0	0	L2V3	7	14	0	0	7	0	6	1	0	1	R24	2012-12-12	non_curated
MODEL0911309080	1	0	0	0	0	0	0	0	0	0	0	0	L2V3	11	23	0	0	11	0	10	1	0	1	R24	2012-12-12	non_curated
MODEL0911342562	1	0	0	0	0	0	0	0	0	0	0	0	L2V3	12	27	0	0	12	0	10	2	0	1	R24	2012-12-12	non_curated
MODEL0911376350	1	0	0	0	0	0	0	0	0	0	0	0	L2V3	13	29	0	0	13	0	12	1	0	1	R24	2012-12-12	non_curated
MODEL0911532520	1	0	0	0	0	0	0	0	0	0	0	0	L2V3	2	8	0	0	2	0	0	2	0	4	R24	2012-12-12	non_curated
MODEL0911601070	1	0	0	0	0	0	0	0	0	0	0	0	L2V3	90	241	0	0	90	0	75	15	0	12	R24	2012-12-12	non_curated
MODEL0911665321	1	0	0	0	0	0	0	0	0	0	0	0	L2V3	65	145	0	0	65	0	52	13	0	18	R24	2012-12-12	non_curated
MODEL0911989198	1	0	0	0	0	0	0	0	0	0	0	0	L2V3	12	40	0	0	12	0	9	3	0	10	R24	2012-12-12	non_curated
MODEL0912044015	1	0	0	0	0	0	0	0	0	0	0	0	L2V3	35	84	0	0	35	0	27	8	0	14	R24	2012-12-12	non_curated
MODEL0912096133	1	0	0	0	0	0	0	0	0	0	0	0	L2V3	9	42	0	0	9	0	4	5	0	7	R24	2012-12-12	non_curated
MODEL0912153452	1	0	0	0	0	0	0	0	0	0	0	0	L2V3	122	214	0	0	122	0	103	19	0	30	R24	2012-12-12	non_curated
MODEL0912160000	1	0	0	0	0	0	0	0	0	0	0	0	L2V4	33	57	0	0	33	0	28	5	0	0	R24	2012-12-12	non_curated
MODEL0912160001	1	0	0	0	0	0	0	0	0	0	0	0	L2V4	15	26	0	0	15	0	11	4	0	0	R24	2012-12-12	non_curated
MODEL0912160003	1	0	0	0	0	0	0	0	0	0	0	0	L2V4	76	147	0	0	76	0	64	12	0	17	R24	2012-12-12	non_curated
MODEL0912160004	1	0	0	0	0	0	0	0	0	0	0	0	L2V4	133	243	0	0	133	0	77	56	0	27	R24	2012-12-12	non_curated
MODEL0912160005	1	0	0	0	0	0	0	0	0	0	0	0	L2V4	12	21	0	0	12	0	9	3	0	0	R24	2012-12-12	non_curated
MODEL0912180000	0	0	0	0	0	0	0	0	0	0	0	0	L2V4	0	0	0	0	0	0	0	0	0	0	R24	2012-12-12	non_curated
MODEL0912388235	1	0	0	0	0	0	0	0	0	0	0	0	L2V3	9	26	0	0	9	0	6	3	0	7	R24	2012-12-12	non_curated
MODEL0912452142	1	0	0	0	0	0	0	0	0	0	0	0	L2V3	6	17	0	0	6	0	3	3	0	7	R24	2012-12-12	non_curated
MODEL0912503622	1	0	0	0	0	0	0	0	0	0	0	0	L2V3	70	132	0	0	70	0	52	18	0	13	R24	2012-12-12	non_curated
MODEL0912768548	1	0	0	0	0	0	0	0	0	0	0	0	L2V3	66	128	0	0	66	0	50	16	0	17	R24	2012-12-12	non_curated
MODEL0912835813	1	0	0	0	0	0	0	0	0	0	0	0	L2V3	16	46	0	0	16	0	3	13	0	13	R24	2012-12-12	non_curated
MODEL0912887467	1	0	0	0	0	0	0	0	0	0	0	0	L2V3	97	149	0	0	97	0	70	27	0	22	R24	2012-12-12	non_curated
MODEL0912940495	1	0	0	0	0	0	0	0	0	0	0	0	L2V3	112	157	0	0	112	0	83	29	0	24	R24	2012-12-12	non_curated
MODEL0913003363	1	0	0	0	0	0	0	0	0	0	0	0	L2V3	11	32	0	0	11	0	7	4	0	7	R24	2012-12-12	non_curated
MODEL0913049417	1	0	0	0	0	0	0	0	0	0	0	0	L2V3	102	146	0	0	102	0	81	21	0	18	R24	2012-12-12	non_curated
MODEL0913095435	1	0	0	0	0	0	0	0	0	0	0	0	L2V3	106	211	0	0	106	0	84	22	0	19	R24	2012-12-12	non_curated
MODEL0913145131	1	0	0	0	0	0	0	0	0	0	0	0	L2V3	66	100	0	0	66	0	52	14	0	19	R24	2012-12-12	non_curated
MODEL0913242281	1	0	0	0	0	0	0	0	0	0	0	0	L2V3	19	42	0	0	19	0	6	13	0	3	R24	2012-12-12	non_curated
MODEL0913285268	1	0	0	0	0	0	0	0	0	0	0	0	L2V3	28	97	0	0	28	0	9	19	0	3	R24	2012-12-12	non_curated
MODEL0975191032	1	0	0	0	0	0	0	0	0	0	133	133	L2V3	133	0	219	133	0	0	0	0	116	4	R24	2012-12-12	non_curated
MODEL0995500644	1	0	0	0	0	0	0	0	0	0	13	13	L2V1	13	0	41	13	0	0	0	0	12	0	R24	2012-12-12	non_curated
MODEL1001150000	1	0	0	0	0	0	0	0	0	0	480	480	L2V4	481	48	0	480	1	0	1	0	156	0	R24	2012-12-12	non_curated
MODEL1001200000	2	0	0	0	0	0	0	0	0	699	1059	1059	L2V4	1758	699	5404	1059	0	0	0	0	1748	3	R24	2012-12-12	non_curated
MODEL1002160000	1	0	0	0	0	0	0	0	10	0	17	17	L2V4	37	64	0	17	10	0	10	0	19	3	R24	2012-12-12	non_curated
MODEL1002240000	4	0	0	0	0	0	0	0	0	0	1706	0	L2V3	0	0	6824	1706	0	0	0	0	1824	1	R24	2012-12-12	non_curated
MODEL1004010000	1	0	0	0	0	0	0	0	0	0	31	31	L2V4	31	55	0	31	0	0	0	0	31	0	R24	2012-12-12	non_curated
MODEL1004010001	1	0	0	0	0	0	0	0	0	0	31	31	L2V4	31	55	0	31	0	0	0	0	31	0	R24	2012-12-12	non_curated
MODEL1004010002	1	0	0	0	0	0	0	0	0	0	31	31	L2V4	31	55	0	31	0	0	0	0	31	0	R24	2012-12-12	non_curated
MODEL1004070000	2	0	0	0	0	0	0	0	0	0	30	30	L2V4	30	0	49	30	0	0	0	0	32	2	R24	2012-12-12	non_curated
MODEL1004070001	1	0	0	0	0	0	0	0	0	0	15	15	L2V4	19	1	17	15	4	0	4	0	16	4	R24	2012-12-12	non_curated
MODEL1005050000	1	0	0	0	0	0	0	0	1	0	36	36	L2V4	37	76	0	36	0	0	0	0	15	0	R24	2012-12-12	non_curated
MODEL1005200000	1	0	0	0	0	0	0	0	0	0	43	43	L2V4	50	16	0	43	7	0	7	0	50	0	R24	2012-12-12	non_curated
MODEL1006230000	1	0	0	0	0	0	0	0	0	0	0	0	L2V4	31	75	0	0	31	0	21	10	0	9	R24	2012-12-12	non_curated
MODEL1006230001	1	0	0	0	0	0	0	0	0	0	0	0	L2V4	11	22	0	0	11	0	3	8	0	11	R24	2012-12-12	non_curated
MODEL1006230002	1	0	0	0	0	0	0	0	0	0	0	0	L2V4	4	16	0	0	4	0	1	3	0	12	R24	2012-12-12	non_curated
MODEL1006230003	1	0	0	0	0	0	0	0	0	0	0	0	L2V4	12	47	0	0	12	0	5	7	0	20	R24	2012-12-12	non_curated
MODEL1006230004	1	0	0	0	0	0	0	0	0	0	0	0	L2V4	28	99	0	0	28	0	15	13	0	5	R24	2012-12-12	non_curated
MODEL1006230005	1	0	0	0	0	0	0	0	0	0	0	0	L2V4	17	38	0	0	17	0	2	15	0	4	R24	2012-12-12	non_curated
MODEL1006230006	1	0	0	0	0	0	0	0	0	0	0	0	L2V4	14	37	0	0	14	0	9	5	0	11	R24	2012-12-12	non_curated
MODEL1006230007	1	0	0	0	0	0	0	0	0	0	0	0	L2V4	5	10	0	0	5	0	4	1	0	3	R24	2012-12-12	non_curated
MODEL1006230008	1	0	0	0	0	0	0	0	0	0	0	0	L2V4	121	209	0	0	121	0	92	29	0	16	R24	2012-12-12	non_curated
MODEL1006230009	1	0	0	0	0	0	0	0	0	0	0	0	L2V4	105	197	0	0	105	0	78	27	0	22	R24	2012-12-12	non_curated
MODEL1006230010	1	0	0	0	0	0	0	0	0	0	0	0	L2V4	26	68	0	0	26	0	19	7	0	13	R24	2012-12-12	non_curated
MODEL1006230011	1	0	0	0	0	0	0	0	0	0	0	0	L2V4	6	17	0	0	6	0	3	3	0	12	R24	2012-12-12	non_curated
MODEL1006230012	1	0	0	0	0	0	0	0	0	0	0	0	L2V4	96	176	0	0	96	0	76	20	0	23	R24	2012-12-12	non_curated
MODEL1006230013	1	0	0	0	0	0	0	0	0	0	0	0	L2V4	12	20	0	0	12	0	10	2	0	5	R24	2012-12-12	non_curated
MODEL1006230014	1	0	0	0	0	0	0	0	0	0	0	0	L2V4	7	12	0	0	7	0	3	4	0	4	R24	2012-12-12	non_curated
MODEL1006230015	1	0	0	0	0	0	0	0	0	0	0	0	L2V4	108	186	0	0	108	0	80	28	0	16	R24	2012-12-12	non_curated
MODEL1006230016	1	0	0	0	0	0	0	0	0	0	0	0	L2V4	26	68	0	0	26	0	19	7	0	13	R24	2012-12-12	non_curated
MODEL1006230017	1	0	0	0	0	0	0	0	0	0	0	0	L2V4	107	184	0	0	107	0	78	29	0	16	R24	2012-12-12	non_curated
MODEL1006230018	1	0	0	0	0	0	0	0	0	0	0	0	L2V4	37	80	0	0	37	0	29	8	0	30	R24	2012-12-12	non_curated
MODEL1006230019	1	0	0	0	0	0	0	0	0	0	0	0	L2V4	7	14	0	0	7	0	5	2	0	5	R24	2012-12-12	non_curated
MODEL1006230020	1	0	0	0	0	0	0	0	0	0	0	0	L2V4	83	169	0	0	83	0	62	21	0	19	R24	2012-12-12	non_curated
MODEL1006230021	1	0	0	0	0	0	0	0	0	0	0	0	L2V4	83	169	0	0	83	0	62	21	0	19	R24	2012-12-12	non_curated
MODEL1006230022	1	0	0	0	0	0	0	0	0	0	0	0	L2V4	18	32	0	0	18	0	11	7	0	6	R24	2012-12-12	non_curated
MODEL1006230023	1	0	0	0	0	0	0	0	0	0	0	0	L2V4	10	20	0	0	10	0	9	1	0	7	R24	2012-12-12	non_curated
MODEL1006230024	1	0	0	0	0	0	0	0	0	0	0	0	L2V4	32	54	0	0	32	0	21	11	0	27	R24	2012-12-12	non_curated
MODEL1006230025	1	0	0	0	0	0	0	0	0	0	0	0	L2V4	10	24	0	0	10	0	7	3	0	9	R24	2012-12-12	non_curated
MODEL1006230026	1	0	0	0	0	0	0	0	0	0	0	0	L2V4	112	202	0	0	112	0	70	42	0	6	R24	2012-12-12	non_curated
MODEL1006230027	1	0	0	0	0	0	0	0	0	0	0	0	L2V4	32	63	0	0	32	0	22	10	0	3	R24	2012-12-12	non_curated
MODEL1006230028	1	0	0	0	0	0	0	0	0	0	0	0	L2V4	5	13	0	0	5	0	3	2	0	0	R24	2012-12-12	non_curated
MODEL1006230029	1	0	0	0	0	0	0	0	0	0	0	0	L2V4	22	63	0	0	22	0	18	4	0	15	R24	2012-12-12	non_curated
MODEL1006230030	1	0	0	0	0	0	0	0	0	0	0	0	L2V4	385	509	0	0	385	0	318	67	0	41	R24	2012-12-12	non_curated
MODEL1006230031	1	0	0	0	0	0	0	0	0	0	0	0	L2V4	83	169	0	0	83	0	62	21	0	19	R24	2012-12-12	non_curated
MODEL1006230032	1	0	0	0	0	0	0	0	0	0	0	0	L2V4	12	28	0	0	12	0	7	5	0	4	R24	2012-12-12	non_curated
MODEL1006230033	1	0	0	0	0	0	0	0	0	0	0	0	L2V4	17	37	0	0	17	0	9	8	0	8	R24	2012-12-12	non_curated
MODEL1006230034	1	0	0	0	0	0	0	0	0	0	0	0	L2V4	83	134	0	0	83	0	56	27	0	21	R24	2012-12-12	non_curated
MODEL1006230035	1	0	0	0	0	0	0	0	0	0	0	0	L2V4	6	19	0	0	6	0	4	2	0	7	R24	2012-12-12	non_curated
MODEL1006230036	1	0	0	0	0	0	0	0	0	0	0	0	L2V4	5	12	0	0	5	0	1	4	0	3	R24	2012-12-12	non_curated
MODEL1006230037	1	0	0	0	0	0	0	0	0	0	0	0	L2V4	19	32	0	0	19	0	18	1	0	12	R24	2012-12-12	non_curated
MODEL1006230038	1	0	0	0	0	0	0	0	0	0	0	0	L2V4	3	17	0	0	3	0	0	3	0	5	R24	2012-12-12	non_curated
MODEL1006230039	1	0	0	0	0	0	0	0	0	0	0	0	L2V4	17	53	0	0	17	0	10	7	0	7	R24	2012-12-12	non_curated
MODEL1006230040	1	0	0	0	0	0	0	0	0	0	0	0	L2V4	7	20	0	0	7	0	5	2	0	9	R24	2012-12-12	non_curated
MODEL1006230041	1	0	0	0	0	0	0	0	0	0	0	0	L2V4	100	225	0	0	100	0	64	36	0	14	R24	2012-12-12	non_curated
MODEL1006230044	1	0	0	0	0	0	0	0	0	0	0	0	L2V4	10	65	0	0	10	0	0	10	0	6	R24	2012-12-12	non_curated
MODEL1006230045	1	0	0	0	0	0	0	0	0	0	0	0	L2V4	16	36	0	0	16	0	12	4	0	19	R24	2012-12-12	non_curated
MODEL1006230046	1	0	0	0	0	0	0	0	0	0	0	0	L2V4	7	19	0	0	7	0	0	7	0	15	R24	2012-12-12	non_curated
MODEL1006230047	1	0	0	0	0	0	0	0	0	0	0	0	L2V4	5	16	0	0	5	0	0	5	0	8	R24	2012-12-12	non_curated
MODEL1006230048	1	0	0	0	0	0	0	0	0	0	0	0	L2V4	138	215	0	0	138	0	112	26	0	19	R24	2012-12-12	non_curated
MODEL1006230049	1	0	0	0	0	0	0	0	0	0	0	0	L2V4	677	679	0	0	677	0	652	25	0	9	R24	2012-12-12	non_curated
MODEL1006230050	1	0	0	0	0	0	0	0	0	0	0	0	L2V4	3	9	0	0	3	0	0	3	0	3	R24	2012-12-12	non_curated
MODEL1006230052	1	0	0	0	0	0	0	0	0	0	0	0	L2V4	17	32	0	0	17	0	2	15	0	3	R24	2012-12-12	non_curated
MODEL1006230053	1	0	0	0	0	0	0	0	0	0	0	0	L2V4	677	679	0	0	677	0	652	25	0	9	R24	2012-12-12	non_curated
MODEL1006230054	1	0	0	0	0	0	0	0	0	0	0	0	L2V4	10	25	0	0	10	0	7	3	0	11	R24	2012-12-12	non_curated
MODEL1006230055	1	0	0	0	0	0	0	0	0	0	0	0	L2V4	13	22	0	0	13	0	6	7	0	5	R24	2012-12-12	non_curated
MODEL1006230056	1	0	0	0	0	0	0	0	0	0	0	0	L2V4	75	130	0	0	75	0	44	31	0	5	R24	2012-12-12	non_curated
MODEL1006230057	1	0	0	0	0	0	0	0	0	0	0	0	L2V4	3	16	0	0	3	0	0	3	0	6	R24	2012-12-12	non_curated
MODEL1006230058	1	0	0	0	0	0	0	0	0	0	0	0	L2V4	187	319	0	0	187	0	150	37	0	36	R24	2012-12-12	non_curated
MODEL1006230059	1	0	0	0	0	0	0	0	0	0	0	0	L2V4	26	68	0	0	26	0	19	7	0	13	R24	2012-12-12	non_curated
MODEL1006230060	1	0	0	0	0	0	0	0	0	0	0	0	L2V4	8	41	0	0	8	0	3	5	0	8	R24	2012-12-12	non_curated
MODEL1006230061	1	0	0	0	0	0	0	0	0	0	0	0	L2V4	15	28	0	0	15	0	5	10	0	3	R24	2012-12-12	non_curated
MODEL1006230062	1	0	0	0	0	0	0	0	0	0	0	0	L2V4	7	16	0	0	7	0	3	4	0	9	R24	2012-12-12	non_curated
MODEL1006230063	1	0	0	0	0	0	0	0	0	0	0	0	L2V4	106	229	0	0	106	0	80	26	0	18	R24	2012-12-12	non_curated
MODEL1006230064	1	0	0	0	0	0	0	0	0	0	0	0	L2V4	30	58	0	0	30	0	21	9	0	5	R24	2012-12-12	non_curated
MODEL1006230065	1	0	0	0	0	0	0	0	0	0	0	0	L2V4	155	278	0	0	155	0	125	30	0	25	R24	2012-12-12	non_curated
MODEL1006230068	1	0	0	0	0	0	0	0	0	0	0	0	L2V4	26	68	0	0	26	0	19	7	0	13	R24	2012-12-12	non_curated
MODEL1006230069	1	0	0	0	0	0	0	0	0	0	0	0	L2V4	116	218	0	0	116	0	87	29	0	20	R24	2012-12-12	non_curated
MODEL1006230070	1	0	0	0	0	0	0	0	0	0	0	0	L2V4	62	124	0	0	62	0	46	16	0	17	R24	2012-12-12	non_curated
MODEL1006230071	1	0	0	0	0	0	0	0	0	0	0	0	L2V4	78	120	0	0	78	0	71	7	0	13	R24	2012-12-12	non_curated
MODEL1006230072	1	0	0	0	0	0	0	0	0	0	0	0	L2V4	24	37	0	0	24	0	17	7	0	14	R24	2012-12-12	non_curated
MODEL1006230073	1	0	0	0	0	0	0	0	0	0	0	0	L2V4	66	133	0	0	66	0	49	17	0	17	R24	2012-12-12	non_curated
MODEL1006230075	1	0	0	0	0	0	0	0	0	0	0	0	L2V4	7	19	0	0	7	0	3	4	0	7	R24	2012-12-12	non_curated
MODEL1006230076	1	0	0	0	0	0	0	0	0	0	0	0	L2V4	55	84	0	0	55	0	48	7	0	23	R24	2012-12-12	non_curated
MODEL1006230077	1	0	0	0	0	0	0	0	0	0	0	0	L2V4	677	679	0	0	677	0	652	25	0	9	R24	2012-12-12	non_curated
MODEL1006230078	1	0	0	0	0	0	0	0	0	0	0	0	L2V4	134	191	0	0	134	0	105	29	0	19	R24	2012-12-12	non_curated
MODEL1006230079	1	0	0	0	0	0	0	0	0	0	0	0	L2V4	5	14	0	0	5	0	1	4	0	7	R24	2012-12-12	non_curated
MODEL1006230080	1	0	0	0	0	0	0	0	0	0	0	0	L2V4	95	204	0	0	95	0	70	25	0	18	R24	2012-12-12	non_curated
MODEL1006230081	1	0	0	0	0	0	0	0	0	0	0	0	L2V4	16	34	0	0	16	0	8	8	0	7	R24	2012-12-12	non_curated
MODEL1006230082	1	0	0	0	0	0	0	0	0	0	0	0	L2V4	121	209	0	0	121	0	92	29	0	16	R24	2012-12-12	non_curated
MODEL1006230083	1	0	0	0	0	0	0	0	0	0	0	0	L2V4	5	18	0	0	5	0	0	5	0	3	R24	2012-12-12	non_curated
MODEL1006230084	1	0	0	0	0	0	0	0	0	0	0	0	L2V4	135	227	0	0	135	0	91	44	0	12	R24	2012-12-12	non_curated
MODEL1006230085	1	0	0	0	0	0	0	0	0	0	0	0	L2V4	90	157	0	0	90	0	67	23	0	23	R24	2012-12-12	non_curated
MODEL1006230086	1	0	0	0	0	0	0	0	0	0	0	0	L2V4	6	17	0	0	6	0	1	5	0	3	R24	2012-12-12	non_curated
MODEL1006230087	1	0	0	0	0	0	0	0	0	0	0	0	L2V4	134	191	0	0	134	0	105	29	0	19	R24	2012-12-12	non_curated
MODEL1006230088	1	0	0	0	0	0	0	0	0	0	0	0	L2V4	120	203	0	0	120	0	91	29	0	16	R24	2012-12-12	non_curated
MODEL1006230089	1	0	0	0	0	0	0	0	0	0	0	0	L2V4	82	172	0	0	82	0	60	22	0	17	R24	2012-12-12	non_curated
MODEL1006230090	1	0	0	0	0	0	0	0	0	0	0	0	L2V4	376	650	0	0	376	0	316	60	0	23	R24	2012-12-12	non_curated
MODEL1006230091	1	0	0	0	0	0	0	0	0	0	0	0	L2V4	15	36	0	0	15	0	11	4	0	7	R24	2012-12-12	non_curated
MODEL1006230092	1	0	0	0	0	0	0	0	0	0	0	0	L2V4	275	277	0	0	275	0	236	39	0	23	R24	2012-12-12	non_curated
MODEL1006230093	1	0	0	0	0	0	0	0	0	0	0	0	L2V4	6	16	0	0	6	0	2	4	0	7	R24	2012-12-12	non_curated
MODEL1006230094	1	0	0	0	0	0	0	0	0	0	0	0	L2V4	5	17	0	0	5	0	1	4	0	3	R24	2012-12-12	non_curated
MODEL1006230095	1	0	0	0	0	0	0	0	0	0	0	0	L2V4	26	68	0	0	26	0	19	7	0	13	R24	2012-12-12	non_curated
MODEL1006230096	1	0	0	0	0	0	0	0	0	0	0	0	L2V4	26	68	0	0	26	0	19	7	0	13	R24	2012-12-12	non_curated
MODEL1006230097	1	0	0	0	0	0	0	0	0	0	0	0	L2V4	18	37	0	0	18	0	2	16	0	3	R24	2012-12-12	non_curated
MODEL1006230098	1	0	0	0	0	0	0	0	0	0	0	0	L2V4	4	16	0	0	4	0	1	3	0	12	R24	2012-12-12	non_curated
MODEL1006230099	1	0	0	0	0	0	0	0	0	0	0	0	L2V4	17	52	0	0	17	0	10	7	0	22	R24	2012-12-12	non_curated
MODEL1006230100	1	0	0	0	0	0	0	0	0	0	0	0	L2V4	545	546	0	0	545	0	513	32	0	12	R24	2012-12-12	non_curated
MODEL1006230101	1	0	0	0	0	0	0	0	0	0	0	0	L2V4	134	191	0	0	134	0	105	29	0	19	R24	2012-12-12	non_curated
MODEL1006230102	1	0	0	0	0	0	0	0	0	0	0	0	L2V4	17	52	0	0	17	0	10	7	0	22	R24	2012-12-12	non_curated
MODEL1006230103	1	0	0	0	0	0	0	0	0	0	0	0	L2V4	5	11	0	0	5	0	4	1	0	6	R24	2012-12-12	non_curated
MODEL1006230104	1	0	0	0	0	0	0	0	0	0	0	0	L2V4	116	218	0	0	116	0	87	29	0	20	R24	2012-12-12	non_curated
MODEL1006230105	1	0	0	0	0	0	0	0	0	0	0	0	L2V4	21	64	0	0	21	0	17	4	0	15	R24	2012-12-12	non_curated
MODEL1006230106	1	0	0	0	0	0	0	0	0	0	0	0	L2V4	12	47	0	0	12	0	5	7	0	20	R24	2012-12-12	non_curated
MODEL1006230107	1	0	0	0	0	0	0	0	0	0	0	0	L2V4	7	20	0	0	7	0	4	3	0	6	R24	2012-12-12	non_curated
MODEL1006230108	1	0	0	0	0	0	0	0	0	0	0	0	L2V4	197	328	0	0	197	0	156	41	0	36	R24	2012-12-12	non_curated
MODEL1006230110	1	0	0	0	0	0	0	0	0	0	0	0	L2V4	8	22	0	0	8	0	5	3	0	10	R24	2012-12-12	non_curated
MODEL1006230111	1	0	0	0	0	0	0	0	0	0	0	0	L2V4	5	12	0	0	5	0	1	4	0	3	R24	2012-12-12	non_curated
MODEL1006230112	1	0	0	0	0	0	0	0	0	0	0	0	L2V4	545	546	0	0	545	0	513	32	0	12	R24	2012-12-12	non_curated
MODEL1006230113	1	0	0	0	0	0	0	0	0	0	0	0	L2V4	133	237	0	0	133	0	103	30	0	16	R24	2012-12-12	non_curated
MODEL1006230114	1	0	0	0	0	0	0	0	0	0	0	0	L2V4	41	89	0	0	41	0	34	7	0	14	R24	2012-12-12	non_curated
MODEL1006230115	1	0	0	0	0	0	0	0	0	0	0	0	L2V4	8	26	0	0	8	0	5	3	0	11	R24	2012-12-12	non_curated
MODEL1006230116	1	0	0	0	0	0	0	0	0	0	0	0	L2V4	17	35	0	0	17	0	16	1	0	6	R24	2012-12-12	non_curated
MODEL1006230117	1	0	0	0	0	0	0	0	0	0	0	0	L2V1	53	108	0	0	53	0	38	15	0	7	R24	2012-12-12	non_curated
MODEL1006230118	1	0	0	0	0	0	0	0	0	0	0	0	L2V1	159	280	0	0	159	0	128	31	0	18	R24	2012-12-12	non_curated
MODEL1006230119	1	0	0	0	0	0	0	0	0	0	0	0	L2V1	7	25	0	0	7	0	6	1	0	5	R24	2012-12-12	non_curated
MODEL1006230120	1	0	0	0	0	0	0	0	0	0	0	0	L2V1	8	27	0	0	8	0	7	1	0	5	R24	2012-12-12	non_curated
MODEL1006230121	1	0	0	0	0	0	0	0	0	0	0	0	L2V1	73	132	0	0	73	0	62	11	0	19	R24	2012-12-12	non_curated
MODEL1007060000	4	0	0	0	0	0	0	0	0	0	1001	0	L2V4	0	0	4004	1001	0	0	0	0	1025	4	R24	2012-12-12	non_curated
MODEL1007200000	4	0	0	0	0	0	0	0	2	2	35	35	L2V4	41	108	0	35	2	0	2	0	33	7	R24	2012-12-12	non_curated
MODEL1008060000	1	0	1	0	2	3	0	1	0	1	5	5	L2V4	10	9	0	5	1	0	1	0	3	5	R24	2012-12-12	non_curated
MODEL1008060001	1	0	0	0	0	0	0	0	0	1	8	8	L2V4	10	8	0	8	1	0	1	0	4	5	R24	2012-12-12	non_curated
MODEL1008060002	1	0	0	0	0	0	0	0	0	1	10	10	L2V4	12	10	0	10	1	0	1	0	5	5	R24	2012-12-12	non_curated
MODEL1008110000	2	0	0	0	0	0	0	0	0	0	70	70	L2V4	75	82	0	70	5	0	5	0	24	2	R24	2012-12-12	non_curated
MODEL1008120000	8	0	0	0	0	0	0	0	0	0	0	0	L2V4	0	0	0	921	0	0	0	0	2331	0	R24	2012-12-12	non_curated
MODEL1008120001	8	0	0	0	0	0	0	0	0	0	0	0	L2V4	0	0	0	912	0	0	0	0	2331	0	R24	2012-12-12	non_curated
MODEL1008120002	8	0	0	0	0	0	0	0	0	0	0	0	L2V4	0	0	0	916	0	0	0	0	2331	0	R24	2012-12-12	non_curated
MODEL1008120003	8	0	0	0	0	0	0	0	0	0	0	0	L2V4	0	0	0	890	0	0	0	0	2331	0	R24	2012-12-12	non_curated
MODEL1008120004	8	0	0	0	0	0	0	0	0	0	0	0	L2V4	0	0	0	897	0	0	0	0	2331	0	R24	2012-12-12	non_curated
MODEL1008120005	8	0	0	0	0	0	0	0	0	0	0	0	L2V4	0	0	0	906	0	0	0	0	2331	0	R24	2012-12-12	non_curated
MODEL1008120006	8	0	0	0	0	0	0	0	0	0	0	0	L2V4	0	0	0	898	0	0	0	0	2331	0	R24	2012-12-12	non_curated
MODEL1008240001	1	0	0	0	0	0	0	0	0	0	53	53	L2V4	53	0	212	53	0	0	0	0	50	0	R24	2012-12-12	non_curated
MODEL1009150000	8	0	0	0	0	0	0	0	0	0	0	0	L2V4	0	0	0	2539	0	0	0	0	1420	0	R24	2012-12-12	non_curated
MODEL1009150002	7	0	0	0	0	0	0	0	0	0	1826	0	L2V4	0	0	7304	1826	0	0	0	0	1604	4	R24	2012-12-12	non_curated
MODEL1009220000	2	0	0	0	0	0	0	0	12	0	21	21	L2V4	33	0	110	21	0	0	0	0	28	7	R24	2012-12-12	non_curated
MODEL1009230000	1	0	0	0	0	0	0	0	0	1	5	5	L2V4	7	6	0	5	1	0	1	0	3	5	R24	2012-12-12	non_curated
MODEL1011010000	2	0	0	0	0	0	0	0	0	0	20	20	L2V4	20	1	92	20	0	0	0	0	22	8	R24	2012-12-12	non_curated
MODEL1011020000	1	0	0	0	0	0	0	0	0	0	0	0	L2V4	0	0	0	732	0	0	0	0	1090	5	R24	2012-12-12	non_curated
MODEL1011080000	1	0	0	0	0	0	0	0	0	0	0	0	L2V1	0	0	0	65	0	0	0	0	96	0	R24	2012-12-12	non_curated
MODEL1011080001	2	0	0	0	0	0	0	0	0	0	0	0	L2V3	0	0	0	783	0	0	0	0	697	0	R24	2012-12-12	non_curated
MODEL1011080002	1	0	0	0	0	0	0	0	0	0	0	0	L2V1	0	0	0	216	0	0	0	0	266	0	R24	2012-12-12	non_curated
MODEL1011080003	2	0	0	0	0	0	0	0	0	0	0	0	L2V1	0	0	0	555	0	0	0	0	587	0	R24	2012-12-12	non_curated
MODEL1011080004	6	0	0	0	0	0	0	0	0	0	443	0	L2V1	0	0	1772	443	0	0	0	0	340	2	R24	2012-12-12	non_curated
MODEL1011090000	2	0	0	0	0	0	0	0	0	0	781	0	L2V1	0	0	3905	781	0	0	0	0	775	2	R24	2012-12-12	non_curated
MODEL1011090001	8	0	0	0	0	0	0	0	0	0	3393	0	L2V4	0	0	13572	3393	0	0	0	0	2572	2	R24	2012-12-12	non_curated
MODEL1011090002	10	0	0	0	0	0	0	0	0	0	4484	0	L2V4	0	0	17936	4484	0	0	0	0	3400	2	R24	2012-12-12	non_curated
MODEL1011300000	1	0	0	0	0	0	0	0	0	0	943	943	L2V4	943	0	943	943	0	0	0	0	836	0	R24	2012-12-12	non_curated
MODEL1012080000	1	0	0	0	0	0	0	0	0	0	26	26	L2V4	26	35	0	26	0	0	0	0	18	0	R24	2012-12-12	non_curated
MODEL1012090002	1	0	0	0	0	0	0	0	0	7	20	20	L2V4	27	29	0	20	0	0	0	0	20	0	R24	2012-12-12	non_curated
MODEL1012090003	1	0	0	0	0	0	0	0	0	8	26	26	L2V4	34	36	0	26	0	0	0	0	24	0	R24	2012-12-12	non_curated
MODEL1012090004	1	0	0	0	0	0	0	0	0	10	27	27	L2V4	37	45	0	27	0	0	0	0	26	0	R24	2012-12-12	non_curated
MODEL1012090005	1	0	0	0	0	0	0	0	0	10	32	32	L2V4	42	40	0	32	0	0	0	0	28	0	R24	2012-12-12	non_curated
MODEL1012090006	1	0	0	0	0	0	0	0	0	10	45	45	L2V4	55	45	0	45	0	0	0	0	38	0	R24	2012-12-12	non_curated
MODEL1012110001	3	0	0	0	0	0	0	0	10	0	10	10	L2V4	20	0	17	10	0	0	0	0	30	0	R24	2012-12-12	non_curated
MODEL1012140000	1	0	0	0	0	0	0	0	0	0	0	0	L2V4	3	14	0	0	3	0	0	3	3	2	R24	2012-12-12	non_curated
MODEL1012140001	1	0	0	0	0	0	0	0	0	0	0	0	L2V4	3	14	0	0	3	0	0	3	3	2	R24	2012-12-12	non_curated
MODEL1012220002	8	0	0	0	0	0	0	0	0	0	0	0	L2V1	0	0	0	777	0	0	0	0	964	0	R24	2012-12-12	non_curated
MODEL1012220003	4	0	0	0	0	0	0	0	0	0	0	0	L2V1	0	0	0	77	0	0	0	0	109	0	R24	2012-12-12	non_curated
MODEL1012220004	6	0	0	0	0	0	0	0	0	0	0	0	L2V1	0	0	0	148	0	0	0	0	124	0	R24	2012-12-12	non_curated
MODEL1012300000	3	0	0	0	0	0	0	0	0	0	261	0	L2V4	0	0	1044	261	0	0	0	0	255	6	R24	2012-12-12	non_curated
MODEL1101100000	2	0	0	0	0	0	0	0	0	0	16	16	L2V4	16	50	0	16	0	0	0	0	38	6	R24	2012-12-12	non_curated
MODEL1101170000	2	0	0	0	0	0	0	0	2	2	225	225	L2V4	232	286	0	225	3	0	3	0	189	1	R24	2012-12-12	non_curated
MODEL1101180000	4	0	0	0	0	0	0	0	0	0	16	16	L2V1	16	5	0	16	0	0	0	0	20	5	R24	2012-12-12	non_curated
MODEL1102210000	7	0	0	0	0	0	0	0	0	0	197	197	L2V4	197	0	316	197	0	0	0	0	192	0	R24	2012-12-12	non_curated
MODEL1102210001	1	0	0	0	0	0	0	0	0	0	151	151	L2V4	151	58	0	151	0	0	0	0	119	3	R24	2012-12-12	non_curated
MODEL1103210001	2	0	0	0	0	0	0	0	0	0	48	48	L2V4	223	320	90	48	175	0	175	0	48	0	R24	2012-12-12	non_curated
MODEL1105030000	3	0	0	0	0	0	0	0	0	0	2378	0	L2V4	0	0	9512	2378	0	0	0	0	1669	0	R24	2012-12-12	non_curated
MODEL1105100000	8	0	0	0	0	0	0	0	0	0	4894	0	L2V4	0	0	19576	4894	0	0	0	0	2767	1	R24	2012-12-12	non_curated
MODEL1105180000	1	0	0	0	0	0	0	0	0	0	5	0	L2V4	0	0	20	5	0	0	0	0	2	3	R24	2012-12-12	non_curated
MODEL1106080000	2	0	0	0	0	0	0	0	0	0	469	0	L2V4	0	0	1876	469	0	0	0	0	342	1	R24	2012-12-12	non_curated
MODEL1106160000	3	0	0	0	0	0	0	0	0	0	421	0	L2V4	0	0	1684	421	0	0	0	0	399	1	R24	2012-12-12	non_curated
MODEL1106200000	10	0	0	0	0	0	0	0	0	0	2191	0	L2V4	0	0	8764	2191	0	0	0	0	1706	0	R24	2012-12-12	non_curated
MODEL1106220000	3	0	0	0	0	0	0	0	0	0	1309	0	L2V4	0	0	5236	1309	0	0	0	0	1248	0	R24	2012-12-12	non_curated
MODEL1107050000	1	0	0	0	0	0	0	0	0	0	0	0	L2V4	0	0	0	218	0	0	0	0	189	0	R24	2012-12-12	non_curated
MODEL1107190000	8	0	0	0	0	0	0	0	0	0	1575	0	L2V4	0	0	7875	1575	0	0	0	0	1392	0	R24	2012-12-12	non_curated
MODEL1108160000	3	0	0	0	0	0	0	0	0	0	2583	0	L2V4	0	0	10332	2583	0	0	0	0	1805	1	R24	2012-12-12	non_curated
MODEL1108260010	1	0	0	0	0	0	0	0	0	2	4	4	L2V4	6	8	0	4	0	0	0	0	4	0	R24	2012-12-12	non_curated
MODEL1108260014	1	0	2	0	2	4	0	2	1	1	75	75	L2V4	84	6	104	75	3	0	2	1	81	0	R24	2012-12-12	non_curated
MODEL1108260015	1	0	0	0	0	0	0	0	0	0	0	0	L2V4	6	20	0	0	6	0	0	6	6	0	R24	2012-12-12	non_curated
MODEL1109150000	3	0	0	0	0	0	0	0	4	12	98	98	L2V4	133	35	98	98	19	0	19	0	60	0	R24	2012-12-12	non_curated
MODEL1109150001	1	0	0	0	0	0	0	0	0	1	33	33	L2V4	34	46	0	33	0	0	0	0	33	1	R24	2012-12-12	non_curated
MODEL1109150002	1	0	0	0	0	0	0	0	0	5	48	48	L2V4	53	55	0	48	0	0	0	0	44	1	R24	2012-12-12	non_curated
MODEL1109160000	1	0	0	0	0	0	0	0	1	0	25	25	L2V4	26	0	32	25	0	0	0	0	30	2	R24	2012-12-12	non_curated
MODEL1109160001	1	0	0	0	0	0	0	0	1	0	27	27	L2V4	28	0	37	27	0	0	0	0	40	2	R24	2012-12-12	non_curated
MODEL1110130000	2	0	0	0	0	0	0	0	0	0	419	0	L2V1	0	0	1676	419	0	0	0	0	411	0	R24	2012-12-12	non_curated
MODEL1110130001	2	0	0	0	0	0	0	0	0	0	412	0	L2V1	0	0	1648	412	0	0	0	0	405	0	R24	2012-12-12	non_curated
MODEL1111070000	6	0	0	0	0	0	0	0	0	0	649	0	L2V1	0	0	2596	649	0	0	0	0	615	0	R24	2012-12-12	non_curated
MODEL1111070001	6	0	0	0	0	0	0	0	0	0	776	0	L2V1	0	0	3104	776	0	0	0	0	729	0	R24	2012-12-12	non_curated
MODEL1111070002	6	0	0	0	0	0	0	0	0	0	734	0	L2V1	0	0	2936	734	0	0	0	0	691	0	R24	2012-12-12	non_curated
MODEL1111070003	14	0	0	0	0	0	0	0	0	0	2208	0	L2V1	0	0	8832	2208	0	0	0	0	1771	0	R24	2012-12-12	non_curated
MODEL1111190000	17	0	0	0	0	0	0	0	0	0	2002	2002	L2V4	2002	1	6006	2002	0	0	0	0	1847	1	R24	2012-12-12	non_curated
MODEL1111240000	8	0	0	0	0	0	0	0	0	0	0	0	L2V4	0	0	0	1376	0	0	0	0	1623	0	R24	2012-12-12	non_curated
MODEL1111240001	2	0	0	0	0	0	0	0	0	0	0	0	L2V4	0	0	0	438	0	0	0	0	567	0	R24	2012-12-12	non_curated
MODEL1112050000	1	0	0	0	0	0	0	0	0	0	0	0	L2V4	41	10	0	0	41	0	2	39	41	0	R24	2012-12-12	non_curated
MODEL1112050001	2	0	0	0	0	0	0	0	0	0	0	0	L2V4	49	71	0	0	49	0	21	28	29	0	R24	2012-12-12	non_curated
MODEL1112100000	254	0	0	0	0	0	0	0	1	0	4139	4139	L2V1	4140	522	0	4139	0	0	0	0	1265	2	R24	2012-12-12	non_curated
MODEL1112110000	1	0	0	0	0	0	0	0	0	14	0	0	L2V4	70	133	0	0	56	0	41	15	29	0	R24	2012-12-12	non_curated
MODEL1112110001	1	0	0	0	0	0	0	0	0	23	0	0	L2V4	106	132	0	0	83	0	55	28	29	0	R24	2012-12-12	non_curated
MODEL1112110002	1	0	0	0	0	0	0	0	0	0	0	0	L2V4	8	21	0	0	8	0	5	3	2	0	R24	2012-12-12	non_curated
MODEL1112110003	1	0	0	0	0	0	0	0	0	0	0	0	L2V4	17	35	0	0	17	0	11	6	6	0	R24	2012-12-12	non_curated
MODEL1112110004	1	0	0	0	0	0	0	0	0	7	0	0	L2V4	20	22	0	0	13	0	6	7	7	0	R24	2012-12-12	non_curated
MODEL1112150000	2	0	0	0	0	0	0	0	1	0	23	23	L2V4	24	0	23	23	0	0	0	0	9	2	R24	2012-12-12	non_curated
MODEL1112190003	1	0	0	0	0	0	0	0	10	0	10	10	L2V4	20	0	25	10	0	0	0	0	11	2	R24	2012-12-12	non_curated
MODEL1112190004	1	0	0	0	0	0	0	0	10	0	10	10	L2V4	20	0	24	10	0	0	0	0	11	2	R24	2012-12-12	non_curated
MODEL1112190005	1	0	0	0	0	0	0	0	12	0	12	12	L2V4	24	0	30	12	0	0	0	0	13	2	R24	2012-12-12	non_curated
MODEL1112190006	1	0	0	0	0	0	0	0	15	0	22	22	L2V4	37	0	47	22	0	0	0	0	19	2	R24	2012-12-12	non_curated
MODEL1112190007	1	0	0	0	0	0	0	0	15	0	22	22	L2V4	37	1	46	22	0	0	0	0	18	2	R24	2012-12-12	non_curated
MODEL1112260000	5	0	0	0	0	0	0	0	0	0	61	61	L2V4	69	0	61	61	8	0	8	0	42	3	R24	2012-12-12	non_curated
MODEL1112260001	5	0	1	0	1	2	0	1	0	0	127	127	L2V4	139	0	127	127	10	0	10	0	56	3	R24	2012-12-12	non_curated
MODEL1112260002	5	0	0	0	0	0	0	0	0	0	135	135	L2V4	145	0	135	135	10	0	10	0	56	3	R24	2012-12-12	non_curated
MODEL1150151512	1	0	0	0	0	0	0	0	0	0	0	0	L2V3	114	186	0	0	114	0	73	41	0	21	R24	2012-12-12	non_curated
MODEL1172200168	1	0	0	0	0	0	0	0	0	0	0	0	L2V3	3	14	0	0	3	0	0	3	0	11	R24	2012-12-12	non_curated
MODEL1172425728	1	0	0	0	0	0	0	0	0	0	0	0	L2V3	64	109	0	0	64	0	35	29	0	7	R24	2012-12-12	non_curated
MODEL1172501439	1	0	0	0	0	0	0	0	0	0	0	0	L2V3	18	35	0	0	18	0	1	17	0	7	R24	2012-12-12	non_curated
MODEL1172940336	1	0	0	0	0	0	0	0	0	0	0	0	L2V3	14	26	0	0	14	0	9	5	0	2	R24	2012-12-12	non_curated
MODEL1173105855	1	0	0	0	0	0	0	0	0	0	0	0	L2V3	13	28	0	0	13	0	9	4	0	4	R24	2012-12-12	non_curated
MODEL1201070000	1	0	0	0	0	0	0	0	0	0	0	0	L2V4	12	47	0	0	12	0	9	3	0	0	R24	2012-12-12	non_curated
MODEL1201070001	1	0	0	0	0	0	0	0	0	0	0	0	L2V4	14	49	0	0	14	0	9	5	0	0	R24	2012-12-12	non_curated
MODEL1201140000	1	0	0	0	0	0	0	0	0	0	0	0	L2V4	12	45	0	0	12	0	8	4	0	0	R24	2012-12-12	non_curated
MODEL1201140001	1	0	0	0	0	0	0	0	0	0	0	0	L2V4	7	32	0	0	7	0	5	2	0	0	R24	2012-12-12	non_curated
MODEL1201140002	1	0	0	0	0	0	0	0	0	0	0	0	L2V4	3	16	0	0	3	0	0	3	0	0	R24	2012-12-12	non_curated
MODEL1201140003	1	0	0	0	0	0	0	0	0	0	0	0	L2V4	5	21	0	0	5	0	0	5	0	0	R24	2012-12-12	non_curated
MODEL1201140004	1	0	0	0	0	0	0	0	0	0	0	0	L2V4	22	73	0	0	22	0	19	3	0	0	R24	2012-12-12	non_curated
MODEL1201140005	1	0	0	0	0	0	0	0	0	0	0	0	L2V4	5	10	0	0	5	0	1	4	0	0	R24	2012-12-12	non_curated
MODEL1201140006	1	0	0	0	0	0	0	0	0	0	0	0	L2V4	10	21	0	0	10	0	1	9	0	0	R24	2012-12-12	non_curated
MODEL1201230000	3	0	0	0	0	0	0	0	0	0	230	0	L2V1	0	0	920	230	0	0	0	0	218	0	R24	2012-12-12	non_curated
MODEL1202030000	1	0	0	0	0	0	0	0	0	0	24	24	L2V4	24	0	24	24	0	0	0	0	14	2	R24	2012-12-12	non_curated
MODEL1202030001	1	0	0	0	0	0	0	0	0	0	12	12	L2V4	12	0	12	12	0	0	0	0	8	2	R24	2012-12-12	non_curated
MODEL1202090001	3	0	1	0	1	2	0	1	0	0	48	48	L2V4	62	34	0	48	12	0	12	0	24	10	R24	2012-12-12	non_curated
MODEL1202090002	3	0	1	0	1	2	0	1	0	0	48	48	L2V4	62	34	0	48	12	0	12	0	24	10	R24	2012-12-12	non_curated
MODEL1202090003	3	0	1	0	1	2	0	1	0	0	48	48	L2V4	62	34	0	48	12	0	12	0	24	10	R24	2012-12-12	non_curated
MODEL1202170000	1	0	0	0	0	0	0	0	0	0	18	18	L2V4	34	20	29	18	16	0	16	0	17	3	R24	2012-12-12	non_curated
MODEL1202270000	1	0	0	0	0	0	0	0	0	0	2	2	L2V4	5	0	4	2	3	3	0	0	8	3	R24	2012-12-12	non_curated
MODEL1202270001	1	0	0	0	0	0	0	0	0	0	5	5	L2V4	9	0	10	5	4	4	0	0	13	3	R24	2012-12-12	non_curated
MODEL1202290000	1	0	0	0	0	0	0	0	0	0	8	8	L2V4	8	9	0	8	0	0	0	0	6	1	R24	2012-12-12	non_curated
MODEL1203070000	1	0	0	0	0	0	0	0	0	0	0	0	L2V4	2	5	0	0	2	0	0	2	2	0	R24	2012-12-12	non_curated
MODEL1204040000	1	0	0	0	0	0	0	0	0	0	23	23	L2V4	29	19	27	23	6	0	6	0	15	12	R24	2012-12-12	non_curated
MODEL1204060000	1	0	0	0	0	0	0	0	0	0	24	24	L2V4	24	0	26	24	0	0	0	0	23	0	R24	2012-12-12	non_curated
MODEL1204120000	21	0	0	0	0	0	0	0	0	0	0	0	L2V4	0	0	0	2911	0	0	0	0	4317	0	R24	2012-12-12	non_curated
MODEL1204240000	1	0	0	0	0	0	0	0	2	0	69	69	L2V4	71	0	73	69	0	0	0	0	38	2	R24	2012-12-12	non_curated
MODEL1204270001	5	0	0	0	0	0	0	0	0	0	0	0	L2V4	0	0	0	35	0	0	0	0	52	1	R24	2012-12-12	non_curated
MODEL1204280001	1	0	0	0	0	0	0	0	10	0	10	10	L2V4	20	13	10	10	0	0	0	0	12	2	R24	2012-12-12	non_curated
MODEL1204280002	1	0	0	0	0	0	0	0	10	0	10	10	L2V4	20	12	10	10	0	0	0	0	11	2	R24	2012-12-12	non_curated
MODEL1204280003	1	0	0	0	0	0	0	0	10	0	10	10	L2V4	20	12	10	10	0	0	0	0	11	2	R24	2012-12-12	non_curated
MODEL1204280004	2	0	0	0	0	0	0	0	10	0	10	10	L2V4	20	14	12	10	0	0	0	0	11	2	R24	2012-12-12	non_curated
MODEL1204280005	1	0	0	0	0	0	0	0	10	0	10	10	L2V4	20	13	10	10	0	0	0	0	12	2	R24	2012-12-12	non_curated
MODEL1204280006	1	0	0	0	0	0	0	0	10	0	10	10	L2V4	20	12	10	10	0	0	0	0	11	2	R24	2012-12-12	non_curated
MODEL1204280007	1	0	0	0	0	0	0	0	10	0	10	10	L2V4	20	12	10	10	0	0	0	0	11	2	R24	2012-12-12	non_curated
MODEL1204280008	2	0	0	0	0	0	0	0	10	0	10	10	L2V4	20	14	12	10	0	0	0	0	11	2	R24	2012-12-12	non_curated
MODEL1204280009	1	0	1	0	1	2	0	1	10	0	10	10	L2V4	22	13	10	10	0	0	0	0	12	2	R24	2012-12-12	non_curated
MODEL1204280010	1	0	1	0	1	2	0	1	10	0	10	10	L2V4	22	12	10	10	0	0	0	0	11	2	R24	2012-12-12	non_curated
MODEL1204280011	1	0	1	0	1	2	0	1	10	0	10	10	L2V4	22	12	10	10	0	0	0	0	11	2	R24	2012-12-12	non_curated
MODEL1204280012	2	0	1	0	1	2	0	1	10	0	10	10	L2V4	22	14	12	10	0	0	0	0	11	2	R24	2012-12-12	non_curated
MODEL1204280013	1	0	1	0	1	2	0	1	10	0	10	10	L2V4	22	13	10	10	0	0	0	0	12	2	R24	2012-12-12	non_curated
MODEL1204280014	1	0	1	0	1	2	0	1	10	0	10	10	L2V4	22	12	10	10	0	0	0	0	11	2	R24	2012-12-12	non_curated
MODEL1204280015	1	0	1	0	1	2	0	1	10	0	10	10	L2V4	22	12	10	10	0	0	0	0	11	2	R24	2012-12-12	non_curated
MODEL1204280016	2	0	1	0	1	2	0	1	10	0	10	10	L2V4	22	14	12	10	0	0	0	0	11	2	R24	2012-12-12	non_curated
MODEL1204280017	1	0	0	0	0	0	0	0	0	0	23	23	L2V4	23	1	36	23	0	0	0	0	25	2	R24	2012-12-12	non_curated
MODEL1204280018	1	0	0	0	0	0	0	0	0	0	23	23	L2V4	23	1	36	23	0	0	0	0	24	2	R24	2012-12-12	non_curated
MODEL1204280019	1	0	0	0	0	0	0	0	0	0	23	23	L2V4	23	1	36	23	0	0	0	0	24	2	R24	2012-12-12	non_curated
MODEL1204280021	1	0	0	0	0	0	0	0	0	0	23	23	L2V4	23	1	36	23	0	0	0	0	25	2	R24	2012-12-12	non_curated
MODEL1204280022	1	0	0	0	0	0	0	0	0	0	23	23	L2V4	23	1	36	23	0	0	0	0	24	2	R24	2012-12-12	non_curated
MODEL1204280023	1	0	0	0	0	0	0	0	0	0	23	23	L2V4	23	1	36	23	0	0	0	0	24	2	R24	2012-12-12	non_curated
MODEL1204280025	1	0	1	0	2	3	0	1	0	0	23	23	L2V4	26	1	36	23	0	0	0	0	25	2	R24	2012-12-12	non_curated
MODEL1204280026	1	0	1	0	2	3	0	1	0	0	23	23	L2V4	26	1	36	23	0	0	0	0	24	2	R24	2012-12-12	non_curated
MODEL1204280027	1	0	1	0	2	3	0	1	0	0	23	23	L2V4	26	1	36	23	0	0	0	0	24	2	R24	2012-12-12	non_curated
MODEL1204280028	1	0	1	0	2	3	0	1	0	0	28	28	L2V4	31	1	44	28	0	0	0	0	27	2	R24	2012-12-12	non_curated
MODEL1204280029	1	0	1	0	2	3	0	1	0	0	23	23	L2V4	26	1	36	23	0	0	0	0	25	2	R24	2012-12-12	non_curated
MODEL1204280030	1	0	1	0	2	3	0	1	0	0	23	23	L2V4	26	1	36	23	0	0	0	0	24	2	R24	2012-12-12	non_curated
MODEL1204280031	1	0	1	0	2	3	0	1	0	0	23	23	L2V4	26	1	36	23	0	0	0	0	24	2	R24	2012-12-12	non_curated
MODEL1204280032	1	0	1	0	2	3	0	1	0	0	28	28	L2V4	31	1	44	28	0	0	0	0	27	2	R24	2012-12-12	non_curated
MODEL1204280033	1	0	1	0	1	2	0	1	10	0	10	10	L2V4	22	13	10	10	0	0	0	0	12	2	R24	2012-12-12	non_curated
MODEL1204280034	1	0	1	0	1	2	0	1	10	0	10	10	L2V4	22	12	10	10	0	0	0	0	11	2	R24	2012-12-12	non_curated
MODEL1204280035	1	0	1	0	1	2	0	1	10	0	10	10	L2V4	22	12	10	10	0	0	0	0	11	2	R24	2012-12-12	non_curated
MODEL1204280037	1	0	1	0	1	2	0	1	10	0	10	10	L2V4	22	13	10	10	0	0	0	0	12	2	R24	2012-12-12	non_curated
MODEL1204280038	1	0	1	0	1	2	0	1	10	0	10	10	L2V4	22	12	10	10	0	0	0	0	11	2	R24	2012-12-12	non_curated
MODEL1204280039	1	0	1	0	1	2	0	1	10	0	10	10	L2V4	22	12	10	10	0	0	0	0	11	2	R24	2012-12-12	non_curated
MODEL1206070000	8	0	0	0	0	0	0	0	0	0	0	0	L2V4	0	0	0	1394	0	0	0	0	1641	0	R24	2012-12-12	non_curated
MODEL1207300000	1	0	0	0	0	0	0	0	0	0	46	46	L2V4	46	0	0	46	0	0	0	0	64	5	R24	2012-12-12	non_curated
MODEL1208060000	8	2996	0	0	0	0	0	0	0	0	0	0	L2V4	2996	0	0	2702	0	0	0	0	1498	0	R24	2012-12-12	non_curated
MODEL1208280000	3	0	0	0	0	0	0	0	0	0	29	29	L2V4	29	23	0	29	0	0	0	0	21	5	R24	2012-12-12	non_curated
MODEL1209060000	15	0	0	0	0	0	0	0	0	0	0	0	L2V4	0	0	0	1279	0	0	0	0	2353	1	R24	2012-12-12	non_curated
MODEL1209260000	5	0	0	0	0	0	0	0	0	0	0	0	L2V4	0	0	0	35	0	0	0	0	52	0	R24	2012-12-12	non_curated
MODEL1210260004	1	0	0	0	0	0	0	0	3	0	5	5	L2V4	12	6	23	5	4	0	4	0	11	0	R24	2012-12-12	non_curated
MODEL1212040000	6	0	0	0	0	0	0	0	0	0	0	0	L2V4	0	0	0	1793	0	0	0	0	1464	0	R24	2012-12-12	non_curated
MODEL1212040001	1	0	1	0	1	2	0	1	0	0	21	21	L2V4	23	2	17	21	0	0	0	0	20	4	R24	2012-12-12	non_curated
MODEL1949107276	3	0	0	0	0	0	0	0	0	0	0	0	L2V1	0	0	0	996	0	0	0	0	828	0	R24	2012-12-12	non_curated
MODEL2021729243	1	0	0	0	0	0	0	0	0	0	0	0	L2V1	0	0	0	2824	0	0	0	0	2715	0	R24	2012-12-12	non_curated
MODEL2021747594	1	0	0	0	0	0	0	0	0	0	0	0	L2V1	0	0	0	2824	0	0	0	0	2715	0	R24	2012-12-12	non_curated
MODEL2426780967	1	0	0	0	0	0	0	0	0	0	19	19	L2V1	19	0	88	19	0	0	0	0	25	0	R24	2012-12-12	non_curated
MODEL2427021978	1	0	0	0	0	0	0	0	0	0	19	19	L2V1	19	0	88	19	0	0	0	0	24	0	R24	2012-12-12	non_curated
MODEL2463576061	7	0	0	0	0	0	0	0	0	0	0	0	L2V1	0	0	0	222	0	0	0	0	330	0	R24	2012-12-12	non_curated
MODEL2463683119	9	0	0	0	0	0	0	0	0	0	0	0	L2V1	0	0	0	469	0	0	0	0	680	0	R24	2012-12-12	non_curated
MODEL2784700357	3	0	0	0	0	0	0	0	0	0	186	186	L2V3	186	1	744	186	0	0	0	0	209	1	R24	2012-12-12	non_curated
MODEL2937159804	1	0	0	0	0	0	0	0	0	0	14	14	L2V3	14	14	0	14	0	0	0	0	9	0	R24	2012-12-12	non_curated
MODEL3023609334	3	0	0	0	0	0	0	0	0	0	2382	0	L2V1	0	0	11910	2382	0	0	0	0	1972	1	R24	2012-12-12	non_curated
MODEL3023641273	3	0	0	0	0	0	0	0	0	0	2382	0	L2V1	0	0	11910	2382	0	0	0	0	1972	1	R24	2012-12-12	non_curated
MODEL3618435756	1	0	0	0	0	0	0	0	0	0	0	0	L2V4	0	0	0	1406	0	0	0	0	1297	0	R24	2012-12-12	non_curated
MODEL3618487388	1	0	0	0	0	0	0	0	0	0	0	0	L2V4	0	0	0	232	0	0	0	0	255	0	R24	2012-12-12	non_curated
MODEL3631586579	1	0	0	0	0	0	0	0	0	0	850	850	L2V3	850	0	1661	850	0	0	0	0	436	0	R24	2012-12-12	non_curated
MODEL3632127506	2	0	0	0	0	0	0	0	0	0	1750	1750	L2V3	1750	0	3422	1750	0	0	0	0	872	0	R24	2012-12-12	non_curated
MODEL3883569319	1	0	0	0	0	0	0	0	0	0	0	0	L2V3	0	0	0	30965	0	0	0	0	36263	0	R24	2012-12-12	non_curated
MODEL3897771820	1	0	1	1	1	3	0	1	6	0	39	39	L2V1	78	106	0	39	30	0	30	0	30	3	R24	2012-12-12	non_curated
MODEL4028801312	1	0	0	0	0	0	0	0	0	0	0	0	L2V3	3	7	0	0	3	0	1	2	0	3	R24	2012-12-12	non_curated
MODEL4132046015	5	0	0	0	0	0	0	0	0	0	0	0	L2V1	0	0	0	534	0	0	0	0	408	0	R24	2012-12-12	non_curated
MODEL4151491057	1	0	0	0	0	0	0	0	0	0	0	0	L2V3	62	113	0	0	62	0	43	19	0	20	R24	2012-12-12	non_curated
MODEL4665428627	2	0	0	0	0	0	0	0	0	0	0	0	L2V1	0	0	0	98	0	0	0	0	61	0	R24	2012-12-12	non_curated
MODEL4780181279	1	0	0	0	0	0	0	0	0	0	11	11	L2V1	11	0	19	11	0	0	0	0	17	3	R24	2012-12-12	non_curated
MODEL4780441670	2	0	0	0	0	0	0	0	0	0	6	6	L2V1	6	0	11	6	0	0	0	0	8	3	R24	2012-12-12	non_curated
MODEL4780784080	2	0	0	0	0	0	0	0	0	0	10	10	L2V1	10	0	16	10	0	0	0	0	14	3	R24	2012-12-12	non_curated
MODEL4816599063	1	0	0	0	0	0	0	0	0	0	8	8	L2V3	9	17	0	8	1	0	1	0	12	3	R24	2012-12-12	non_curated
MODEL4821294342	2	0	0	0	0	0	0	0	0	0	9	9	L2V1	9	0	18	9	0	0	0	0	12	4	R24	2012-12-12	non_curated
MODEL4968912141	2	0	0	0	0	0	0	0	0	0	5	5	L2V1	5	0	10	5	0	0	0	0	8	3	R24	2012-12-12	non_curated
MODEL4992089662	3	0	0	0	0	0	0	0	0	0	36	36	L2V4	39	10	96	36	3	0	3	0	47	13	R24	2012-12-12	non_curated
MODEL5662324959	2	0	0	0	0	0	0	0	0	0	690	690	L2V1	690	0	2760	690	0	0	0	0	628	1	R24	2012-12-12	non_curated
MODEL5662377562	2	0	0	0	0	0	0	0	0	0	690	690	L2V1	690	0	2760	690	0	0	0	0	628	1	R24	2012-12-12	non_curated
MODEL5662398146	2	0	0	0	0	0	0	0	0	0	690	690	L2V1	690	0	2760	690	0	0	0	0	628	1	R24	2012-12-12	non_curated
MODEL5662425708	2	0	0	0	0	0	0	0	0	0	690	690	L2V1	690	0	2760	690	0	0	0	0	628	1	R24	2012-12-12	non_curated
MODEL5950552398	1	0	0	0	0	0	0	0	0	0	53	53	L2V4	53	234	0	53	0	0	0	0	61	0	R24	2012-12-12	non_curated
MODEL5952308332	1	0	0	0	0	0	0	0	0	0	11	11	L2V4	11	18	0	11	0	0	0	0	12	0	R24	2012-12-12	non_curated
MODEL5954483266	1	0	0	0	0	0	0	0	0	0	4	4	L2V4	6	12	0	4	2	0	2	0	3	0	R24	2012-12-12	non_curated
MODEL5974712823	2	0	0	0	0	0	0	0	0	0	6	6	L2V1	6	5	0	6	0	0	0	0	10	5	R24	2012-12-12	non_curated
MODEL6185511733	1	0	0	0	0	0	0	0	0	0	12	12	L2V3	12	12	0	12	0	0	0	0	9	0	R24	2012-12-12	non_curated
MODEL6185746832	1	0	0	0	0	0	0	0	0	0	18	18	L2V3	18	18	0	18	0	0	0	0	14	0	R24	2012-12-12	non_curated
MODEL6399676120	8	0	0	0	0	0	0	0	0	0	0	0	L2V3	0	0	0	3742	0	0	0	0	3188	0	R24	2012-12-12	non_curated
MODEL6623617994	1	0	0	0	0	0	0	0	0	0	16	16	L2V1	16	0	85	16	0	0	0	0	22	0	R24	2012-12-12	non_curated
MODEL6624091635	1	0	0	0	0	0	0	0	0	0	29	29	L2V1	29	0	151	29	0	0	0	0	34	0	R24	2012-12-12	non_curated
MODEL6624199343	1	0	0	0	0	0	0	0	0	0	3	3	L2V1	3	0	13	3	0	0	0	0	5	0	R24	2012-12-12	non_curated
MODEL6655501972	1	0	0	0	0	0	0	0	0	0	14	14	L2V3	14	43	0	14	0	0	0	0	19	0	R24	2012-12-12	non_curated
MODEL6960055446	1	0	0	0	0	0	0	0	0	0	0	0	L2V3	48	87	0	0	48	0	33	15	0	4	R24	2012-12-12	non_curated
MODEL6962035527	1	0	0	0	0	0	0	0	0	0	0	0	L2V3	89	168	0	0	89	0	74	15	0	12	R24	2012-12-12	non_curated
MODEL6963432821	1	0	0	0	0	0	0	0	0	0	0	0	L2V3	26	45	0	0	26	0	19	7	0	9	R24	2012-12-12	non_curated
MODEL7434234848	3	0	0	0	0	0	0	0	0	0	0	0	L2V1	0	0	0	264	0	0	0	0	255	0	R24	2012-12-12	non_curated
MODEL7519354389	1	0	0	0	0	0	0	0	0	0	56	56	L2V3	62	87	0	56	6	0	4	2	50	1	R24	2012-12-12	non_curated
MODEL7743212613	2	0	0	0	0	0	0	0	0	0	8	8	L2V1	8	41	0	8	0	0	0	0	10	0	R24	2012-12-12	non_curated
MODEL7743315447	2	0	0	0	0	0	0	0	0	0	10	10	L2V1	10	40	0	10	0	0	0	0	12	0	R24	2012-12-12	non_curated
MODEL7743358405	2	0	0	0	0	0	0	0	0	0	12	12	L2V1	12	37	0	12	0	0	0	0	14	0	R24	2012-12-12	non_curated
MODEL7743444866	2	0	1	1	1	3	0	1	0	0	24	24	L2V1	27	100	0	24	0	0	0	0	24	0	R24	2012-12-12	non_curated
MODEL7743528808	2	0	1	1	1	3	0	1	0	0	29	29	L2V1	32	100	0	29	0	0	0	0	29	0	R24	2012-12-12	non_curated
MODEL7743576806	2	0	1	1	1	3	0	1	0	0	33	33	L2V1	36	100	0	33	0	0	0	0	34	0	R24	2012-12-12	non_curated
MODEL7743608569	2	0	1	1	1	3	0	1	0	0	41	41	L2V1	44	95	0	41	0	0	0	0	43	0	R24	2012-12-12	non_curated
MODEL7743631122	2	0	1	1	1	3	0	1	0	0	53	53	L2V1	56	90	0	53	0	0	0	0	54	0	R24	2012-12-12	non_curated
MODEL7814665196	1	0	0	0	0	0	0	0	0	0	0	0	L2V3	102	188	0	0	102	0	67	35	0	23	R24	2012-12-12	non_curated
MODEL7817907010	1	0	0	0	0	0	0	0	0	0	0	0	L2V3	38	100	0	0	38	0	29	9	0	15	R24	2012-12-12	non_curated
MODEL7888000034	1	0	0	0	0	0	0	0	0	0	0	0	L2V3	37	70	0	0	37	0	20	17	0	4	R24	2012-12-12	non_curated
MODEL7889395724	1	0	0	0	0	0	0	0	0	0	0	0	L2V3	26	48	0	0	26	0	18	8	0	13	R24	2012-12-12	non_curated
MODEL7891585309	1	0	0	0	0	0	0	0	0	0	0	0	L2V3	16	49	0	0	16	0	12	4	0	6	R24	2012-12-12	non_curated
MODEL7893871775	1	0	0	0	0	0	0	0	0	0	0	0	L2V3	138	250	0	0	138	0	116	22	0	20	R24	2012-12-12	non_curated
MODEL7896869925	1	0	0	0	0	0	0	0	0	0	0	0	L2V3	9	31	0	0	9	0	4	5	0	8	R24	2012-12-12	non_curated
MODEL7898438988	1	0	0	0	0	0	0	0	0	0	0	0	L2V3	5	12	0	0	5	0	2	3	0	6	R24	2012-12-12	non_curated
MODEL7907879432	1	0	0	0	0	0	0	0	0	0	0	0	L2V3	27	56	0	0	27	0	20	7	0	9	R24	2012-12-12	non_curated
MODEL7908934508	1	0	0	0	0	0	0	0	0	0	0	0	L2V3	11	22	0	0	11	0	7	4	0	7	R24	2012-12-12	non_curated
MODEL7909395757	1	0	0	0	0	0	0	0	0	0	0	0	L2V3	21	35	0	0	21	0	18	3	0	1	R24	2012-12-12	non_curated
MODEL7910499126	1	0	0	0	0	0	0	0	0	0	0	0	L2V3	90	170	0	0	90	0	71	19	0	24	R24	2012-12-12	non_curated
MODEL7914464799	1	0	0	0	0	0	0	0	0	0	0	0	L2V3	195	371	0	0	195	0	150	45	0	29	R24	2012-12-12	non_curated
MODEL7914759868	1	0	0	0	0	0	0	0	0	0	0	0	L2V3	105	217	0	0	105	0	74	31	0	20	R24	2012-12-12	non_curated
MODEL7980735163	1	0	0	0	0	0	0	0	0	0	0	0	L2V3	47	150	0	0	47	0	31	16	0	9	R24	2012-12-12	non_curated
MODEL8102792069	1	0	0	0	0	0	0	0	0	0	6	6	L2V4	7	8	0	6	1	0	1	0	4	7	R24	2012-12-12	non_curated
MODEL8236441887	1	0	0	0	0	0	0	0	0	0	19	19	L2V4	19	73	0	19	0	0	0	0	19	2	R24	2012-12-12	non_curated
MODEL8236480549	1	0	0	0	0	0	0	0	0	0	20	20	L2V4	20	67	0	20	0	0	0	0	20	2	R24	2012-12-12	non_curated
MODEL8236520494	1	0	0	0	0	0	0	0	0	0	7	7	L2V4	7	24	0	7	0	0	0	0	7	2	R24	2012-12-12	non_curated
MODEL8262229752	1	0	0	0	0	0	0	0	0	0	25	25	L2V1	25	25	0	25	0	0	0	0	21	2	R24	2012-12-12	non_curated
MODEL8268650277	1	0	0	0	0	0	0	0	0	0	8	8	L2V4	9	8	0	8	1	0	1	0	4	8	R24	2012-12-12	non_curated
MODEL8459127548	2	0	0	0	0	0	0	0	0	0	34	34	L2V4	34	37	0	34	0	0	0	0	30	6	R24	2012-12-12	non_curated
MODEL8478881246	1	0	0	0	0	0	0	0	0	0	69	69	L2V1	69	3	98	69	0	0	0	0	32	5	R24	2012-12-12	non_curated
MODEL8568434338	1	0	0	0	0	0	0	0	0	0	0	0	L2V1	0	0	0	219	0	0	0	0	225	0	R24	2012-12-12	non_curated
MODEL8683876463	1	0	0	0	0	0	0	0	0	0	0	0	L2V3	87	153	0	0	87	0	65	22	0	17	R24	2012-12-12	non_curated
MODEL8684444027	1	0	0	0	0	0	0	0	0	0	0	0	L2V3	63	153	0	0	63	0	30	33	0	11	R24	2012-12-12	non_curated
MODEL8685104549	1	0	0	0	0	0	0	0	0	0	0	0	L2V3	94	188	0	0	94	0	68	26	0	17	R24	2012-12-12	non_curated
MODEL8686121468	1	0	0	0	0	0	0	0	0	0	0	0	L2V3	16	27	0	0	16	0	12	4	0	7	R24	2012-12-12	non_curated
MODEL8687196544	1	0	0	0	0	0	0	0	0	0	0	0	L2V3	25	47	0	0	25	0	20	5	0	7	R24	2012-12-12	non_curated
MODEL8687732743	1	0	0	0	0	0	0	0	0	0	0	0	L2V3	8	27	0	0	8	0	2	6	0	6	R24	2012-12-12	non_curated
MODEL8938094216	1	0	0	0	0	0	0	0	0	0	16	16	L2V1	18	16	0	16	2	0	2	0	15	1	R24	2012-12-12	non_curated
MODEL9070467164	3	0	0	0	0	0	0	0	0	0	99	99	L2V1	102	0	169	99	3	0	3	0	94	4	R24	2012-12-12	non_curated
MODEL9071122126	2	0	0	0	0	0	0	0	0	0	65	65	L2V1	66	0	108	65	1	0	1	0	64	3	R24	2012-12-12	non_curated
MODEL9071773985	2	0	0	0	0	0	0	0	0	0	82	82	L2V1	83	0	139	82	1	0	1	0	73	4	R24	2012-12-12	non_curated
MODEL9077438479	2	0	0	0	0	0	0	0	0	0	23	23	L2V1	23	0	43	23	0	0	0	0	29	5	R24	2012-12-12	non_curated
MODEL9079179924	2	0	0	0	0	0	0	0	0	0	81	81	L2V1	82	0	136	81	1	0	1	0	81	3	R24	2012-12-12	non_curated
MODEL9079740062	2	0	0	0	0	0	0	0	0	0	23	23	L2V1	23	0	43	23	0	0	0	0	29	5	R24	2012-12-12	non_curated
MODEL9080388197	2	0	0	0	0	0	0	0	0	0	10	10	L2V1	11	0	20	10	1	0	1	0	15	3	R24	2012-12-12	non_curated
MODEL9080747936	2	0	0	0	0	0	0	0	0	0	51	51	L2V1	54	0	84	51	3	0	3	0	50	19	R24	2012-12-12	non_curated
MODEL9081220742	3	0	0	0	0	0	0	0	0	0	196	196	L2V1	200	0	337	196	4	0	4	0	188	5	R24	2012-12-12	non_curated
MODEL9085850385	2	0	0	0	0	0	0	0	0	0	58	58	L2V1	58	0	94	58	0	0	0	0	59	3	R24	2012-12-12	non_curated
MODEL9086207764	4	0	0	0	0	0	0	0	0	0	362	362	L2V1	384	0	570	362	22	0	22	0	284	5	R24	2012-12-12	non_curated
MODEL9086518048	4	0	0	0	0	0	0	0	0	0	367	367	L2V1	389	0	580	367	22	0	22	0	286	5	R24	2012-12-12	non_curated
MODEL9086628127	4	0	0	0	0	0	0	0	0	0	17	17	L2V1	17	0	28	17	0	0	0	0	16	3	R24	2012-12-12	non_curated
MODEL9086926384	3	0	0	0	0	0	0	0	0	0	90	90	L2V1	99	0	148	90	9	0	9	0	85	4	R24	2012-12-12	non_curated
MODEL9086953089	4	0	0	0	0	0	0	0	0	0	117	117	L2V1	126	0	196	117	9	0	9	0	114	5	R24	2012-12-12	non_curated
MODEL9087255381	4	0	0	0	0	0	0	0	0	0	371	371	L2V1	393	0	586	371	22	0	22	0	289	5	R24	2012-12-12	non_curated
MODEL9087474843	4	0	0	0	0	0	0	0	0	0	371	371	L2V1	393	0	586	371	22	0	22	0	290	5	R24	2012-12-12	non_curated
MODEL9087766308	2	0	0	0	0	0	0	0	0	0	2	2	L2V1	2	0	4	2	0	0	0	0	5	3	R24	2012-12-12	non_curated
MODEL9087988095	2	0	0	0	0	0	0	0	0	0	2	2	L2V1	2	0	4	2	0	0	0	0	5	3	R24	2012-12-12	non_curated
MODEL9088169066	2	0	0	0	0	0	0	0	0	0	2	2	L2V1	2	0	4	2	0	0	0	0	5	3	R24	2012-12-12	non_curated
MODEL9088294310	2	0	0	0	0	0	0	0	0	0	2	2	L2V1	2	0	4	2	0	0	0	0	5	3	R24	2012-12-12	non_curated
MODEL9089491423	3	0	0	0	0	0	0	0	0	0	204	204	L2V1	208	0	349	204	4	0	4	0	196	5	R24	2012-12-12	non_curated
MODEL9089538076	3	0	0	0	0	0	0	0	0	0	206	206	L2V1	210	0	353	206	4	0	4	0	200	5	R24	2012-12-12	non_curated
MODEL9089914876	3	0	0	0	0	0	0	0	0	0	202	202	L2V1	206	0	347	202	4	0	4	0	192	5	R24	2012-12-12	non_curated
MODEL9147091146	2	0	0	0	0	0	0	0	0	0	79	79	L2V1	80	0	132	79	1	0	1	0	77	4	R24	2012-12-12	non_curated
MODEL9147232940	2	0	0	0	0	0	0	0	0	0	63	63	L2V1	64	0	104	63	1	0	1	0	64	3	R24	2012-12-12	non_curated
MODEL9147975215	2	0	0	0	0	0	0	0	0	0	29	29	L2V1	29	0	47	29	0	0	0	0	37	3	R24	2012-12-12	non_curated
MODEL9200487367	1	0	0	0	0	0	0	0	0	0	8	8	L2V1	13	9	8	8	5	0	4	1	5	0	R24	2012-12-12	non_curated
MODEL9808533471	1	0	0	0	0	0	0	0	0	0	0	0	L2V3	41	74	0	0	41	0	31	10	0	10	R24	2012-12-12	non_curated
MODEL9810152478	1	0	0	0	0	0	0	0	0	0	0	0	L2V3	100	177	0	0	100	0	70	30	0	16	R24	2012-12-12	non_curated
MODEL9811206584	1	0	0	0	0	0	0	0	0	0	0	0	L2V3	8	22	0	0	8	0	4	4	0	7	R24	2012-12-12	non_curated
