time	[Ac]	[Glcxt]	[O2]	[X]	[dummy_S]	dummy_vAc	dummy_vGlcxt	dummy_vO2	dummy_vX	fba__v1	fba__v2	fba__v3	fba__v4	update__update_Ac	update__update_Glcxt	update__update_O2	update__update_X	bounds__Km_vGlcxt	bounds__Vmax_vGlcxt	bounds__dt	bounds__lb_def_vAc	bounds__lb_def_vGlcxt	bounds__lb_def_vO2	bounds__lb_def_vX	bounds__lb_vAc	bounds__lb_vGlcxt	bounds__lb_vO2	bounds__lb_vX	bounds__ub_def_vAc	bounds__ub_def_vGlcxt	bounds__ub_def_vO2	bounds__ub_def_vX	bounds__ub_kin_vGlcxt	bounds__ub_vAc	bounds__ub_vO2	bounds__ub_vX	dt	fba__lb	fba__lb_irrev	fba__lb_vAc	fba__lb_vGlcxt	fba__lb_vO2	fba__lb_vX	fba__ub	fba__ub_vAc	fba__ub_vO2	fba__ub_vX	ub_vGlcxt	update__Km_vFBA	update__Y	vAc	vGlcxt	vO2	vX
0.0	0.4	10.8	0.21	0.001	0.0	0.0	0.0	0.0	0.0	0.108198953278	0.867882092514	0.0	0.352003690408	0.000952380952381	0.000998151571165	0.000913043478261	0.001	0.015	15.0	0.1	0.0	0.0	-1000.0	0.0	4.0	108.0	2.1	0.01	1000.0	10.0	15.0	1000.0	14.9791955617	4.0	2.1	0.01	0.1	-1000.0	0.0	0.0	0.0	-1000.0	0.0	1000.0	1000.0	15.0	1000.0	14.9791955617	0.02	0.001	0.0	14.9791955617	15.0	1.3280847362
0.1	0.399899800431	10.7998949843	0.20990394046	0.00110521018125	0.0	0.0	0.0	0.0	0.0	0.108198953278	0.867882092514	0.0	0.352003690408	0.00105256856627	0.00110316725905	0.00100906479296	0.00110521018125	0.015	15.0	0.1	0.0	0.0	-1000.0	0.0	3.99899800431	107.998949843	2.0990394046	0.0110521018125	1000.0	10.0	15.0	1000.0	14.9791953597	3.99899800431	2.0990394046	0.0110521018125	0.1	-1000.0	0.0	0.0	0.0	-1000.0	0.0	1000.0	1000.0	15.0	1000.0	14.9791953597	0.02	0.00110521018125	0.0	14.9791955617	15.0	1.3280847362
0.2	0.399789060257	10.7997789199	0.209797778947	0.00122148952529	0.0	0.0	0.0	0.0	0.0	0.108198947808	0.867882107331	0.0	0.352003672613	0.00116329412951	0.00121923164269	0.00111517957478	0.00122148952529	0.015	15.0	0.1	0.0	0.0	-1000.0	0.0	3.99789060257	107.997789199	2.09797778947	0.0122148952529	1000.0	10.0	15.0	1000.0	14.9791951364	3.99789060257	2.09797778947	0.0122148952529	0.1	-1000.0	0.0	0.0	0.0	-1000.0	0.0	1000.0	1000.0	15.0	1000.0	14.9791951364	0.02	0.00122148952529	0.0	14.9791953597	15.0	1.32808472775
0.3	0.399666670812	10.7996506443	0.209680453623	0.00135000261867	0.0	0.0	0.0	0.0	0.0	0.108198941763	0.867882123708	0.0	0.352003652946	0.00128566571929	0.00134750715433	0.00123244776388	0.00135000261867	0.015	15.0	0.1	0.0	0.0	-1000.0	0.0	3.99666670812	107.996506443	2.09680453623	0.0135000261867	1000.0	10.0	15.0	1000.0	14.9791948897	3.99666670812	2.09680453623	0.0135000261867	0.1	-1000.0	0.0	0.0	0.0	-1000.0	0.0	1000.0	1000.0	15.0	1000.0	14.9791948897	0.02	0.00135000261867	0.0	14.9791951364	15.0	1.32808471842
0.4	0.399531406852	10.7995088729	0.209550791157	0.00149203657408	0.0	0.0	0.0	0.0	0.0	0.108198935081	0.867882141808	0.0	0.352003631209	0.00142090785524	0.00148927852546	0.00136204037005	0.00149203657408	0.015	15.0	0.1	0.0	0.0	-1000.0	0.0	3.99531406852	107.995088729	2.09550791157	0.0149203657408	1000.0	10.0	15.0	1000.0	14.9791946169	3.99531406852	2.09550791157	0.0149203657408	0.1	-1000.0	0.0	0.0	0.0	-1000.0	0.0	1000.0	1000.0	15.0	1000.0	14.9791946169	0.02	0.00149203657408	0.0	14.9791948897	15.0	1.3280847081
0.5	0.399381914312	10.7993521858	0.209407495038	0.00164901392132	0.0	0.0	0.0	0.0	0.0	0.108198927697	0.867882161812	0.0	0.352003607185	0.00157037371939	0.00164596565393	0.00150525105768	0.00164901392132	0.015	15.0	0.1	0.0	0.0	-1000.0	0.0	3.99381914312	107.993521858	2.09407495038	0.0164901392132	1000.0	10.0	15.0	1000.0	14.9791943155	3.99381914312	2.09407495038	0.0164901392132	0.1	-1000.0	0.0	0.0	0.0	-1000.0	0.0	1000.0	1000.0	15.0	1000.0	14.9791943155	0.02	0.00164901392132	0.0	14.9791946169	15.0	1.32808469669
0.6	0.399216696769	10.7991790135	0.209249132685	0.00182250685452	0.0	0.0	0.0	0.0	0.0	0.108198919535	0.867882183922	0.0	0.352003580633	0.00173555865477	0.00181913782467	0.00166350892653	0.00182250685452	0.015	15.0	0.1	0.0	0.0	-1000.0	0.0	3.99216696769	107.991790135	2.09249132685	0.0182250685452	1000.0	10.0	15.0	1000.0	14.9791939823	3.99216696769	2.09249132685	0.0182250685452	0.1	-1000.0	0.0	0.0	0.0	-1000.0	0.0	1000.0	1000.0	15.0	1000.0	14.9791939823	0.02	0.00182250685452	0.0	14.9791943155	15.0	1.32808468409
0.7	0.399034100486	10.7989876219	0.2090741212	0.00201425297833	0.0	0.0	0.0	0.0	0.0	0.108198910514	0.867882208359	0.0	0.352003551286	0.00191811507567	0.00201052942665	0.00183839260897	0.00201425297833	0.015	15.0	0.1	0.0	0.0	-1000.0	0.0	3.99034100486	107.989876219	2.090741212	0.0201425297833	1000.0	10.0	15.0	1000.0	14.9791936141	3.99034100486	2.090741212	0.0201425297833	0.1	-1000.0	0.0	0.0	0.0	-1000.0	0.0	1000.0	1000.0	15.0	1000.0	14.9791936141	0.02	0.00201425297833	0.0	14.9791939823	15.0	1.32808467016
0.8	0.398832297891	10.7987760939	0.208880711645	0.00222617271075	0.0	0.0	0.0	0.0	0.0	0.108198900544	0.867882235368	0.0	0.35200351885	0.00211986893609	0.00222205732341	0.00203164581552	0.00222617271075	0.015	15.0	0.1	0.0	0.0	-1000.0	0.0	3.98832297891	107.987760939	2.08880711645	0.0222617271075	1000.0	10.0	15.0	1000.0	14.9791932071	3.98832297891	2.08880711645	0.0222617271075	0.1	-1000.0	0.0	0.0	0.0	-1000.0	0.0	1000.0	1000.0	15.0	1000.0	14.9791932071	0.02	0.00222617271075	0.0	14.9791936141	15.0	1.32808465476
0.9	0.398609269322	10.7985423111	0.208666971685	0.0024603885169	0.0	0.0	0.0	0.0	0.0	0.108198889525	0.867882265219	0.0	0.352003483	0.00234283791794	0.00245584005104	0.00224519447302	0.0024603885169	0.015	15.0	0.1	0.0	0.0	-1000.0	0.0	3.98609269322	107.985423111	2.08666971685	0.024603885169	1000.0	10.0	15.0	1000.0	14.9791927572	3.98609269322	2.08666971685	0.024603885169	0.1	-1000.0	0.0	0.0	0.0	-1000.0	0.0	1000.0	1000.0	15.0	1000.0	14.9791927572	0.02	0.0024603885169	0.0	14.9791932071	15.0	1.32808463774
1.0	0.398362782857	10.798283932	0.208430766432	0.00271924616638	0.0	0.0	0.0	0.0	0.0	0.108198877345	0.867882298213	0.0	0.352003443377	0.00258925151686	0.00271421903604	0.0024811656128	0.00271924616638	0.015	15.0	0.1	0.0	0.0	-1000.0	0.0	3.98362782857	107.98283932	2.08430766432	0.0271924616638	1000.0	10.0	15.0	1000.0	14.9791922601	3.98362782857	2.08430766432	0.0271924616638	0.1	-1000.0	0.0	0.0	0.0	-1000.0	0.0	1000.0	1000.0	15.0	1000.0	14.9791922601	0.02	0.00271924616638	0.0	14.9791927572	15.0	1.32808461894
1.1	0.39809037204	10.7979983688	0.208169737305	0.00300533822714	0.0	0.0	0.0	0.0	0.0	0.108198863884	0.867882334679	0.0	0.352003399584	0.00286157322186	0.00299978204544	0.00274190818049	0.00300533822714	0.015	15.0	0.1	0.0	0.0	-1000.0	0.0	3.9809037204	107.979983688	2.08169737305	0.0300533822714	1000.0	10.0	15.0	1000.0	14.9791917105	3.9809037204	2.08169737305	0.0300533822714	0.1	-1000.0	0.0	0.0	0.0	-1000.0	0.0	1000.0	1000.0	15.0	1000.0	14.9791917105	0.02	0.00300533822714	0.0	14.9791922601	15.0	1.32808459815
1.2	0.397789311262	10.7976827616	0.207881278697	0.00332153003107	0.0	0.0	0.0	0.0	0.0	0.108198849006	0.867882374984	0.0	0.35200335118	0.0031625250043	0.00331538910403	0.00303001595409	0.00332153003107	0.015	15.0	0.1	0.0	0.0	-1000.0	0.0	3.97789311262	107.976827616	2.07881278697	0.0332153003107	1000.0	10.0	15.0	1000.0	14.9791911032	3.97789311262	2.07881278697	0.0332153003107	0.1	-1000.0	0.0	0.0	0.0	-1000.0	0.0	1000.0	1000.0	15.0	1000.0	14.9791911032	0.02	0.00332153003107	0.0	14.9791917105	15.0	1.32808457517
1.3	0.397456588579	10.7973339494	0.20756251225	0.00367098837147	0.0	0.0	0.0	0.0	0.0	0.108198832561	0.867882419532	0.0	0.352003297681	0.00349511435382	0.00366420113833	0.00334835277256	0.00367098837147	0.015	15.0	0.1	0.0	0.0	-1000.0	0.0	3.97456588579	107.973339494	2.0756251225	0.0367098837147	1000.0	10.0	15.0	1000.0	14.9791904319	3.97456588579	2.0756251225	0.0367098837147	0.1	-1000.0	0.0	0.0	0.0	-1000.0	0.0	1000.0	1000.0	15.0	1000.0	14.9791904319	0.02	0.00367098837147	0.0	14.9791911032	15.0	1.32808454977
1.4	0.397088875678	10.7969484386	0.207210258466	0.00405721321974	0.0	0.0	0.0	0.0	0.0	0.108198814385	0.86788246877	0.0	0.352003238549	0.00386266412211	0.00404971163417	0.00370008029387	0.00405721321974	0.015	15.0	0.1	0.0	0.0	-1000.0	0.0	3.97088875678	107.969484386	2.07210258466	0.0405721321974	1000.0	10.0	15.0	1000.0	14.9791896899	3.97088875678	2.07210258466	0.0405721321974	0.1	-1000.0	0.0	0.0	0.0	-1000.0	0.0	1000.0	1000.0	15.0	1000.0	14.9791896899	0.02	0.00405721321974	0.0	14.9791904319	15.0	1.3280845217
1.5	0.396682494713	10.7965223683	0.206821005415	0.004484072779	0.0	0.0	0.0	0.0	0.0	0.108198794296	0.867882523192	0.0	0.352003173192	0.00426884546151	0.00447578162473	0.00408868851811	0.004484072779	0.015	15.0	0.1	0.0	0.0	-1000.0	0.0	3.96682494713	107.965223683	2.06821005415	0.04484072779	1000.0	10.0	15.0	1000.0	14.9791888698	3.96682494713	2.06821005415	0.04484072779	0.1	-1000.0	0.0	0.0	0.0	-1000.0	0.0	1000.0	1000.0	15.0	1000.0	14.9791888698	0.02	0.004484072779	0.0	14.9791896899	15.0	1.32808449068
1.6	0.396233381672	10.7960514712	0.206390874242	0.00495584222559	0.0	0.0	0.0	0.0	0.0	0.108198772091	0.867882583344	0.0	0.352003100953	0.00471771417321	0.00494667835976	0.00451802932857	0.00495584222559	0.015	15.0	0.1	0.0	0.0	-1000.0	0.0	3.96233381672	107.960514712	2.06390874242	0.0495584222559	1000.0	10.0	15.0	1000.0	14.9791879633	3.96233381672	2.06390874242	0.0495584222559	0.1	-1000.0	0.0	0.0	0.0	-1000.0	0.0	1000.0	1000.0	15.0	1000.0	14.9791879633	0.02	0.00495584222559	0.0	14.9791888698	15.0	1.32808445639
1.7	0.395737045926	10.7955310311	0.205915581147	0.00547724652666	0.0	0.0	0.0	0.0	0.0	0.108198747548	0.867882649831	0.0	0.352003021108	0.00521375081078	0.00546711804289	0.0049923533202	0.00547724652666	0.015	15.0	0.1	0.0	0.0	-1000.0	0.0	3.95737045926	107.955310311	2.05915581147	0.0547724652666	1000.0	10.0	15.0	1000.0	14.9791869614	3.95737045926	2.05915581147	0.0547724652666	0.1	-1000.0	0.0	0.0	0.0	-1000.0	0.0	1000.0	1000.0	15.0	1000.0	14.9791869614	0.02	0.00547724652666	0.0	14.9791879633	15.0	1.32808441849
1.8	0.395188525565	10.7949558355	0.205390395514	0.00605350776242	0.0	0.0	0.0	0.0	0.0	0.108198720421	0.867882723319	0.0	0.352002932853	0.00576190491747	0.00604231306527	0.00551635020088	0.00605350776242	0.015	15.0	0.1	0.0	0.0	-1000.0	0.0	3.95188525565	107.949558355	2.05390395514	0.0605350776242	1000.0	10.0	15.0	1000.0	14.9791858539	3.95188525565	2.05390395514	0.0605350776242	0.1	-1000.0	0.0	0.0	0.0	-1000.0	0.0	1000.0	1000.0	15.0	1000.0	14.9791858539	0.02	0.00605350776242	0.0	14.9791869614	15.0	1.32808437659
1.9	0.39458233808	10.7943201236	0.204810093805	0.00669039742717	0.0	0.0	0.0	0.0	0.0	0.108198690436	0.867882804547	0.0	0.352002835304	0.00636764381165	0.00667802420842	0.00609519306477	0.00669039742717	0.015	15.0	0.1	0.0	0.0	-1000.0	0.0	3.9458233808	107.943201236	2.04810093805	0.0669039742717	1000.0	10.0	15.0	1000.0	14.9791846298	3.9458233808	2.04810093805	0.0669039742717	0.1	-1000.0	0.0	0.0	0.0	-1000.0	0.0	1000.0	1000.0	15.0	1000.0	14.9791846298	0.02	0.00669039742717	0.0	14.9791858539	15.0	1.32808433029
2.0	0.393912425922	10.7936175287	0.204168908818	0.00739429423279	0.0	0.0	0.0	0.0	0.0	0.108198657293	0.867882894331	0.0	0.352002727479	0.00703700637334	0.00738061833901	0.00673458684769	0.00739429423279	0.015	15.0	0.1	0.0	0.0	-1000.0	0.0	3.93912425922	107.936175287	2.04168908818	0.0739429423279	1000.0	10.0	15.0	1000.0	14.9791832767	3.93912425922	2.04168908818	0.0739429423279	0.1	-1000.0	0.0	0.0	0.0	-1000.0	0.0	1000.0	1000.0	15.0	1000.0	14.9791832767	0.02	0.00739429423279	0.0	14.9791846298	15.0	1.3280842791
2.1	0.393172096408	10.7928410138	0.203460473874	0.00817224799366	0.0	0.0	0.0	0.0	0.0	0.108198620658	0.867882993574	0.0	0.352002608296	0.00777666232538	0.00815713217353	0.00744082128074	0.00817224799366	0.015	15.0	0.1	0.0	0.0	-1000.0	0.0	3.93172096408	107.928410138	2.03460473874	0.0817224799366	1000.0	10.0	15.0	1000.0	14.9791817811	3.93172096408	2.03460473874	0.0817224799366	0.1	-1000.0	0.0	0.0	0.0	-1000.0	0.0	1000.0	1000.0	15.0	1000.0	14.9791817811	0.02	0.00817224799366	0.0	14.9791832767	15.0	1.32808422253
2.2	0.392353955407	10.7919828019	0.202677761473	0.00903205023269	0.0	0.0	0.0	0.0	0.0	0.108198580163	0.867883103272	0.0	0.352002476555	0.00859397754711	0.009015342751	0.00822082865646	0.00903205023269	0.015	15.0	0.1	0.0	0.0	-1000.0	0.0	3.92353955407	107.919828019	2.02677761473	0.0903205023269	1000.0	10.0	15.0	1000.0	14.9791801279	3.92353955407	2.02677761473	0.0903205023269	0.1	-1000.0	0.0	0.0	0.0	-1000.0	0.0	1000.0	1000.0	15.0	1000.0	14.9791801279	0.02	0.00903205023269	0.0	14.9791817811	15.0	1.32808415999
2.3	0.391449834151	10.7910342978	0.201813015917	0.00998231221558	0.0	0.0	0.0	0.0	0.0	0.108198535402	0.867883224531	0.0	0.352002330931	0.00949708600392	0.00996384531974	0.00908224671002	0.00998231221558	0.015	15.0	0.1	0.0	0.0	-1000.0	0.0	3.91449834151	107.910342978	2.01813015917	0.0998231221558	1000.0	10.0	15.0	1000.0	14.9791783004	3.91449834151	2.01813015917	0.0998231221558	0.1	-1000.0	0.0	0.0	0.0	-1000.0	0.0	1000.0	1000.0	15.0	1000.0	14.9791783004	0.02	0.00998231221558	0.0	14.9791801279	15.0	1.32808409086
2.4	0.390450708514	10.7899860019	0.200857679376	0.0110325511947	0.0	0.0	0.0	0.0	0.0	0.108198485922	0.86788335857	0.0	0.35200216996	0.010494968924	0.0110121394177	0.01003348689	0.0110325511947	0.015	15.0	0.1	0.0	0.0	-1000.0	0.0	3.90450708514	107.899860019	2.00857679376	0.110325511947	1000.0	10.0	15.0	1000.0	14.9791762803	3.90450708514	2.00857679376	0.110325511947	0.1	-1000.0	0.0	0.0	0.0	-1000.0	0.0	1000.0	1000.0	15.0	1000.0	14.9791762803	0.02	0.0110325511947	0.0	14.9791783004	15.0	1.32808401445
2.5	0.389346609966	10.788827415	0.199802310847	0.0121932857265	0.0	0.0	0.0	0.0	0.0	0.108198431227	0.867883506738	0.0	0.35200199202	0.0115975419031	0.0121707240087	0.0110838082438	0.0121932857265	0.015	15.0	0.1	0.0	0.0	-1000.0	0.0	3.89346609966	107.88827415	1.99802310847	0.121932857265	1000.0	10.0	15.0	1000.0	14.9791740472	3.89346609966	1.99802310847	0.121932857265	0.1	-1000.0	0.0	0.0	0.0	-1000.0	0.0	1000.0	1000.0	15.0	1000.0	14.9791740472	0.02	0.0121932857265	0.0	14.9791762803	15.0	1.32808392999
2.6	0.38812652739	10.7875469335	0.198636497431	0.0134761410161	0.0	0.0	0.0	0.0	0.0	0.108198370765	0.867883670528	0.0	0.352001795319	0.012815750666	0.0134512026261	0.0122433970622	0.0134761410161	0.015	15.0	0.1	0.0	0.0	-1000.0	0.0	3.8812652739	107.875469335	1.98636497431	0.134761410161	1000.0	10.0	15.0	1000.0	14.9791715786	3.8812652739	1.98636497431	0.134761410161	0.1	-1000.0	0.0	0.0	0.0	-1000.0	0.0	1000.0	1000.0	15.0	1000.0	14.9791715786	0.02	0.0134761410161	0.0	14.9791740472	15.0	1.32808383661
2.7	0.386778298863	10.7861317331	0.197348757366	0.0148939653448	0.0	0.0	0.0	0.0	0.0	0.108198303927	0.867883851591	0.0	0.352001577874	0.0141616762632	0.014866399578	0.0135234523016	0.0148939653448	0.015	15.0	0.1	0.0	0.0	-1000.0	0.0	3.86778298863	107.861317331	1.97348757366	0.148939653448	1000.0	10.0	15.0	1000.0	14.9791688496	3.86778298863	1.97348757366	0.148939653448	0.1	-1000.0	0.0	0.0	0.0	-1000.0	0.0	1000.0	1000.0	15.0	1000.0	14.9791688496	0.02	0.0148939653448	0.0	14.9791715786	15.0	1.32808373339
2.8	0.385288492398	10.7845676401	0.195926434225	0.0164609587456	0.0	0.0	0.0	0.0	0.0	0.108198230038	0.867884051754	0.0	0.352001337492	0.0156486505229	0.0164304883754	0.014936276619	0.0164609587456	0.015	15.0	0.1	0.0	0.0	-1000.0	0.0	3.85288492398	107.845676401	1.95926434225	0.164609587456	1000.0	10.0	15.0	1000.0	14.9791658326	3.85288492398	1.95926434225	0.164609587456	0.1	-1000.0	0.0	0.0	0.0	-1000.0	0.0	1000.0	1000.0	15.0	1000.0	14.9791658326	0.02	0.0164609587456	0.0	14.9791688496	15.0	1.32808361928
2.9	0.383642274599	10.7828389897	0.194355581753	0.0181928152148	0.0	0.0	0.0	0.0	0.0	0.108198148353	0.867884273038	0.0	0.352001071746	0.0172913826167	0.0181591336701	0.0164953725762	0.0181928152148	0.015	15.0	0.1	0.0	0.0	-1000.0	0.0	3.83642274599	107.828389897	1.94355581753	0.181928152148	1000.0	10.0	15.0	1000.0	14.9791624972	3.83642274599	1.94355581753	0.181928152148	0.1	-1000.0	0.0	0.0	0.0	-1000.0	0.0	1000.0	1000.0	15.0	1000.0	14.9791624972	0.02	0.0181928152148	0.0	14.9791658326	15.0	1.32808349314
3.0	0.381823266061	10.780928469	0.19262083885	0.0201068798838	0.0	0.0	0.0	0.0	0.0	0.108198058046	0.867884517676	0.0	0.352000777951	0.0191060976204	0.0200696481218	0.0182155431745	0.0201068798838	0.015	15.0	0.1	0.0	0.0	-1000.0	0.0	3.81823266061	107.80928469	1.9262083885	0.201068798838	1000.0	10.0	15.0	1000.0	14.9791588097	3.81823266061	1.9262083885	0.201068798838	0.1	-1000.0	0.0	0.0	0.0	-1000.0	0.0	1000.0	1000.0	15.0	1000.0	14.9791588097	0.02	0.0201068798838	0.0	14.9791624972	15.0	1.32808335367
3.1	0.379813382277	10.7788169437	0.190705294362	0.0222223227229	0.0	0.0	0.0	0.0	0.0	0.108197958205	0.867884788145	0.0	0.352000453137	0.0211106879599	0.022181165765	0.0201129953052	0.0222223227229	0.015	15.0	0.1	0.0	0.0	-1000.0	0.0	3.79813382277	107.788169437	1.90705294362	0.222223227229	1000.0	10.0	15.0	1000.0	14.9791547326	3.79813382277	1.90705294362	0.222223227229	0.1	-1000.0	0.0	0.0	0.0	-1000.0	0.0	1000.0	1000.0	15.0	1000.0	14.9791547326	0.02	0.0222223227229	0.0	14.9791588097	15.0	1.32808319949
3.2	0.377592658718	10.7764832665	0.188590341453	0.0245603305169	0.0	0.0	0.0	0.0	0.0	0.108197847818	0.86788508718	0.0	0.352000094016	0.0233248786051	0.0245148336085	0.0222054438673	0.0245603305169	0.015	15.0	0.1	0.0	0.0	-1000.0	0.0	3.77592658718	107.764832665	1.88590341453	0.245603305169	1000.0	10.0	15.0	1000.0	14.9791502248	3.77592658718	1.88590341453	0.245603305169	0.1	-1000.0	0.0	0.0	0.0	-1000.0	0.0	1000.0	1000.0	15.0	1000.0	14.9791502248	0.02	0.0245603305169	0.0	14.9791547326	15.0	1.32808302901
3.3	0.375139058677	10.7739040653	0.186255521697	0.0271443190308	0.0	0.0	0.0	0.0	0.0	0.108197725767	0.867885417813	0.0	0.351999696948	0.0257704068125	0.0270940233845	0.0245122131063	0.0271443190308	0.015	15.0	0.1	0.0	0.0	-1000.0	0.0	3.75139058677	107.739040653	1.86255521697	0.271443190308	1000.0	10.0	15.0	1000.0	14.9791452405	3.75139058677	1.86255521697	0.271443190308	0.1	-1000.0	0.0	0.0	0.0	-1000.0	0.0	1000.0	1000.0	15.0	1000.0	14.9791452405	0.02	0.0271443190308	0.0	14.9791502248	15.0	1.32808284053
3.4	0.372428262381	10.7710535091	0.183678359387	0.0300001674887	0.0	0.0	0.0	0.0	0.0	0.108197590814	0.867885783398	0.0	0.351999257905	0.0284712170861	0.0299445655636	0.027054329985	0.0300001674887	0.015	15.0	0.1	0.0	0.0	-1000.0	0.0	3.72428262381	107.710535091	1.83678359387	0.300001674887	1000.0	10.0	15.0	1000.0	14.9791397289	3.72428262381	1.83678359387	0.300001674887	0.1	-1000.0	0.0	0.0	0.0	-1000.0	0.0	1000.0	1000.0	15.0	1000.0	14.9791397289	0.02	0.0300001674887	0.0	14.9791452405	15.0	1.32808263212
3.5	0.369433435842	10.7679030496	0.180834187243	0.0331564777096	0.0	0.0	0.0	0.0	0.0	0.108197441588	0.867886187649	0.0	0.351998772427	0.0314536718045	0.0330950079735	0.0298546018523	0.0331564777096	0.015	15.0	0.1	0.0	0.0	-1000.0	0.0	3.69433435842	107.679030496	1.80834187243	0.331564777096	1000.0	10.0	15.0	1000.0	14.9791336341	3.69433435842	1.80834187243	0.331564777096	0.1	-1000.0	0.0	0.0	0.0	-1000.0	0.0	1000.0	1000.0	15.0	1000.0	14.9791336341	0.02	0.0331564777096	0.0	14.9791397289	15.0	1.32808240166
3.6	0.366124977856	10.7644211351	0.177695965621	0.0366448604864	0.0	0.0	0.0	0.0	0.0	0.10819727657	0.867886634679	0.0	0.351998235574	0.0347467776071	0.0365769016038	0.0329376669307	0.0366448604864	0.015	15.0	0.1	0.0	0.0	-1000.0	0.0	3.66124977856	107.644211351	1.77695965621	0.366448604864	1000.0	10.0	15.0	1000.0	14.979126894	3.66124977856	1.77695965621	0.366448604864	0.1	-1000.0	0.0	0.0	0.0	-1000.0	0.0	1000.0	1000.0	15.0	1000.0	14.979126894	0.02	0.0366448604864	0.0	14.9791336341	15.0	1.32808214682
3.7	0.362470243629	10.7605728948	0.174234098776	0.0405002520679	0.0	0.0	0.0	0.0	0.0	0.108197094078	0.867887129044	0.0	0.351997641874	0.038382427074	0.0404251164467	0.03633000057	0.0405002520679	0.015	15.0	0.1	0.0	0.0	-1000.0	0.0	3.62470243629	107.605728948	1.74234098776	0.405002520679	1000.0	10.0	15.0	1000.0	14.9791194397	3.62470243629	1.74234098776	0.405002520679	0.1	-1000.0	0.0	0.0	0.0	-1000.0	0.0	1000.0	1000.0	15.0	1000.0	14.9791194397	0.02	0.0405002520679	0.0	14.979126894	15.0	1.328081865
3.8	0.358433243541	10.7563197895	0.170416253794	0.044761263897	0.0	0.0	0.0	0.0	0.0	0.10819689225	0.867887675793	0.0	0.351996985266	0.042395654392	0.0446781905199	0.0400598518059	0.044761263897	0.015	15.0	0.1	0.0	0.0	-1000.0	0.0	3.58433243541	107.563197895	1.70416253794	0.44761263897	1000.0	10.0	15.0	1000.0	14.9791111949	3.58433243541	1.70416253794	0.44761263897	0.1	-1000.0	0.0	0.0	0.0	-1000.0	0.0	1000.0	1000.0	15.0	1000.0	14.9791111949	0.02	0.044761263897	0.0	14.9791194397	15.0	1.32808155331
3.9	0.353974315803	10.7516192263	0.166207190999	0.0494705690845	0.0	0.0	0.0	0.0	0.0	0.10819666902	0.867888280519	0.0	0.351996259031	0.0468249024174	0.0493787155423	0.0441570719184	0.0494705690845	0.015	15.0	0.1	0.0	0.0	-1000.0	0.0	3.53974315803	107.516192263	1.66207190999	0.494705690845	1000.0	10.0	15.0	1000.0	14.9791020751	3.53974315803	1.66207190999	0.494705690845	0.1	-1000.0	0.0	0.0	0.0	-1000.0	0.0	1000.0	1000.0	15.0	1000.0	14.9791020751	0.02	0.0494705690845	0.0	14.9791111949	15.0	1.32808120857
4.0	0.349049744551	10.7464241018	0.161568597284	0.0546753598359	0.0	0.0	0.0	0.0	0.0	0.108196422099	0.867888949421	0.0	0.351995455724	0.0517123251425	0.0545737934118	0.0486528030002	0.0546753598359	0.015	15.0	0.1	0.0	0.0	-1000.0	0.0	3.49049744551	107.464241018	1.61568597284	0.546753598359	1000.0	10.0	15.0	1000.0	14.9790919865	3.49049744551	1.61568597284	0.546753598359	0.1	-1000.0	0.0	0.0	0.0	-1000.0	0.0	1000.0	1000.0	15.0	1000.0	14.9790919865	0.02	0.0546753598359	0.0	14.9791020751	15.0	1.32808082724
4.1	0.343611455196	10.7406824159	0.156459049823	0.0604277344513	0.0	0.0	0.0	0.0	0.0	0.108196148948	0.867889689381	0.0	0.351994567082	0.0571039813853	0.0603154223653	0.0535788100678	0.0604277344513	0.015	15.0	0.1	0.0	0.0	-1000.0	0.0	3.43611455196	107.406824159	1.56459049823	0.604277344513	1000.0	10.0	15.0	1000.0	14.9790808253	3.43611455196	1.56459049823	0.604277344513	0.1	-1000.0	0.0	0.0	0.0	-1000.0	0.0	1000.0	1000.0	15.0	1000.0	14.9790808253	0.02	0.0604277344513	0.0	14.9790919865	15.0	1.32808040541
4.2	0.337606533399	10.7343366715	0.150833936588	0.0667852985991	0.0	0.0	0.0	0.0	0.0	0.108195846753	0.867890508021	0.0	0.351993583951	0.0630501711693	0.0666610969852	0.0589665595438	0.0667852985991	0.015	15.0	0.1	0.0	0.0	-1000.0	0.0	3.37606533399	107.343366715	1.50833936588	0.667852985991	1000.0	10.0	15.0	1000.0	14.9790684759	3.37606533399	1.50833936588	0.667852985991	0.1	-1000.0	0.0	0.0	0.0	-1000.0	0.0	1000.0	1000.0	15.0	1000.0	14.9790684759	0.02	0.0667852985991	0.0	14.9790808253	15.0	1.32807993873
4.3	0.330976821708	10.7273233335	0.144645585643	0.0738117080495	0.0	0.0	0.0	0.0	0.0	0.10819551239	0.867891413805	0.0	0.351992496166	0.069605634971	0.0736743497404	0.0648455754002	0.0738117080495	0.015	15.0	0.1	0.0	0.0	-1000.0	0.0	3.30976821708	107.273233335	1.44645585643	0.738117080495	1000.0	10.0	15.0	1000.0	14.9790548103	3.30976821708	1.44645585643	0.738117080495	0.1	-1000.0	0.0	0.0	0.0	-1000.0	0.0	1000.0	1000.0	15.0	1000.0	14.9790548103	0.02	0.0738117080495	0.0	14.9790684759	15.0	1.32807942236
4.4	0.323658442864	10.7195721651	0.137843569966	0.0815773329268	0.0	0.0	0.0	0.0	0.0	0.108195142391	0.867892416124	0.0	0.351991292448	0.0768297508655	0.0814254137783	0.0712408544824	0.0815773329268	0.015	15.0	0.1	0.0	0.0	-1000.0	0.0	3.23658442864	107.195721651	1.37843569966	0.815773329268	1000.0	10.0	15.0	1000.0	14.9790396863	3.23658442864	1.37843569966	0.815773329268	0.1	-1000.0	0.0	0.0	0.0	-1000.0	0.0	1000.0	1000.0	15.0	1000.0	14.9790396863	0.02	0.0815773329268	0.0	14.9790548103	15.0	1.32807885096
4.5	0.315581356551	10.7110055527	0.130375371137	0.0901599349577	0.0	0.0	0.0	0.0	0.0	0.108194732904	0.867893525415	0.0	0.351989960264	0.0847865771595	0.0899918986361	0.0781686182579	0.0901599349577	0.015	15.0	0.1	0.0	0.0	-1000.0	0.0	3.15581356551	107.110055527	1.30375371137	0.901599349577	1000.0	10.0	15.0	1000.0	14.9790229458	3.15581356551	1.30375371137	0.901599349577	0.1	-1000.0	0.0	0.0	0.0	-1000.0	0.0	1000.0	1000.0	15.0	1000.0	14.9790229458	0.02	0.0901599349577	0.0	14.9790396863	15.0	1.32807821858
4.6	0.306668888954	10.7015377218	0.122187576412	0.0996454524302	0.0	0.0	0.0	0.0	0.0	0.108194279649	0.867894753272	0.0	0.351988485691	0.0935447519473	0.0994595733987	0.085629396324	0.0996454524302	0.015	15.0	0.1	0.0	0.0	-1000.0	0.0	3.06668888954	107.015377218	1.22187576412	0.996454524302	1000.0	10.0	15.0	1000.0	14.979004413	3.06668888954	1.22187576412	0.996454524302	0.1	-1000.0	0.0	0.0	0.0	-1000.0	0.0	1000.0	1000.0	15.0	1000.0	14.979004413	0.02	0.0996454524302	0.0	14.9790229458	15.0	1.32807751861
4.7	0.296837298896	10.6910738874	0.11322798772	0.110128852266	0.0	0.0	0.0	0.0	0.0	0.108193777869	0.867896112585	0.0	0.351986853248	0.103177091684	0.109923216765	0.0935964623154	0.110128852266	0.015	15.0	0.1	0.0	0.0	-1000.0	0.0	2.96837298896	106.910738874	1.1322798772	1.10128852266	1000.0	10.0	15.0	1000.0	14.9789838925	2.96837298896	1.1322798772	1.10128852266	0.1	-1000.0	0.0	0.0	0.0	-1000.0	0.0	1000.0	1000.0	15.0	1000.0	14.9789838925	0.02	0.110128852266	0.0	14.979004413	15.0	1.3280767437
4.8	0.285995405278	10.6795093139	0.103449258616	0.121715071696	0.0	0.0	0.0	0.0	0.0	0.108193222269	0.867897617692	0.0	0.351985045715	0.113759718799	0.121487556456	0.101996027117	0.121715071696	0.015	15.0	0.1	0.0	0.0	-1000.0	0.0	2.85995405278	106.795093139	1.03449258616	1.21715071696	1000.0	10.0	15.0	1000.0	14.9789611666	2.85995405278	1.03449258616	1.21715071696	0.1	-1000.0	0.0	0.0	0.0	-1000.0	0.0	1000.0	1000.0	15.0	1000.0	14.9789611666	0.02	0.121715071696	0.0	14.9789838925	15.0	1.32807588568
4.9	0.274044317933	10.6667282544	0.0928151894729	0.134520081291	0.0	0.0	0.0	0.0	0.0	0.108192606959	0.867899284555	0.0	0.351983043925	0.125370434582	0.134268329626	0.110672214364	0.134520081291	0.015	15.0	0.1	0.0	0.0	-1000.0	0.0	2.74044317933	106.667282544	0.928151894729	1.34520081291	1000.0	10.0	15.0	1000.0	14.9789359929	2.74044317933	0.928151894729	1.34520081291	0.1	-1000.0	0.0	0.0	0.0	-1000.0	0.0	1000.0	1000.0	15.0	1000.0	14.9789359929	0.02	0.134520081291	0.0	14.9789611666	15.0	1.32807493544
5.0	0.260877387649	10.6526027732	0.0813118587181	0.148672065354	0.0	0.0	0.0	0.0	0.0	0.108191925373	0.867901130955	0.0	0.351980826523	0.138085804452	0.148393460278	0.119322674821	0.148672065354	0.015	15.0	0.1	0.0	0.0	-1000.0	0.0	2.60877387649	106.526027732	0.813118587181	1.48672065354	1000.0	10.0	15.0	1000.0	14.978908101	2.60877387649	0.813118587181	1.48672065354	0.1	-1000.0	0.0	0.0	0.0	-1000.0	0.0	1000.0	1000.0	15.0	1000.0	14.978908101	0.02	0.148672065354	0.0	14.9789359929	15.0	1.32807388285
5.1	0.246380561389	10.6369914459	0.0689679491144	0.164312724224	0.0	0.0	0.0	0.0	0.0	0.108191170193	0.867903176722	0.0	0.351978369695	0.151976033936	0.164004358162	0.127375214512	0.164312724224	0.015	15.0	0.1	0.0	0.0	-1000.0	0.0	2.46380561389	106.369914459	0.689679491144	1.64312724224	1000.0	10.0	15.0	1000.0	14.9788771892	2.46380561389	0.689679491144	1.64312724224	0.1	-1000.0	0.0	0.0	0.0	-1000.0	0.0	1000.0	1000.0	15.0	1000.0	14.9788771892	0.02	0.164312724224	0.0	14.978908101	15.0	1.32807271661
5.2	0.230434054635	10.6197387957	0.0558916421682	0.181597839946	0.0	0.0	0.0	0.0	0.0	0.108190333246	0.867905443994	0.0	0.351975646855	0.167095192515	0.181256482242	0.133740701858	0.181597839946	0.015	15.0	0.1	0.0	0.0	-1000.0	0.0	2.30434054635	106.197387957	0.558916421682	1.81597839946	1000.0	10.0	15.0	1000.0	14.9788429218	2.30434054635	0.558916421682	1.81597839946	0.1	-1000.0	0.0	0.0	0.0	-1000.0	0.0	1000.0	1000.0	15.0	1000.0	14.9788429218	0.02	0.181597839946	0.0	14.9788771892	15.0	1.32807142409
5.3	0.212913363406	10.6006721178	0.042345141455	0.200700458216	0.0	0.0	0.0	0.0	0.0	0.108189405446	0.867907957382	0.0	0.351972628445	0.183466542971	0.200322515171	0.136316785797	0.200700458216	0.015	15.0	0.1	0.0	0.0	-1000.0	0.0	2.12913363406	106.006721178	0.42345141455	2.00700458216	1000.0	10.0	15.0	1000.0	14.9788049219	2.12913363406	0.42345141455	2.00700458216	0.1	-1000.0	0.0	0.0	0.0	-1000.0	0.0	1000.0	1000.0	15.0	1000.0	14.9788049219	0.02	0.200700458216	0.0	14.9788429218	15.0	1.32806999127
5.4	0.193692377092	10.579598134	0.0288882642975	0.221814241586	0.0	0.0	0.0	0.0	0.0	0.108188376586	0.867910744543	0.0	0.351969281253	0.201054096128	0.221395708282	0.131070892533	0.221814241586	0.015	15.0	0.1	0.0	0.0	-1000.0	0.0	1.93692377092	105.79598134	0.288882642975	2.21814241586	1000.0	10.0	15.0	1000.0	14.9787627622	1.93692377092	0.288882642975	2.21814241586	0.1	-1000.0	0.0	0.0	0.0	-1000.0	0.0	1000.0	1000.0	15.0	1000.0	14.9787627622	0.02	0.221814241586	0.0	14.9788049219	15.0	1.32806840238
5.5	0.172661568181	10.5563124625	0.0166193580751	0.245143981558	0.0	0.0	0.0	0.0	0.0	0.1081872351	0.867913836803	0.0	0.351965567657	0.219695835996	0.244680409812	0.111256336092	0.245143981558	0.015	15.0	0.1	0.0	0.0	-1000.0	0.0	1.72661568181	105.563124625	0.166193580751	2.45143981558	1000.0	10.0	15.0	1000.0	14.9787159824	1.72661568181	0.166193580751	2.45143981558	0.1	-1000.0	0.0	0.0	0.0	-1000.0	0.0	1000.0	1000.0	15.0	1000.0	14.9787159824	0.02	0.245143981558	0.0	14.9787627622	15.0	1.32806663956
5.6	0.149729320847	10.5305787978	0.00729747870417	0.270926460866	0.0	0.0	0.0	0.0	0.0	0.108185968524	0.867917267929	0.0	0.351961447105	0.239001928379	0.270412884377	0.0724272047244	0.270926460866	0.015	15.0	0.1	0.0	0.0	-1000.0	0.0	1.49729320847	105.305787978	0.0729747870417	2.70926460866	1000.0	10.0	15.0	1000.0	14.9786640445	1.49729320847	0.0729747870417	2.70926460866	0.1	-1000.0	0.0	0.0	0.0	-1000.0	0.0	1000.0	1000.0	15.0	1000.0	14.9786640445	0.02	0.270926460866	0.0	14.9787159824	15.0	1.32806468356
5.7	0.124867199031	10.5021389085	0.00225858524172	0.29942043714	0.0	0.0	0.0	0.0	0.0	0.108184562289	0.867921077391	0.0	0.351956872198	0.258083207023	0.298851312479	0.0303822805021	0.29942043714	0.015	15.0	0.1	0.0	0.0	-1000.0	0.0	1.24867199031	105.021389085	0.0225858524172	2.9942043714	1000.0	10.0	15.0	1000.0	14.9786063489	1.24867199031	0.0225858524172	2.9942043714	0.1	-1000.0	0.0	0.0	0.0	-1000.0	0.0	1000.0	1000.0	15.0	1000.0	14.9786063489	0.02	0.29942043714	0.0	14.9786640445	15.0	1.32806251188
5.8	0.0981848489134	10.4707084346	0.000510499502044	0.330910856162	0.0	0.0	0.0	0.0	0.0	0.108183000164	0.867925309153	0.0	0.351951790138	0.274911993499	0.330279991511	0.00823626100744	0.330910856162	0.015	15.0	0.1	0.0	0.0	-1000.0	0.0	0.981848489134	104.707084346	0.00510499502044	3.30910856162	1000.0	10.0	15.0	1000.0	14.9785422224	0.981848489134	0.00510499502044	3.30910856162	0.1	-1000.0	0.0	0.0	0.0	-1000.0	0.0	1000.0	1000.0	15.0	1000.0	14.9785422224	0.02	0.330910856162	0.0	14.9786063489	15.0	1.32806009945
5.9	0.0701165454769	10.4359726335	9.14922020614e-05	0.36571311612	0.0	0.0	0.0	0.0	0.0	0.108181263918	0.867930012607	0.0	0.351946141607	0.284548638679	0.365013586523	0.00166537646781	0.36571311612	0.015	15.0	0.1	0.0	0.0	-1000.0	0.0	0.701165454769	104.359726335	0.000914922020614	3.6571311612	1000.0	10.0	15.0	1000.0	14.9784709033	0.701165454769	0.000914922020614	3.6571311612	0.1	-1000.0	0.0	0.0	0.0	-1000.0	0.0	1000.0	1000.0	15.0	1000.0	14.9784709033	0.02	0.36571311612	0.0	14.9785422224	15.0	1.32805741813
6.0	0.0419350171064	10.397583901	1.34211956615e-05	0.404175554306	0.0	0.0	0.0	0.0	0.0	0.108179332934	0.8679352436	0.0	0.351939859536	0.273659547953	0.403399605567	0.00027104407302	0.404175554306	0.015	15.0	0.1	0.0	0.0	-1000.0	0.0	0.419350171064	103.97583901	0.000134211956615	4.04175554306	1000.0	10.0	15.0	1000.0	14.9783915307	0.419350171064	0.000134211956615	4.04175554306	0.1	-1000.0	0.0	0.0	0.0	-1000.0	0.0	1000.0	1000.0	15.0	1000.0	14.9783915307	0.02	0.404175554306	0.0	14.9784709033	15.0	1.32805443607
6.1	0.0172241258832	10.3551580989	1.60427533885e-06	0.4466831304	0.0	0.0	0.0	0.0	0.0	0.108177183894	0.867941065301	0.0	0.351932868066	0.206686558391	0.445822067607	3.58272626793e-05	0.4466831304	0.015	15.0	0.1	0.0	0.0	-1000.0	0.0	0.172241258832	103.551580989	1.60427533885e-05	4.466831304	1000.0	10.0	15.0	1000.0	14.9783031273	0.172241258832	1.60427533885e-05	4.466831304	0.1	-1000.0	0.0	0.0	0.0	-1000.0	0.0	1000.0	1000.0	15.0	1000.0	14.9783031273	0.02	0.4466831304	0.0	14.9783915307	15.0	1.32805111726
6.2	0.0032984706086	10.3082706311	1.53411975768e-07	0.493661362531	0.0	0.0	0.0	0.0	0.0	0.108174790347	0.867947549369	0.0	0.351925081138	0.0698898877212	0.492705420573	3.78664920345e-06	0.493661362531	0.015	15.0	0.1	0.0	0.0	-1000.0	0.0	0.032984706086	103.082706311	1.53411975768e-06	4.93661362531	1000.0	10.0	15.0	1000.0	14.9782045819	0.032984706086	1.53411975768e-06	4.93661362531	0.1	-1000.0	0.0	0.0	0.0	-1000.0	0.0	1000.0	1000.0	15.0	1000.0	14.9782045819	0.02	0.493661362531	0.0	14.9783031273	15.0	1.32804742085
6.3	0.000285941041653	10.2564525371	1.14339443259e-08	0.545580246947	0.0	0.0	0.0	0.0	0.0	0.108172122199	0.867954777324	0.0	0.351916400852	0.00769024142371	0.544518440365	3.11906530128e-07	0.545580246947	0.015	15.0	0.1	0.0	0.0	-1000.0	0.0	0.00285941041653	102.564525371	1.14339443259e-07	5.45580246947	1000.0	10.0	15.0	1000.0	14.9780946269	0.00285941041653	1.14339443259e-07	5.45580246947	0.1	-1000.0	0.0	0.0	0.0	-1000.0	0.0	1000.0	1000.0	15.0	1000.0	14.9780946269	0.02	0.545580246947	0.0	14.9782045819	15.0	1.32804330037
6.4	1.64446226545e-05	10.1991853134	6.48751061287e-10	0.602959454269	0.0	0.0	0.0	0.0	0.0	0.108169145136	0.867962842124	0.0	0.35190671557	0.000495364730767	0.601779400408	1.95585286591e-08	0.602959454269	0.015	15.0	0.1	0.0	0.0	-1000.0	0.0	0.000164446226545	101.991853134	6.48751061287e-09	6.02959454269	1000.0	10.0	15.0	1000.0	14.9779718114	0.000164446226545	6.48751061287e-09	6.02959454269	0.1	-1000.0	0.0	0.0	0.0	-1000.0	0.0	1000.0	1000.0	15.0	1000.0	14.9779718114	0.02	0.602959454269	0.0	14.9780946269	15.0	1.32803870283
6.5	6.91249495511e-07	10.1358959707	2.72488301684e-11	0.666373290265	0.0	0.0	0.0	0.0	0.0	0.10816581987	0.867971850196	0.0	0.351895897483	2.30307140374e-05	0.665061001733	9.07894629523e-10	0.666373290265	0.015	15.0	0.1	0.0	0.0	-1000.0	0.0	6.91249495511e-06	101.358959707	2.72488301684e-10	6.66373290265	1000.0	10.0	15.0	1000.0	14.9778344689	6.91249495511e-06	2.72488301684e-10	6.66373290265	0.1	-1000.0	0.0	0.0	0.0	-1000.0	0.0	1000.0	1000.0	15.0	1000.0	14.9778344689	0.02	0.666373290265	0.0	14.9779718114	15.0	1.32803356755
6.6	2.06751605056e-08	10.0659508441	8.14980503102e-13	0.736456910148	0.0	0.0	0.0	0.0	0.0	0.10816210128	0.867981923776	0.0	0.351883799793	7.6131745412e-07	0.734996548262	3.00099011561e-11	0.736456910148	0.015	15.0	0.1	0.0	0.0	-1000.0	0.0	2.06751605056e-07	100.659508441	8.14980503102e-12	7.36456910148	1000.0	10.0	15.0	1000.0	14.9776806768	2.06751605056e-07	8.14980503102e-12	7.36456910148	0.1	-1000.0	0.0	0.0	0.0	-1000.0	0.0	1000.0	1000.0	15.0	1000.0	14.9776806768	0.02	0.736456910148	0.0	14.9778344689	15.0	1.32802782485
6.7	4.79198490492e-10	9.98864323957	1.88891901938e-14	0.813918711096	0.0	0.0	0.0	0.0	0.0	0.108157937312	0.867993203876	0.0	0.351870253154	1.95014304197e-08	0.812292279438	7.68713266809e-13	0.813918711096	0.015	15.0	0.1	0.0	0.0	-1000.0	0.0	4.79198490492e-09	99.8864323957	1.88891901938e-13	8.13918711096	1000.0	10.0	15.0	1000.0	14.9775081943	4.79198490492e-09	1.88891901938e-13	8.13918711096	0.1	-1000.0	0.0	0.0	0.0	-1000.0	0.0	1000.0	1000.0	15.0	1000.0	14.9775081943	0.02	0.813918711096	0.0	14.9776806768	15.0	1.32802139434
6.8	-8.10360096994e-13	9.90318560214	-3.19429968093e-17	0.899548201112	0.0	0.0	0.0	0.0	0.0	0.108153267297	0.868005854847	0.0	0.35185506019	-3.64478983767e-11	0.897735178083	-1.4367132659e-15	0.899548201112	0.015	15.0	0.1	0.0	0.0	-1000.0	0.0	0.0	99.0318560214	-3.19429968093e-16	8.99548201112	1000.0	10.0	15.0	1000.0	14.9773143991	-8.10360096994e-12	-3.19429968093e-16	8.99548201112	0.1	-1000.0	0.0	0.0	0.0	-1000.0	0.0	1000.0	1000.0	15.0	1000.0	14.9773143991	0.02	0.899548201112	0.0	14.9775081943	15.0	1.32801418233
6.9	5.53481737354e-15	9.80873587813	2.18172952647e-19	0.994189595946	0.0	0.0	0.0	0.0	0.0	0.108148020234	0.868020069027	0.0	0.351837989918	2.75132892411e-13	0.99216656957	1.08452639819e-17	0.994189595946	0.015	15.0	0.1	0.0	0.0	-1000.0	0.0	5.53481737354e-14	98.0873587813	2.18172952647e-18	9.94189595946	1000.0	10.0	15.0	1000.0	14.9770962898	5.53481737354e-14	2.18172952647e-18	9.94189595946	0.1	-1000.0	0.0	0.0	0.0	-1000.0	0.0	1000.0	1000.0	15.0	1000.0	14.9770962898	0.02	0.994189595946	0.0	14.9773143991	15.0	1.32800607918
7.0	-5.37458499272e-17	9.70435128032	-2.11856868635e-21	1.098788186	0.0	0.0	0.0	0.0	0.0	0.108142114857	0.868036066564	0.0	0.351818777955	-2.95276524733e-15	1.09652831662	-1.1639291219e-19	1.098788186	0.015	15.0	0.1	0.0	0.0	-1000.0	0.0	0.0	97.0435128032	-2.11856868635e-20	10.98788186	1000.0	10.0	15.0	1000.0	14.9768503068	-5.37458499272e-16	-2.11856868635e-20	10.98788186	0.1	-1000.0	0.0	0.0	0.0	-1000.0	0.0	1000.0	1000.0	15.0	1000.0	14.9768503068	0.02	1.098788186	0.0	14.9770962898	15.0	1.32799695938
7.1	5.91661925324e-19	9.58898710519	2.33222924112e-23	1.21439155779	0.0	0.0	0.0	0.0	0.0	0.108135454795	0.868054108528	0.0	0.351797110772	3.59254623588e-17	1.21186394162	1.41611975062e-21	1.21439155779	0.015	15.0	0.1	0.0	0.0	-1000.0	0.0	5.91661925324e-18	95.8898710519	2.33222924112e-22	12.1439155779	1000.0	10.0	15.0	1000.0	14.9765722301	5.91661925324e-18	2.33222924112e-22	12.1439155779	0.1	-1000.0	0.0	0.0	0.0	-1000.0	0.0	1000.0	1000.0	15.0	1000.0	14.9765722301	0.02	1.21439155779	0.0	14.9768503068	15.0	1.3279866741
7.2	-6.57746625218e-21	9.46148888082	-2.59272372773e-25	1.34215751053	0.0	0.0	0.0	0.0	0.0	0.108127925784	0.868074504456	0.0	0.351772616638	-4.4139978653e-19	1.33932639924	-1.73992181194e-23	1.34215751053	0.015	15.0	0.1	0.0	0.0	-1000.0	0.0	0.0	94.6148888082	-2.59272372773e-24	13.4215751053	1000.0	10.0	15.0	1000.0	14.9762570291	-6.57746625218e-20	-2.59272372773e-24	13.4215751053	0.1	-1000.0	0.0	0.0	0.0	-1000.0	0.0	1000.0	1000.0	15.0	1000.0	14.9762570291	0.02	1.34215751053	0.0	14.9765722301	15.0	1.32797504688
7.3	6.83994807397e-23	9.3205808606	2.69618953378e-27	1.48336564994	0.0	0.0	0.0	0.0	0.0	0.108119391621	0.868097623318	0.0	0.351744852443	5.07307201017e-21	1.48018947563	1.99971747007e-25	1.48336564994	0.015	15.0	0.1	0.0	0.0	-1000.0	0.0	6.83994807397e-22	93.205808606	2.69618953378e-26	14.8336564994	1000.0	10.0	15.0	1000.0	14.9758986609	6.83994807397e-22	2.69618953378e-26	14.8336564994	0.1	-1000.0	0.0	0.0	0.0	-1000.0	0.0	1000.0	1000.0	15.0	1000.0	14.9758986609	0.02	1.48336564994	0.0	14.9762570291	15.0	1.32796186738
7.4	-6.27264829388e-25	9.16485332013	-2.47256974705e-29	1.63943020115	0.0	0.0	0.0	0.0	0.0	0.108109688695	0.868123908335	0.0	0.35171328591	-5.14178452709e-23	1.63586034512	-2.02680275888e-27	1.63943020115	0.015	15.0	0.1	0.0	0.0	-1000.0	0.0	0.0	91.6485332013	-2.47256974705e-28	16.3943020115	1000.0	10.0	15.0	1000.0	14.9754898044	-6.27264829388e-24	-2.47256974705e-28	16.3943020115	0.1	-1000.0	0.0	0.0	0.0	-1000.0	0.0	1000.0	1000.0	15.0	1000.0	14.9754898044	0.02	1.63943020115	0.0	14.9758986609	15.0	1.32794688294
7.5	4.82275621947e-27	8.99274853687	1.90104730362e-31	1.81191416855	0.0	0.0	0.0	0.0	0.0	0.108098618783	0.868153896485	0.0	0.351677272163	4.36921016276e-25	1.80789338807	1.72226727226e-29	1.81191416855	0.015	15.0	0.1	0.0	0.0	-1000.0	0.0	4.82275621947e-26	89.9274853687	1.90104730362e-30	18.1191416855	1000.0	10.0	15.0	1000.0	14.9750215052	4.82275621947e-26	1.90104730362e-30	18.1191416855	0.1	-1000.0	0.0	0.0	0.0	-1000.0	0.0	1000.0	1000.0	15.0	1000.0	14.9750215052	0.02	1.81191416855	0.0	14.9754898044	15.0	1.32792978743
7.6	-2.96469556307e-29	8.80254532154	-1.16863184656e-33	2.00254498397	0.0	0.0	0.0	0.0	0.0	0.10808593944	0.868188244552	0.0	0.351636022451	-2.96846811442e-27	1.99800537571	-1.17011892122e-31	2.00254498397	0.015	15.0	0.1	0.0	0.0	-1000.0	0.0	0.0	88.0254532154	-1.16863184656e-32	20.0254498397	1000.0	10.0	15.0	1000.0	14.9744826942	-2.96469556307e-28	-1.16863184656e-32	20.0254498397	0.1	-1000.0	0.0	0.0	0.0	-1000.0	0.0	1000.0	1000.0	15.0	1000.0	14.9744826942	0.02	2.00254498397	0.0	14.9750215052	15.0	1.32791020644
7.7	1.38791036823e-31	8.59234196011	5.4709032411e-36	2.21323179878	0.0	0.0	0.0	0.0	0.0	0.108071350971	0.868227764398	0.0	0.35158856178	1.53588368041e-29	2.2080921241	6.05418851063e-34	2.21323179878	0.015	15.0	0.1	0.0	0.0	-1000.0	0.0	1.38791036823e-30	85.9234196011	5.4709032411e-35	22.1323179878	1000.0	10.0	15.0	1000.0	14.9738595259	1.38791036823e-30	5.4709032411e-35	22.1323179878	0.1	-1000.0	0.0	0.0	0.0	-1000.0	0.0	1000.0	1000.0	15.0	1000.0	14.9738595259	0.02	2.21323179878	0.0	14.9744826942	15.0	1.32788767715
7.8	-4.68196352661e-34	8.36003741595	-1.84554925295e-38	2.44608459188	0.0	0.0	0.0	0.0	0.0	0.108054478499	0.868273471559	0.0	0.351533670562	-5.72623942109e-32	2.44024670723	-2.2571847956e-36	2.44608459188	0.015	15.0	0.1	0.0	0.0	-1000.0	0.0	0.0	83.6003741595	-1.84554925295e-37	24.4608459188	1000.0	10.0	15.0	1000.0	14.9731344484	-4.68196352661e-33	-1.84554925295e-37	24.4608459188	0.1	-1000.0	0.0	0.0	0.0	-1000.0	0.0	1000.0	1000.0	15.0	1000.0	14.9731344484	0.02	2.44608459188	0.0	14.9738595259	15.0	1.32786162062
7.9	1.06886253072e-36	8.10330923697	4.21327170506e-41	2.70343669051	0.0	0.0	0.0	0.0	0.0	0.108034846808	0.868326653384	0.0	0.351469802775	1.44480109133e-34	2.69678069205	5.69515665727e-39	2.70343669051	0.015	15.0	0.1	0.0	0.0	-1000.0	0.0	1.06886253072e-35	81.0330923697	4.21327170506e-40	27.0343669051	1000.0	10.0	15.0	1000.0	14.9722848695	1.06886253072e-35	4.21327170506e-40	27.0343669051	0.1	-1000.0	0.0	0.0	0.0	-1000.0	0.0	1000.0	1000.0	15.0	1000.0	14.9722848695	0.02	2.70343669051	0.0	14.9731344484	15.0	1.32783130297
8.0	-1.47994318429e-39	7.81959477204	-5.83368072531e-44	2.98786409983	0.0	0.0	0.0	0.0	0.0	0.108011844204	0.868388966941	0.0	0.351394968395	-2.21093455506e-37	2.98024160354	-8.7151226045e-42	2.98786409983	0.015	15.0	0.1	0.0	0.0	-1000.0	0.0	0.0	78.1959477204	-5.83368072531e-43	29.8786409983	1000.0	10.0	15.0	1000.0	14.9712812205	-1.47994318429e-38	-5.83368072531e-43	29.8786409983	0.1	-1000.0	0.0	0.0	0.0	-1000.0	0.0	1000.0	1000.0	15.0	1000.0	14.9712812205	0.02	2.98786409983	0.0	14.9722848695	15.0	1.32779577954
8.1	1.08472252235e-42	7.50606246052	4.275789056e-47	3.30221504483	0.0	0.0	0.0	0.0	0.0	0.107984670104	0.868462580988	0.0	0.351306562887	1.79099351638e-40	3.29343963255	7.05978747461e-45	3.30221504483	0.015	15.0	0.1	0.0	0.0	-1000.0	0.0	1.08472252235e-41	75.0606246052	4.275789056e-46	33.0221504483	1000.0	10.0	15.0	1000.0	14.9700840139	1.08472252235e-41	4.275789056e-46	33.0221504483	0.1	-1000.0	0.0	0.0	0.0	-1000.0	0.0	1000.0	1000.0	15.0	1000.0	14.9700840139	0.02	3.30221504483	0.0	14.9712812205	15.0	1.32775381398
8.2	-3.15763205835e-46	7.15958572201	-1.24468408464e-50	3.64963723268	0.0	0.0	0.0	0.0	0.0	0.107952255375	0.868550391785	0.0	0.35120110804	-5.76210576363e-44	3.63947052565	-2.27132268912e-48	3.64963723268	0.015	15.0	0.1	0.0	0.0	-1000.0	0.0	0.0	71.5958572201	-1.24468408464e-49	36.4963723268	1000.0	10.0	15.0	1000.0	14.9686393042	-3.15763205835e-45	-1.24468408464e-49	36.4963723268	0.1	-1000.0	0.0	0.0	0.0	-1000.0	0.0	1000.0	1000.0	15.0	1000.0	14.9686393042	0.02	3.64963723268	0.0	14.9700840139	15.0	1.3277037552
8.3	5.57772015623e-51	6.77671325856	2.1986410629e-55	4.03360927037	0.0	0.0	0.0	0.0	0.0	0.107913139426	0.868656356044	0.0	0.35107385211	1.12491718648e-48	4.02173997674	4.43422948676e-53	4.03360927037	0.015	15.0	0.1	0.0	0.0	-1000.0	0.0	5.57772015623e-50	67.7671325856	2.1986410629e-54	40.3360927037	1000.0	10.0	15.0	1000.0	14.9668713929	5.57772015623e-50	2.1986410629e-54	40.3360927037	0.1	-1000.0	0.0	0.0	0.0	-1000.0	0.0	1000.0	1000.0	15.0	1000.0	14.9668713929	0.02	4.03360927037	0.0	14.9686393042	15.0	1.32764334758
8.4	-3.15161773138e-54	6.35363638898	-1.24231334026e-58	4.45797596895	0.0	0.0	0.0	0.0	0.0	0.107865272694	0.868786025984	0.0	0.350918127255	-7.02491805489e-52	4.44398716979	-2.76910150838e-56	4.45797596895	0.015	15.0	0.1	0.0	0.0	-1000.0	0.0	0.0	63.5363638898	-1.24231334026e-57	44.5797596895	1000.0	10.0	15.0	1000.0	14.9646706161	-3.15161773138e-53	-1.24231334026e-57	44.5797596895	0.1	-1000.0	0.0	0.0	0.0	-1000.0	0.0	1000.0	1000.0	15.0	1000.0	14.9646706161	0.02	4.45797596895	0.0	14.9668713929	15.0	1.32756942593
8.5	4.31159255135e-58	5.88615542127	1.69955540256e-62	4.9269862154	0.0	0.0	0.0	0.0	0.0	0.107805685998	0.868947445051	0.0	0.350724273838	1.06215785335e-55	4.91030197375	4.18684302037e-60	4.9269862154	0.015	15.0	0.1	0.0	0.0	-1000.0	0.0	4.31159255135e-57	58.8615542127	1.69955540256e-61	49.269862154	1000.0	10.0	15.0	1000.0	14.9618718736	4.31159255135e-57	1.69955540256e-61	49.269862154	0.1	-1000.0	0.0	0.0	0.0	-1000.0	0.0	1000.0	1000.0	15.0	1000.0	14.9618718736	0.02	4.9269862154	0.0	14.9646706161	15.0	1.32747740489
8.6	7.17096239583e-62	5.36964392034	2.82666966695e-66	5.44533580038	0.0	0.0	0.0	0.0	0.0	0.107729909201	0.869152722751	0.0	0.35047774916	1.95241491286e-59	5.42512913782	7.69608276666e-64	5.44533580038	0.015	15.0	0.1	0.0	0.0	-1000.0	0.0	7.17096239583e-61	53.6964392034	2.82666966695e-65	54.4533580038	1000.0	10.0	15.0	1000.0	14.9582145072	7.17096239583e-61	2.82666966695e-65	54.4533580038	0.1	-1000.0	0.0	0.0	0.0	-1000.0	0.0	1000.0	1000.0	15.0	1000.0	14.9582145072	0.02	5.44533580038	0.0	14.9618718736	15.0	1.32736038111
8.7	2.62590916874e-65	4.7990137887	1.03508809361e-69	6.01821511584	0.0	0.0	0.0	0.0	0.0	0.107630884904	0.869420977427	0.0	0.35015559338	7.90164312607e-63	5.99323815839	3.11469140558e-67	6.01821511584	0.015	15.0	0.1	0.0	0.0	-1000.0	0.0	2.62590916874e-64	47.990137887	1.03508809361e-68	60.1821511584	1000.0	10.0	15.0	1000.0	14.953261455	2.62590916874e-64	1.03508809361e-68	60.1821511584	0.1	-1000.0	0.0	0.0	0.0	-1000.0	0.0	1000.0	1000.0	15.0	1000.0	14.953261455	0.02	6.01821511584	0.0	14.9582145072	15.0	1.32720745571
8.8	7.57140355549e-69	4.16871369372	2.98451666399e-73	6.65133415882	0.0	0.0	0.0	0.0	0.0	0.107496779525	0.869784265993	0.0	0.349719308306	2.51799675494e-66	6.61957579744	9.92550881738e-71	6.65133415882	0.015	15.0	0.1	0.0	0.0	-1000.0	0.0	7.57140355549e-68	41.6871369372	2.98451666399e-72	66.5133415882	1000.0	10.0	15.0	1000.0	14.9462200293	7.57140355549e-68	2.98451666399e-72	66.5133415882	0.1	-1000.0	0.0	0.0	0.0	-1000.0	0.0	1000.0	1000.0	15.0	1000.0	14.9462200293	0.02	6.65133415882	0.0	14.953261455	15.0	1.32700035382
8.9	1.91227793231e-72	3.47266410282	7.53786971409e-77	7.35104311125	0.0	0.0	0.0	0.0	0.0	0.107306130801	0.870300729253	0.0	0.34909907075	7.02861876054e-70	7.30894892243	2.77056026176e-74	7.35104311125	0.015	15.0	0.1	0.0	0.0	-1000.0	0.0	1.91227793231e-71	34.7266410282	7.53786971409e-76	73.5104311125	1000.0	10.0	15.0	1000.0	14.9354869066	1.91227793231e-71	7.53786971409e-76	73.5104311125	0.1	-1000.0	0.0	0.0	0.0	-1000.0	0.0	1000.0	1000.0	15.0	1000.0	14.9354869066	0.02	7.35104311125	0.0	14.9462200293	15.0	1.32670593081
9.0	-6.87592192926e-76	2.70436112664	-2.71036980518e-80	8.12436439254	0.0	0.0	0.0	0.0	0.0	0.107015528271	0.871087965209	0.0	0.348153653444	-2.7931247644e-73	8.06472204694	-1.10100159679e-77	8.12436439254	0.015	15.0	0.1	0.0	0.0	-1000.0	0.0	0.0	27.0436112664	-2.71036980518e-79	81.2436439254	1000.0	10.0	15.0	1000.0	14.9172599778	-6.87592192926e-75	-2.71036980518e-79	81.2436439254	0.1	-1000.0	0.0	0.0	0.0	-1000.0	0.0	1000.0	1000.0	15.0	1000.0	14.9172599778	0.02	8.12436439254	0.0	14.9354869066	15.0	1.32625714692
9.1	1.37544760594e-79	1.85730690275	5.42177717856e-84	8.97896033776	0.0	0.0	0.0	0.0	0.0	0.106522028682	0.872424844901	0.0	0.346548151068	6.17504475021e-77	8.88330245333	2.43409611232e-81	8.97896033776	0.015	15.0	0.1	0.0	0.0	-1000.0	0.0	1.37544760594e-78	18.5730690275	5.42177717856e-83	89.7896033776	1000.0	10.0	15.0	1000.0	14.8798273939	1.37544760594e-78	5.42177717856e-83	89.7896033776	0.1	-1000.0	0.0	0.0	0.0	-1000.0	0.0	1000.0	1000.0	15.0	1000.0	14.8798273939	0.02	8.97896033776	0.0	14.9172599778	15.0	1.32549502465
9.2	-3.18661220496e-84	0.926876462348	-1.25610755765e-88	9.92343761503	0.0	0.0	0.0	0.0	0.0	0.105508530194	0.875170390341	0.0	0.343250936101	-1.58110737096e-81	9.71383397591	-6.23245249305e-86	9.92343761503	0.015	15.0	0.1	0.0	0.0	-1000.0	0.0	0.0	9.26876462348	-1.25610755765e-87	99.2343761503	1000.0	10.0	15.0	1000.0	14.7611151685	-3.18661220496e-83	-1.25610755765e-87	99.2343761503	0.1	-1000.0	0.0	0.0	0.0	-1000.0	0.0	1000.0	1000.0	15.0	1000.0	9.26876462348	0.02	9.92343761503	0.0	14.8798273939	15.0	1.32392985664
9.3	7.81991457654e-97	0.00240463495923	3.08247542155e-101	10.9671353905	0.0	0.0	0.0	0.0	0.0	0.0668908519018	0.979784843919	0.0	0.0	4.28810309517e-94	1.1770759582	1.69029626431e-98	10.9671353905	0.015	15.0	0.1	0.0	0.0	-1000.0	0.0	7.81991457654e-96	0.0240463495923	3.08247542155e-100	109.671353905	1000.0	10.0	15.0	1000.0	2.07240912969	7.81991457654e-96	3.08247542155e-100	109.671353905	0.1	-1000.0	0.0	0.0	0.0	-1000.0	0.0	1000.0	1000.0	15.0	1000.0	0.0240463495923	0.02	10.9671353905	2.63750629049	9.26876462348	15.0	1.04667569582
9.4	4.55902870948e-105	1.81152817204e-11	1.79709046762e-109	12.1205591403	0.0	0.0	0.0	0.0	0.0	0.427633105295	0.0025418974199	0.0	0.0	2.76289885478e-102	1.09783671618e-08	1.08908706466e-106	12.1205591403	0.015	15.0	0.1	0.0	0.0	-1000.0	0.0	4.55902870948e-104	1.81152817204e-10	1.79709046762e-108	121.205591403	1000.0	10.0	15.0	1000.0	1.81152816985e-08	4.55902870948e-104	1.79709046762e-108	121.205591403	0.1	-1000.0	0.0	0.0	0.0	-1000.0	0.0	1000.0	1000.0	15.0	1000.0	1.81152817204e-10	0.02	12.1205591403	16.8615733418	0.0240463495923	15.0	0.430175002715
9.5	1.01285175075e-108	4.02456169017e-15	3.99248687048e-113	13.3956659623	0.0	0.0	0.0	0.0	0.0	0.428571428571	0.0	0.0	0.0	6.7839118612e-106	2.69558420231e-12	2.67410102379e-110	13.3956659623	0.015	15.0	0.1	0.0	0.0	-1000.0	0.0	1.01285175075e-107	4.02456169017e-14	3.99248687048e-112	133.956659623	1000.0	10.0	15.0	1000.0	4.02456169017e-12	1.01285175075e-107	3.99248687048e-112	133.956659623	0.1	-1000.0	0.0	0.0	0.0	-1000.0	0.0	1000.0	1000.0	15.0	1000.0	4.02456169017e-14	0.02	13.3956659623	16.8985714286	0.0	15.0	0.428571428571
9.6	1.52552589663e-112	6.06167001365e-19	6.01335990912e-117	14.805023934	0.0	0.0	0.0	0.0	0.0	0.428571428571	0.0	0.0	0.0	1.12927237058e-109	4.48715848161e-16	4.45139686893e-114	14.805023934	0.015	15.0	0.1	0.0	0.0	-1000.0	0.0	1.52552589663e-111	6.06167001365e-18	6.01335990912e-116	148.05023934	1000.0	10.0	15.0	1000.0	6.06167001365e-16	1.52552589663e-111	6.01335990912e-116	148.05023934	0.1	-1000.0	0.0	0.0	0.0	-1000.0	0.0	1000.0	1000.0	15.0	1000.0	6.06167001365e-18	0.02	14.805023934	16.8985714286	0.0	15.0	0.428571428571
9.7	2.21634086578e-116	8.8066200567e-23	8.73643333902e-121	16.3626604555	0.0	0.0	0.0	0.0	0.0	0.428571428571	0.0	0.0	0.0	1.81326165202e-113	7.2049866874e-20	7.14756461591e-118	16.3626604555	0.015	15.0	0.1	0.0	0.0	-1000.0	0.0	2.21634086578e-115	8.8066200567e-22	8.73643333902e-120	163.626604555	1000.0	10.0	15.0	1000.0	8.8066200567e-20	2.21634086578e-115	8.73643333902e-120	163.626604555	0.1	-1000.0	0.0	0.0	0.0	-1000.0	0.0	1000.0	1000.0	15.0	1000.0	8.8066200567e-22	0.02	16.3626604555	16.8985714286	0.0	15.0	0.428571428571
9.8	3.13200053349e-120	1.24449894702e-26	1.23458057876e-124	18.0841759104	0.0	0.0	0.0	0.0	0.0	0.428571428571	0.0	0.0	0.0	2.83198242995e-117	1.12528689391e-23	1.11631861809e-121	18.0841759104	0.015	15.0	0.1	0.0	0.0	-1000.0	0.0	3.13200053349e-119	1.24449894702e-25	1.23458057876e-123	180.841759104	1000.0	10.0	15.0	1000.0	1.24449894702e-23	3.13200053349e-119	1.23458057876e-123	180.841759104	0.1	-1000.0	0.0	0.0	0.0	-1000.0	0.0	1000.0	1000.0	15.0	1000.0	1.24449894702e-25	0.02	18.0841759104	16.8985714286	0.0	15.0	0.428571428571
9.9	4.35383587029e-124	1.72999464906e-30	1.71620699215e-128	19.9868120009	0.0	0.0	0.0	0.0	0.0	0.428571428571	0.0	0.0	0.0	4.35096495111e-121	1.72885389066e-27	1.71507532533e-125	19.9868120009	0.015	15.0	0.1	0.0	0.0	-1000.0	0.0	4.35383587029e-123	1.72999464906e-29	1.71620699215e-127	199.868120009	1000.0	10.0	15.0	1000.0	1.72999464906e-27	4.35383587029e-123	1.71620699215e-127	199.868120009	0.1	-1000.0	0.0	0.0	0.0	-1000.0	0.0	1000.0	1000.0	15.0	1000.0	1.72999464906e-29	0.02	19.9868120009	16.8985714286	0.0	15.0	0.428571428571
10.0	6.03360073907e-128	2.39744843644e-34	2.37834132888e-132	22.0896244284	0.0	0.0	0.0	0.0	0.0	0.428571428571	0.0	0.0	0.0	6.66399871385e-125	2.64793677738e-31	2.62683333587e-129	22.0896244284	0.015	15.0	0.1	0.0	0.0	-1000.0	0.0	6.03360073907e-127	2.39744843644e-33	2.37834132888e-131	220.896244284	1000.0	10.0	15.0	1000.0	2.39744843644e-31	6.03360073907e-127	2.37834132888e-131	220.896244284	0.1	-1000.0	0.0	0.0	0.0	-1000.0	0.0	1000.0	1000.0	15.0	1000.0	2.39744843644e-33	0.02	22.0896244284	16.8985714286	0.0	15.0	0.428571428571
10.1	8.45234388172e-132	3.35853489566e-38	3.33176815068e-136	24.4136737448	0.0	0.0	0.0	0.0	0.0	0.428571428571	0.0	0.0	0.0	1.03176382953e-128	4.09970876016e-35	4.06703503119e-133	24.4136737448	0.015	15.0	0.1	0.0	0.0	-1000.0	0.0	8.45234388172e-131	3.35853489566e-37	3.33176815068e-135	244.136737448	1000.0	10.0	15.0	1000.0	3.35853489566e-35	8.45234388172e-131	3.33176815068e-135	244.136737448	0.1	-1000.0	0.0	0.0	0.0	-1000.0	0.0	1000.0	1000.0	15.0	1000.0	3.35853489566e-37	0.02	24.4136737448	16.8985714286	0.0	15.0	0.428571428571
10.2	1.21236548013e-135	4.81732856904e-42	4.77893557678e-140	26.9822362824	0.0	0.0	0.0	0.0	0.0	0.428571428571	0.0	0.0	0.0	1.63561659228e-132	6.49911488499e-39	6.44731844554e-137	26.9822362824	0.015	15.0	0.1	0.0	0.0	-1000.0	0.0	1.21236548013e-134	4.81732856904e-41	4.77893557678e-139	269.822362824	1000.0	10.0	15.0	1000.0	4.81732856904e-39	1.21236548013e-134	4.77893557678e-139	269.822362824	0.1	-1000.0	0.0	0.0	0.0	-1000.0	0.0	1000.0	1000.0	15.0	1000.0	4.81732856904e-41	0.02	26.9822362824	16.8985714286	0.0	15.0	0.428571428571
10.3	1.79889985388e-139	7.14792017624e-46	7.09095291024e-144	29.8210372764	0.0	0.0	0.0	0.0	0.0	0.428571428571	0.0	0.0	0.0	2.68225297996e-136	1.06579197012e-42	1.05729785531e-140	29.8210372764	0.015	15.0	0.1	0.0	0.0	-1000.0	0.0	1.79889985388e-138	7.14792017624e-45	7.09095291024e-143	298.210372764	1000.0	10.0	15.0	1000.0	7.14792017624e-43	1.79889985388e-138	7.09095291024e-143	298.210372764	0.1	-1000.0	0.0	0.0	0.0	-1000.0	0.0	1000.0	1000.0	15.0	1000.0	7.14792017624e-45	0.02	29.8210372764	16.8985714286	0.0	15.0	0.428571428571
10.4	2.78038616849e-143	1.10478514472e-49	1.09598026602e-147	32.9585085141	0.0	0.0	0.0	0.0	0.0	0.428571428571	0.0	0.0	0.0	4.58186906033e-140	1.82060352993e-46	1.80609374644e-144	32.9585085141	0.015	15.0	0.1	0.0	0.0	-1000.0	0.0	2.78038616849e-142	1.10478514472e-48	1.09598026602e-146	329.585085141	1000.0	10.0	15.0	1000.0	1.10478514472e-46	2.78038616849e-142	1.09598026602e-146	329.585085141	0.1	-1000.0	0.0	0.0	0.0	-1000.0	0.0	1000.0	1000.0	15.0	1000.0	1.10478514472e-48	0.02	32.9585085141	16.8985714286	0.0	15.0	0.428571428571
10.5	4.49174708647e-147	1.78479360748e-53	1.77056922166e-151	36.4260730907	0.0	0.0	0.0	0.0	0.0	0.428571428571	0.0	0.0	0.0	8.18083538384e-144	3.25065111989e-50	3.22474419403e-148	36.4260730907	0.015	15.0	0.1	0.0	0.0	-1000.0	0.0	4.49174708647e-146	1.78479360748e-52	1.77056922166e-150	364.260730907	1000.0	10.0	15.0	1000.0	1.78479360748e-50	4.49174708647e-146	1.77056922166e-150	364.260730907	0.1	-1000.0	0.0	0.0	0.0	-1000.0	0.0	1000.0	1000.0	15.0	1000.0	1.78479360748e-52	0.02	36.4260730907	16.8985714286	0.0	15.0	0.428571428571
10.6	7.58683358258e-151	3.0146247878e-57	2.99059893096e-155	40.2584601255	0.0	0.0	0.0	0.0	0.0	0.428571428571	0.0	0.0	0.0	1.52717118632e-147	6.06820759065e-54	6.01984539068e-152	40.2584601255	0.015	15.0	0.1	0.0	0.0	-1000.0	0.0	7.58683358258e-150	3.0146247878e-56	2.99059893096e-154	402.584601255	1000.0	10.0	15.0	1000.0	3.0146247878e-54	7.58683358258e-150	2.99059893096e-154	402.584601255	0.1	-1000.0	0.0	0.0	0.0	-1000.0	0.0	1000.0	1000.0	15.0	1000.0	3.0146247878e-56	0.02	40.2584601255	16.8985714286	0.0	15.0	0.428571428571
10.7	1.33684064005e-154	5.31193005445e-61	5.26959520868e-159	44.4940525881	0.0	0.0	0.0	0.0	0.0	0.428571428571	0.0	0.0	0.0	2.97407288702e-151	1.18174647593e-57	1.17232823166e-155	44.4940525881	0.015	15.0	0.1	0.0	0.0	-1000.0	0.0	1.33684064005e-153	5.31193005445e-60	5.26959520868e-158	444.940525881	1000.0	10.0	15.0	1000.0	5.31193005445e-58	1.33684064005e-153	5.26959520868e-158	444.940525881	0.1	-1000.0	0.0	0.0	0.0	-1000.0	0.0	1000.0	1000.0	15.0	1000.0	5.31193005445e-60	0.02	44.4940525881	16.8985714286	0.0	15.0	0.428571428571
10.8	2.44762278418e-158	9.72561774075e-65	9.64810681097e-163	49.1752717202	0.0	0.0	0.0	0.0	0.0	0.428571428571	0.0	0.0	0.0	6.01812577402e-155	2.39129947524e-61	2.37224137008e-159	49.1752717202	0.015	15.0	0.1	0.0	0.0	-1000.0	0.0	2.44762278418e-157	9.72561774075e-64	9.64810681097e-162	491.752717202	1000.0	10.0	15.0	1000.0	9.72561774075e-62	2.44762278418e-157	9.64810681097e-162	491.752717202	0.1	-1000.0	0.0	0.0	0.0	-1000.0	0.0	1000.0	1000.0	15.0	1000.0	9.72561774075e-64	0.02	49.1752717202	16.8985714286	0.0	15.0	0.428571428571
10.9	4.63297630093e-162	1.84091097568e-68	1.82623933969e-166	54.3490019024	0.0	0.0	0.0	0.0	0.0	0.428571428571	0.0	0.0	0.0	1.25898818897e-158	5.00258370597e-65	4.96271426735e-163	54.3490019024	0.015	15.0	0.1	0.0	0.0	-1000.0	0.0	4.63297630093e-161	1.84091097568e-67	1.82623933969e-165	543.490019024	1000.0	10.0	15.0	1000.0	1.84091097568e-65	4.63297630093e-161	1.82623933969e-165	543.490019024	0.1	-1000.0	0.0	0.0	0.0	-1000.0	0.0	1000.0	1000.0	15.0	1000.0	1.84091097568e-67	0.02	54.3490019024	16.8985714286	0.0	15.0	0.428571428571
11.0	9.01613649222e-166	3.58255764449e-72	3.55400548348e-170	60.0670602208	0.0	0.0	0.0	0.0	0.0	0.428571428571	0.0	0.0	0.0	2.70786406818e-162	1.07596852888e-68	1.06739330701e-166	60.0670602208	0.015	15.0	0.1	0.0	0.0	-1000.0	0.0	9.01613649222e-165	3.58255764449e-71	3.55400548348e-169	600.670602208	1000.0	10.0	15.0	1000.0	3.58255764449e-69	9.01613649222e-165	3.55400548348e-169	600.670602208	0.1	-1000.0	0.0	0.0	0.0	-1000.0	0.0	1000.0	1000.0	15.0	1000.0	3.58255764449e-71	0.02	60.0670602208	16.8985714286	0.0	15.0	0.428571428571
11.1	1.79396836278e-169	7.12832495187e-76	7.07151384714e-174	66.3867154367	0.0	0.0	0.0	0.0	0.0	0.428571428571	0.0	0.0	0.0	5.95478336012e-166	2.3661304006e-72	2.34727288738e-170	66.3867154367	0.015	15.0	0.1	0.0	0.0	-1000.0	0.0	1.79396836278e-168	7.12832495187e-75	7.07151384714e-173	663.867154367	1000.0	10.0	15.0	1000.0	7.12832495187e-73	1.79396836278e-168	7.07151384714e-173	663.867154367	0.1	-1000.0	0.0	0.0	0.0	-1000.0	0.0	1000.0	1000.0	15.0	1000.0	7.12832495187e-75	0.02	66.3867154367	16.8985714286	0.0	15.0	0.428571428571
11.2	3.63067071621e-173	1.44264532653e-79	1.43114777713e-177	73.3712615578	0.0	0.0	0.0	0.0	0.0	0.428571428571	0.0	0.0	0.0	1.33193445375e-169	5.29243537939e-76	5.2502558942e-174	73.3712615578	0.015	15.0	0.1	0.0	0.0	-1000.0	0.0	3.63067071621e-172	1.44264532653e-78	1.43114777713e-176	733.712615578	1000.0	10.0	15.0	1000.0	1.44264532653e-76	3.63067071621e-172	1.43114777713e-176	733.712615578	0.1	-1000.0	0.0	0.0	0.0	-1000.0	0.0	1000.0	1000.0	15.0	1000.0	1.44264532653e-78	0.02	73.3712615578	16.8985714286	0.0	15.0	0.428571428571
11.3	7.43972252001e-177	2.95617028965e-83	2.93261029082e-181	81.0906517543	0.0	0.0	0.0	0.0	0.0	0.428571428571	0.0	0.0	0.0	3.01645974009e-173	1.19858887742e-79	1.18903639912e-177	81.0906517543	0.015	15.0	0.1	0.0	0.0	-1000.0	0.0	7.43972252001e-176	2.95617028965e-82	2.93261029082e-180	810.906517543	1000.0	10.0	15.0	1000.0	2.95617028965e-80	7.43972252001e-176	2.93261029082e-180	810.906517543	0.1	-1000.0	0.0	0.0	0.0	-1000.0	0.0	1000.0	1000.0	15.0	1000.0	2.95617028965e-82	0.02	81.0906517543	16.8985714286	0.0	15.0	0.428571428571
11.4	1.53784118072e-180	6.11060479251e-87	6.06190465675e-185	89.6221989689	0.0	0.0	0.0	0.0	0.0	0.428571428571	0.0	0.0	0.0	6.89123541406e-177	2.73822919267e-83	2.71640612639e-181	89.6221989689	0.015	15.0	0.1	0.0	0.0	-1000.0	0.0	1.53784118072e-179	6.11060479251e-86	6.06190465675e-184	896.221989689	1000.0	10.0	15.0	1000.0	6.11060479251e-84	1.53784118072e-179	6.06190465675e-184	896.221989689	0.1	-1000.0	0.0	0.0	0.0	-1000.0	0.0	1000.0	1000.0	15.0	1000.0	6.11060479251e-86	0.02	89.6221989689	16.8985714286	0.0	15.0	0.428571428571
11.5	3.19795462537e-184	1.27070578427e-90	1.26057854615e-188	99.0513502389	0.0	0.0	0.0	0.0	0.0	0.428571428571	0.0	0.0	0.0	1.58380861823e-180	6.29325618441e-87	6.24310035392e-185	99.0513502389	0.015	15.0	0.1	0.0	0.0	-1000.0	0.0	3.19795462537e-183	1.27070578427e-89	1.26057854615e-187	990.513502389	1000.0	10.0	15.0	1000.0	1.27070578427e-87	3.19795462537e-183	1.26057854615e-187	990.513502389	0.1	-1000.0	0.0	0.0	0.0	-1000.0	0.0	1000.0	1000.0	15.0	1000.0	1.27070578427e-89	0.02	99.0513502389	16.8985714286	0.0	15.0	0.428571428571
11.6	6.67947104682e-188	2.65408470405e-94	2.63293224761e-192	109.472542484	0.0	0.0	0.0	0.0	0.0	0.428571428571	0.0	0.0	0.0	3.65609338973e-184	1.4527470026e-90	1.44116893667e-188	109.472542484	0.015	15.0	0.1	0.0	0.0	-1000.0	0.0	6.67947104682e-187	2.65408470405e-93	2.63293224761e-191	1094.72542484	1000.0	10.0	15.0	1000.0	2.65408470405e-91	6.67947104682e-187	2.63293224761e-191	1000.0	0.1	-1000.0	0.0	0.0	0.0	-1000.0	0.0	1000.0	1000.0	15.0	1000.0	2.65408470405e-93	0.02	109.472542484	16.8985714286	0.0	15.0	0.428571428571
11.7	1.40067053035e-191	5.56555781406e-98	5.5212015736e-196	120.990148333	0.0	0.0	0.0	0.0	0.0	0.428571428571	0.0	0.0	0.0	8.4733667616e-188	3.36688832739e-94	3.34005498682e-192	120.990148333	0.015	15.0	0.1	0.0	0.0	-1000.0	0.0	1.40067053035e-190	5.56555781406e-97	5.5212015736e-195	1209.90148333	1000.0	10.0	15.0	1000.0	5.56555781406e-95	1.40067053035e-190	5.5212015736e-195	1000.0	0.1	-1000.0	0.0	0.0	0.0	-1000.0	0.0	1000.0	1000.0	15.0	1000.0	5.56555781406e-97	0.02	120.990148333	16.8985714286	0.0	15.0	0.428571428571
11.8	2.95118055142e-195	1.17265021783e-101	1.16330445965e-199	133.719521456	0.0	0.0	0.0	0.0	0.0	0.428571428571	0.0	0.0	0.0	1.97315225533e-191	7.84031129817e-98	7.7778257826e-196	133.719521456	0.015	15.0	0.1	0.0	0.0	-1000.0	0.0	2.95118055142e-194	1.17265021783e-100	1.16330445965e-198	1337.19521456	1000.0	10.0	15.0	1000.0	1.17265021783e-98	2.95118055142e-194	1.16330445965e-198	1000.0	0.1	-1000.0	0.0	0.0	0.0	-1000.0	0.0	1000.0	1000.0	15.0	1000.0	1.17265021783e-100	0.02	133.719521456	16.8985714286	0.0	15.0	0.428571428571
11.9	6.26018422969e-199	2.48748130443e-105	2.46765662599e-203	147.788151885	0.0	0.0	0.0	0.0	0.0	0.428571428571	0.0	0.0	0.0	4.62590528884e-195	1.83810132415e-101	1.82345206121e-199	147.788151885	0.015	15.0	0.1	0.0	0.0	-1000.0	0.0	6.26018422969e-198	2.48748130443e-104	2.46765662599e-202	1477.88151885	1000.0	10.0	15.0	1000.0	2.48748130443e-102	6.26018422969e-198	2.46765662599e-202	1000.0	0.1	-1000.0	0.0	0.0	0.0	-1000.0	0.0	1000.0	1000.0	15.0	1000.0	2.48748130443e-104	0.02	147.788151885	16.8985714286	0.0	15.0	0.428571428571
12.0	1.34115561676e-202	5.32907557346e-109	5.28660403805e-207	163.336942878	0.0	0.0	0.0	0.0	0.0	0.428571428571	0.0	0.0	0.0	1.09530129182e-198	4.35217456267e-105	4.3174887089e-203	163.336942878	0.015	15.0	0.1	0.0	0.0	-1000.0	0.0	1.34115561676e-201	5.32907557346e-108	5.28660403805e-206	1633.36942878	1000.0	10.0	15.0	1000.0	5.32907557346e-106	1.34115561676e-201	5.28660403805e-206	1000.0	0.1	-1000.0	0.0	0.0	0.0	-1000.0	0.0	1000.0	1000.0	15.0	1000.0	5.32907557346e-108	0.02	163.336942878	16.8985714286	0.0	15.0	0.428571428571
12.1	2.9141069319e-206	1.15791903518e-112	1.14869066952e-210	180.521622121	0.0	0.0	0.0	0.0	0.0	0.428571428571	0.0	0.0	0.0	2.6302965519e-202	1.04514711258e-108	1.03681751488e-206	180.521622121	0.015	15.0	0.1	0.0	0.0	-1000.0	0.0	2.9141069319e-205	1.15791903518e-111	1.14869066952e-209	1805.21622121	1000.0	10.0	15.0	1000.0	1.15791903518e-109	2.9141069319e-205	1.14869066952e-209	1000.0	0.1	-1000.0	0.0	0.0	0.0	-1000.0	0.0	1000.0	1000.0	15.0	1000.0	1.15791903518e-111	0.02	180.521622121	16.8985714286	0.0	15.0	0.428571428571
12.2	6.45514934739e-210	2.56495061838e-116	2.54450851155e-214	199.514301413	0.0	0.0	0.0	0.0	0.0	0.428571428571	0.0	0.0	0.0	6.43947306282e-206	2.55872165393e-112	2.53832919061e-210	199.514301413	0.015	15.0	0.1	0.0	0.0	-1000.0	0.0	6.45514934739e-209	2.56495061838e-115	2.54450851155e-213	1995.14301413	1000.0	10.0	15.0	1000.0	2.56495061838e-113	6.45514934739e-209	2.54450851155e-213	1000.0	0.1	-1000.0	0.0	0.0	0.0	-1000.0	0.0	1000.0	1000.0	15.0	1000.0	2.56495061838e-115	0.02	199.514301413	16.8985714286	0.0	15.0	0.428571428571
12.3	1.4664060687e-213	5.82675777253e-120	5.78031978696e-218	220.505200434	0.0	0.0	0.0	0.0	0.0	0.428571428571	0.0	0.0	0.0	1.61675082048e-209	6.42415195255e-116	6.37295286598e-214	220.505200434	0.015	15.0	0.1	0.0	0.0	-1000.0	0.0	1.4664060687e-212	5.82675777253e-119	5.78031978696e-217	2205.05200434	1000.0	10.0	15.0	1000.0	5.82675777253e-117	1.4664060687e-212	5.78031978696e-217	1000.0	0.1	-1000.0	0.0	0.0	0.0	-1000.0	0.0	1000.0	1000.0	15.0	1000.0	5.82675777253e-119	0.02	220.505200434	16.8985714286	0.0	15.0	0.428571428571
12.4	3.43848447848e-217	1.36628023297e-123	1.35539126771e-221	243.704551874	0.0	0.0	0.0	0.0	0.0	0.428571428571	0.0	0.0	0.0	4.18987159476e-213	1.66484355955e-119	1.65157510755e-217	243.704551874	0.015	15.0	0.1	0.0	0.0	-1000.0	0.0	3.43848447848e-216	1.36628023297e-122	1.35539126771e-220	2437.04551874	1000.0	10.0	15.0	1000.0	1.36628023297e-120	3.43848447848e-216	1.35539126771e-220	1000.0	0.1	-1000.0	0.0	0.0	0.0	-1000.0	0.0	1000.0	1000.0	15.0	1000.0	1.36628023297e-122	0.02	243.704551874	16.8985714286	0.0	15.0	0.428571428571
12.5	8.3793963333e-221	3.32954928447e-127	3.30301350634e-225	269.344707005	0.0	0.0	0.0	0.0	0.0	0.428571428571	0.0	0.0	0.0	1.12847302514e-216	4.48398238243e-123	4.4482460255e-221	269.344707005	0.015	15.0	0.1	0.0	0.0	-1000.0	0.0	8.3793963333e-220	3.32954928447e-126	3.30301350634e-224	2693.44707005	1000.0	10.0	15.0	1000.0	3.32954928447e-124	8.3793963333e-220	3.30301350634e-224	1000.0	0.1	-1000.0	0.0	0.0	0.0	-1000.0	0.0	1000.0	1000.0	15.0	1000.0	3.32954928447e-126	0.02	269.344707005	16.8985714286	0.0	15.0	0.428571428571
12.6	2.13704518133e-224	8.49153923938e-131	8.42386351601e-229	297.682462777	0.0	0.0	0.0	0.0	0.0	0.428571428571	0.0	0.0	0.0	3.18080436322e-220	1.26389115677e-126	1.25381821877e-224	297.682462777	0.015	15.0	0.1	0.0	0.0	-1000.0	0.0	2.13704518133e-223	8.49153923938e-130	8.42386351601e-228	2976.82462777	1000.0	10.0	15.0	1000.0	8.49153923938e-128	2.13704518133e-223	8.42386351601e-228	1000.0	0.1	-1000.0	0.0	0.0	0.0	-1000.0	0.0	1000.0	1000.0	15.0	1000.0	8.49153923938e-130	0.02	297.682462777	16.8985714286	0.0	15.0	0.428571428571
12.7	5.74323926009e-228	2.28207349288e-134	2.26388584946e-232	329.001633743	0.0	0.0	0.0	0.0	0.0	0.428571428571	0.0	0.0	0.0	9.44767549774e-224	3.75402953741e-130	3.7241107154e-228	329.001633743	0.015	15.0	0.1	0.0	0.0	-1000.0	0.0	5.74323926009e-227	2.28207349288e-133	2.26388584946e-231	3290.01633743	1000.0	10.0	15.0	1000.0	2.28207349288e-131	5.74323926009e-227	2.26388584946e-231	1000.0	0.1	-1000.0	0.0	0.0	0.0	-1000.0	0.0	1000.0	1000.0	15.0	1000.0	2.28207349288e-133	0.02	329.001633743	16.8985714286	0.0	15.0	0.428571428571
12.8	1.63725114888e-231	6.50560985944e-138	6.45376164566e-236	363.615894588	0.0	0.0	0.0	0.0	0.0	0.428571428571	0.0	0.0	0.0	2.97665270583e-227	1.18277157444e-133	1.17334515712e-231	363.615894588	0.015	15.0	0.1	0.0	0.0	-1000.0	0.0	1.63725114888e-230	6.50560985944e-137	6.45376164566e-235	3636.15894588	1000.0	10.0	15.0	1000.0	6.50560985944e-135	1.63725114888e-230	6.45376164566e-235	1000.0	0.1	-1000.0	0.0	0.0	0.0	-1000.0	0.0	1000.0	1000.0	15.0	1000.0	6.50560985944e-137	0.02	363.615894588	16.8985714286	0.0	15.0	0.428571428571
12.9	4.98178646005e-235	1.97951053365e-141	1.96373428201e-239	401.871921707	0.0	0.0	0.0	0.0	0.0	0.428571428571	0.0	0.0	0.0	1.00102004912e-230	3.97754851098e-137	3.94584834817e-235	401.871921707	0.015	15.0	0.1	0.0	0.0	-1000.0	0.0	4.98178646005e-234	1.97951053365e-140	1.96373428201e-238	4018.71921707	1000.0	10.0	15.0	1000.0	1.97951053365e-138	4.98178646005e-234	1.96373428201e-238	1000.0	0.1	-1000.0	0.0	0.0	0.0	-1000.0	0.0	1000.0	1000.0	15.0	1000.0	1.97951053365e-140	0.02	401.871921707	16.8985714286	0.0	15.0	0.428571428571
13.0	1.62719937959e-238	6.46566906871e-145	6.41413918484e-243	444.152865319	0.0	0.0	0.0	0.0	0.0	0.428571428571	0.0	0.0	0.0	3.61362633444e-234	1.43587272153e-140	1.42442914875e-238	444.152865319	0.015	15.0	0.1	0.0	0.0	-1000.0	0.0	1.62719937959e-237	6.46566906871e-144	6.41413918484e-242	4441.52865319	1000.0	10.0	15.0	1000.0	6.46566906871e-142	1.62719937959e-237	6.41413918484e-242	1000.0	0.1	-1000.0	0.0	0.0	0.0	-1000.0	0.0	1000.0	1000.0	15.0	1000.0	6.46566906871e-144	0.02	444.152865319	16.8985714286	0.0	15.0	0.428571428571
13.1	5.73465824154e-242	2.27866373181e-148	2.26050332335e-246	490.882186873	0.0	0.0	0.0	0.0	0.0	0.428571428571	0.0	0.0	0.0	1.40752078929e-237	5.59277717909e-144	5.54820407399e-242	490.882186873	0.015	15.0	0.1	0.0	0.0	-1000.0	0.0	5.73465824154e-241	2.27866373181e-147	2.26050332335e-245	4908.82186873	1000.0	10.0	15.0	1000.0	2.27866373181e-145	5.73465824154e-241	2.26050332335e-245	1000.0	0.1	-1000.0	0.0	0.0	0.0	-1000.0	0.0	1000.0	1000.0	15.0	1000.0	2.27866373181e-147	0.02	490.882186873	16.8985714286	0.0	15.0	0.428571428571
13.2	2.19053387427e-245	8.70407584527e-152	8.63470649577e-250	542.527900201	0.0	0.0	0.0	0.0	0.0	0.428571428571	0.0	0.0	0.0	5.94212871562e-241	2.36110199576e-147	2.342284592e-245	542.527900201	0.015	15.0	0.1	0.0	0.0	-1000.0	0.0	2.19053387427e-244	8.70407584527e-151	8.63470649577e-249	5425.27900201	1000.0	10.0	15.0	1000.0	8.70407584527e-149	2.19053387427e-244	8.63470649577e-249	1000.0	0.1	-1000.0	0.0	0.0	0.0	-1000.0	0.0	1000.0	1000.0	15.0	1000.0	8.70407584527e-151	0.02	542.527900201	16.8985714286	0.0	15.0	0.428571428571
13.3	9.1048665163e-249	3.61781434697e-155	3.58898126657e-253	599.607258864	0.0	0.0	0.0	0.0	0.0	0.428571428571	0.0	0.0	0.0	2.72967202708e-244	1.08463387183e-150	1.07598960968e-248	599.607258864	0.015	15.0	0.1	0.0	0.0	-1000.0	0.0	9.1048665163e-248	3.61781434697e-154	3.58898126657e-252	5996.07258864	1000.0	10.0	15.0	1000.0	3.61781434697e-152	9.1048665163e-248	3.58898126657e-252	1000.0	0.1	-1000.0	0.0	0.0	0.0	-1000.0	0.0	1000.0	1000.0	15.0	1000.0	3.61781434697e-154	0.02	599.607258864	16.8985714286	0.0	15.0	0.428571428571
13.4	4.13177342032e-252	1.64175818171e-158	1.62867378074e-256	662.691936671	0.0	0.0	0.0	0.0	0.0	0.428571428571	0.0	0.0	0.0	1.3690464649e-247	5.43989954491e-154	5.39654490982e-252	662.691936671	0.015	15.0	0.1	0.0	0.0	-1000.0	0.0	4.13177342032e-251	1.64175818171e-157	1.62867378074e-255	6626.91936671	1000.0	10.0	15.0	1000.0	1.64175818171e-155	4.13177342032e-251	1.62867378074e-255	1000.0	0.1	-1000.0	0.0	0.0	0.0	-1000.0	0.0	1000.0	1000.0	15.0	1000.0	1.64175818171e-157	0.02	662.691936671	16.8985714286	0.0	15.0	0.428571428571
13.5	2.05289998083e-255	8.15718814694e-162	8.0921774912e-260	732.413753231	0.0	0.0	0.0	0.0	0.0	0.428571428571	0.0	0.0	0.0	7.51786089985e-251	2.98721839326e-157	2.96341104407e-255	732.413753231	0.015	15.0	0.1	0.0	0.0	-1000.0	0.0	2.05289998083e-254	8.15718814694e-161	8.0921774912e-259	7324.13753231	1000.0	10.0	15.0	1000.0	8.15718814694e-159	2.05289998083e-254	8.0921774912e-259	1000.0	0.1	-1000.0	0.0	0.0	0.0	-1000.0	0.0	1000.0	1000.0	15.0	1000.0	8.15718814694e-161	0.02	732.413753231	16.8985714286	0.0	15.0	0.428571428571
13.6	1.11941183622e-258	4.44797753503e-165	4.41252835717e-263	809.471001891	0.0	0.0	0.0	0.0	0.0	0.428571428571	0.0	0.0	0.0	4.53065710296e-254	1.80025441583e-160	1.78590687507e-258	809.471001891	0.015	15.0	0.1	0.0	0.0	-1000.0	0.0	1.11941183622e-257	4.44797753503e-164	4.41252835717e-262	8094.71001891	1000.0	10.0	15.0	1000.0	4.44797753503e-162	1.11941183622e-257	4.41252835717e-262	1000.0	0.1	-1000.0	0.0	0.0	0.0	-1000.0	0.0	1000.0	1000.0	15.0	1000.0	4.44797753503e-164	0.02	809.471001891	16.8985714286	0.0	15.0	0.428571428571
13.7	6.71185686822e-262	2.66695306061e-168	2.64569821996e-266	894.635443438	0.0	0.0	0.0	0.0	0.0	0.428571428571	0.0	0.0	0.0	3.0023325228e-257	1.19297536701e-163	1.18346770011e-261	894.635443438	0.015	15.0	0.1	0.0	0.0	-1000.0	0.0	6.71185686822e-261	2.66695306061e-167	2.64569821996e-265	8946.35443438	1000.0	10.0	15.0	1000.0	2.66695306061e-165	6.71185686822e-261	2.64569821996e-265	1000.0	0.1	-1000.0	0.0	0.0	0.0	-1000.0	0.0	1000.0	1000.0	15.0	1000.0	2.66695306061e-167	0.02	894.635443438	16.8985714286	0.0	15.0	0.428571428571
13.8	4.43208012128e-265	1.7610849001e-171	1.74704954721e-269	988.76003561	0.0	0.0	0.0	0.0	0.0	0.428571428571	0.0	0.0	0.0	2.19113184927e-260	8.70645184269e-167	8.63706386255e-265	988.76003561	0.015	15.0	0.1	0.0	0.0	-1000.0	0.0	4.43208012128e-264	1.7610849001e-170	1.74704954721e-268	9887.6003561	1000.0	10.0	15.0	1000.0	1.7610849001e-168	4.43208012128e-264	1.74704954721e-268	1000.0	0.1	-1000.0	0.0	0.0	0.0	-1000.0	0.0	1000.0	1000.0	15.0	1000.0	1.7610849001e-170	0.02	988.76003561	16.8985714286	0.0	15.0	0.428571428571
13.9	3.22723557858e-268	1.28234049078e-174	1.27212061381e-272	1092.78747583	0.0	0.0	0.0	0.0	0.0	0.428571428571	0.0	0.0	0.0	1.76334131091e-263	7.00662814033e-170	6.95078737258e-268	1092.78747583	0.015	15.0	0.1	0.0	0.0	-1000.0	0.0	3.22723557858e-267	1.28234049078e-173	1.27212061381e-271	10927.8747583	1000.0	10.0	15.0	1000.0	1.28234049078e-171	3.22723557858e-267	1.27212061381e-271	1000.0	0.1	-1000.0	0.0	0.0	0.0	-1000.0	0.0	1000.0	1000.0	15.0	1000.0	1.28234049078e-173	0.02	1092.78747583	16.8985714286	0.0	15.0	0.428571428571
14.0	2.59384302331e-271	1.03066224066e-177	1.02244816947e-275	1207.7596427	0.0	0.0	0.0	0.0	0.0	0.428571428571	0.0	0.0	0.0	1.56636946153e-266	6.22396129761e-173	6.17435817921e-271	1207.7596427	0.015	15.0	0.1	0.0	0.0	-1000.0	0.0	2.59384302331e-270	1.03066224066e-176	1.02244816947e-274	12077.596427	1000.0	10.0	15.0	1000.0	1.03066224066e-174	2.59384302331e-270	1.02244816947e-274	1000.0	0.1	-1000.0	0.0	0.0	0.0	-1000.0	0.0	1000.0	1000.0	15.0	1000.0	1.03066224066e-176	0.02	1207.7596427	16.8985714286	0.0	15.0	0.428571428571
14.1	2.30294305242e-274	9.15073282568e-181	9.07780424709e-279	1334.82803089	0.0	0.0	0.0	0.0	0.0	0.428571428571	0.0	0.0	0.0	1.53701646996e-269	6.10732733944e-176	6.05865378396e-274	1334.82803089	0.015	15.0	0.1	0.0	0.0	-1000.0	0.0	2.30294305242e-273	9.15073282568e-180	9.07780424709e-278	13348.2803089	1000.0	10.0	15.0	1000.0	9.15073282568e-178	2.30294305242e-273	9.07780424709e-278	1000.0	0.1	-1000.0	0.0	0.0	0.0	-1000.0	0.0	1000.0	1000.0	15.0	1000.0	9.15073282568e-180	0.02	1334.82803089	16.8985714286	0.0	15.0	0.428571428571
14.2	2.25999339444e-277	8.98007243544e-184	8.90850396907e-282	1475.26528379	0.0	0.0	0.0	0.0	0.0	0.428571428571	0.0	0.0	0.0	1.66704489821e-272	6.62399455498e-179	6.57120331805e-277	1475.26528379	0.015	15.0	0.1	0.0	0.0	-1000.0	0.0	2.25999339444e-276	8.98007243544e-183	8.90850396907e-281	14752.6528379	1000.0	10.0	15.0	1000.0	8.98007243544e-181	2.25999339444e-276	8.90850396907e-281	1000.0	0.1	-1000.0	0.0	0.0	0.0	-1000.0	0.0	1000.0	1000.0	15.0	1000.0	8.98007243544e-183	0.02	1475.26528379	16.8985714286	0.0	15.0	0.428571428571
14.3	2.45250192571e-280	9.74500425977e-187	9.66733947605e-285	1630.47793963	0.0	0.0	0.0	0.0	0.0	0.428571428571	0.0	0.0	0.0	1.99937514339e-275	7.94450723359e-182	7.88119187531e-280	1630.47793963	0.015	15.0	0.1	0.0	0.0	-1000.0	0.0	2.45250192571e-279	9.74500425977e-186	9.66733947605e-284	16304.7793963	1000.0	10.0	15.0	1000.0	9.74500425977e-184	2.45250192571e-279	9.66733947605e-284	1000.0	0.1	-1000.0	0.0	0.0	0.0	-1000.0	0.0	1000.0	1000.0	15.0	1000.0	9.74500425977e-186	0.02	1630.47793963	16.8985714286	0.0	15.0	0.428571428571
14.4	2.94395765291e-283	1.16978010123e-189	1.16045731443e-287	1802.0205185	0.0	0.0	0.0	0.0	0.0	0.428571428571	0.0	0.0	0.0	2.65253604807e-278	1.05398387228e-184	1.04558394572e-282	1802.0205185	0.015	15.0	0.1	0.0	0.0	-1000.0	0.0	2.94395765291e-282	1.16978010123e-188	1.16045731443e-286	18020.205185	1000.0	10.0	15.0	1000.0	1.16978010123e-186	2.94395765291e-282	1.16045731443e-286	1000.0	0.1	-1000.0	0.0	0.0	0.0	-1000.0	0.0	1000.0	1000.0	15.0	1000.0	1.16978010123e-188	0.02	1802.0205185	16.8985714286	0.0	15.0	0.428571428571
14.5	3.90997410909e-286	1.5536262445e-192	1.54124433171e-290	1991.61109155	0.0	0.0	0.0	0.0	0.0	0.428571428571	0.0	0.0	0.0	3.89357390167e-281	1.54710963034e-187	1.53477965291e-285	1991.61109155	0.015	15.0	0.1	0.0	0.0	-1000.0	0.0	3.90997410909e-285	1.5536262445e-191	1.54124433171e-289	19916.1109155	1000.0	10.0	15.0	1000.0	1.5536262445e-189	3.90997410909e-285	1.54124433171e-289	1000.0	0.1	-1000.0	0.0	0.0	0.0	-1000.0	0.0	1000.0	1000.0	15.0	1000.0	1.5536262445e-191	0.02	1991.61109155	16.8985714286	0.0	15.0	0.428571428571
14.6	5.74649887821e-289	2.28336844212e-195	2.26517075579e-293	2201.14848819	0.0	0.0	0.0	0.0	0.0	0.428571428571	0.0	0.0	0.0	6.32444865906e-284	2.51301649717e-190	2.49298859229e-288	2201.14848819	0.015	15.0	0.1	0.0	0.0	-1000.0	0.0	5.74649887821e-288	2.28336844212e-194	2.26517075579e-292	22011.4848819	1000.0	10.0	15.0	1000.0	2.28336844212e-192	5.74649887821e-288	2.26517075579e-292	1000.0	0.1	-1000.0	0.0	0.0	0.0	-1000.0	0.0	1000.0	1000.0	15.0	1000.0	2.28336844212e-194	0.02	2201.14848819	16.8985714286	0.0	15.0	0.428571428571
14.7	9.34675589102e-292	3.71392881964e-198	3.68433000957e-296	2432.73131366	0.0	0.0	0.0	0.0	0.0	0.428571428571	0.0	0.0	0.0	1.13690728686e-286	4.51749546812e-193	4.48149249207e-291	2432.73131366	0.015	15.0	0.1	0.0	0.0	-1000.0	0.0	9.34675589102e-291	3.71392881964e-197	3.68433000957e-295	24327.3131366	1000.0	10.0	15.0	1000.0	3.71392881964e-195	9.34675589102e-291	3.68433000957e-295	1000.0	0.1	-1000.0	0.0	0.0	0.0	-1000.0	0.0	1000.0	1000.0	15.0	1000.0	3.71392881964e-197	0.02	2432.73131366	16.8985714286	0.0	15.0	0.428571428571
14.8	1.68254765127e-294	6.68559477014e-201	6.63231280417e-299	2688.67896747	0.0	0.0	0.0	0.0	0.0	0.428571428571	0.0	0.0	0.0	2.26191524087e-289	8.98770902176e-196	8.91607997113e-294	2688.67896747	0.015	15.0	0.1	0.0	0.0	-1000.0	0.0	1.68254765127e-293	6.68559477014e-200	6.63231280417e-298	26886.7896747	1000.0	10.0	15.0	1000.0	6.68559477014e-198	1.68254765127e-293	6.63231280417e-298	1000.0	0.1	-1000.0	0.0	0.0	0.0	-1000.0	0.0	1000.0	1000.0	15.0	1000.0	6.68559477014e-200	0.02	2688.67896747	16.8985714286	0.0	15.0	0.428571428571
14.9	3.35218554291e-297	1.33198926556e-203	1.32137374065e-301	2971.55487313	0.0	0.0	0.0	0.0	0.0	0.428571428571	0.0	0.0	0.0	4.98060164283e-292	1.97903959651e-198	1.96326728912e-296	2971.55487313	0.015	15.0	0.1	0.0	0.0	-1000.0	0.0	3.35218554291e-296	1.33198926556e-202	1.32137374065e-300	29715.5487313	1000.0	10.0	15.0	1000.0	1.33198926556e-200	3.35218554291e-296	1.32137374065e-300	1000.0	0.1	-1000.0	0.0	0.0	0.0	-1000.0	0.0	1000.0	1000.0	15.0	1000.0	1.33198926556e-202	0.02	2971.55487313	16.8985714286	0.0	15.0	0.428571428571
15.0	7.39156746656e-300	2.93703569186e-206	2.91362843036e-304	3284.19215193	0.0	0.0	0.0	0.0	0.0	0.428571428571	0.0	0.0	0.0	1.21376639321e-294	4.82289478457e-201	4.7844578123e-299	3284.19215193	0.015	15.0	0.1	0.0	0.0	-1000.0	0.0	7.39156746656e-299	2.93703569186e-205	2.91362843036e-303	32841.9215193	1000.0	10.0	15.0	1000.0	2.93703569186e-203	7.39156746656e-299	2.91362843036e-303	1000.0	0.1	-1000.0	0.0	0.0	0.0	-1000.0	0.0	1000.0	1000.0	15.0	1000.0	2.93703569186e-205	0.02	3284.19215193	16.8985714286	0.0	15.0	0.428571428571
