time	[Ac]	[Glcxt]	[O2]	[S_dummy]	[X]	dummy_vAc	dummy_vGlcxt	dummy_vO2	dummy_vX	fba__v1	fba__v2	fba__v3	fba__v4	update__update_Ac	update__update_Glcxt	update__update_O2	update__update_X	bounds__Km_vGlcxt	bounds__Vmax_vGlcxt	fba__lb	fba__lb_irrev	fba__ub	fba__ub_vO2	ub_vGlcxt	update__Km_vFBA	update__Y	vAc	vGlcxt	vO2	vX
0.0	0.4	10.8	0.21	0.0	0.001	0.0	0.0	0.0	0.0	0.0	1.16099071207	0.0	0.207811930603	0.000952380952381	0.000998151571165	0.000913043478261	0.001	0.015	15.0	-1000.0	0.0	1000.0	15.0	14.9791955617	0.02	0.001	-2.51868059891	14.9791955617	15.0	1.36880264268
0.1	0.399899800431	10.7998949843	0.20990394046	0.0	0.00110521018125	0.0	0.0	0.0	0.0	0.0	1.16099071207	0.0	0.207811930603	0.00105256856627	0.00110316725905	0.00100906479296	0.00110521018125	0.015	15.0	-1000.0	0.0	1000.0	15.0	14.9791953597	0.02	0.00110521018125	-2.51868059891	14.9791955617	15.0	1.36880264268
0.2	0.399789060257	10.7997789199	0.209797778947	0.0	0.00122148952529	0.0	0.0	0.0	0.0	0.0	1.16099071207	0.0	0.207811920098	0.00116329412951	0.00121923164269	0.00111517957478	0.00122148952529	0.015	15.0	-1000.0	0.0	1000.0	15.0	14.9791951364	0.02	0.00122148952529	-2.51868047158	14.9791953597	15.0	1.36880263217
0.3	0.399666670812	10.7996506443	0.209680453623	0.0	0.00135000261867	0.0	0.0	0.0	0.0	0.0	1.16099071207	0.0	0.207811908487	0.00128566571929	0.00134750715433	0.00123244776388	0.00135000261867	0.015	15.0	-1000.0	0.0	1000.0	15.0	14.9791948897	0.02	0.00135000261867	-2.51868033086	14.9791951364	15.0	1.36880262056
0.4	0.399531406852	10.7995088729	0.209550791157	0.0	0.00149203657408	0.0	0.0	0.0	0.0	0.0	1.16099071207	0.0	0.207811895654	0.00142090785524	0.00148927852546	0.00136204037005	0.00149203657408	0.015	15.0	-1000.0	0.0	1000.0	15.0	14.9791946169	0.02	0.00149203657408	-2.51868017533	14.9791948897	15.0	1.36880260773
0.5	0.399381914312	10.7993521858	0.209407495038	0.0	0.00164901392132	0.0	0.0	0.0	0.0	0.0	1.16099071207	0.0	0.207811881471	0.00157037371939	0.00164596565393	0.00150525105768	0.00164901392132	0.015	15.0	-1000.0	0.0	1000.0	15.0	14.9791943155	0.02	0.00164901392132	-2.51868000343	14.9791946169	15.0	1.36880259355
0.6	0.399216696769	10.7991790135	0.209249132685	0.0	0.00182250685452	0.0	0.0	0.0	0.0	0.0	1.16099071207	0.0	0.207811865795	0.00173555865477	0.00181913782467	0.00166350892653	0.00182250685452	0.015	15.0	-1000.0	0.0	1000.0	15.0	14.9791939823	0.02	0.00182250685452	-2.51867981344	14.9791943155	15.0	1.36880257787
0.7	0.399034100486	10.7989876219	0.2090741212	0.0	0.00201425297833	0.0	0.0	0.0	0.0	0.0	1.16099071207	0.0	0.20781184847	0.00191811507567	0.00201052942665	0.00183839260897	0.00201425297833	0.015	15.0	-1000.0	0.0	1000.0	15.0	14.9791936141	0.02	0.00201425297833	-2.51867960345	14.9791939823	15.0	1.36880256054
0.8	0.398832297891	10.7987760939	0.208880711645	0.0	0.00222617271075	0.0	0.0	0.0	0.0	0.0	1.16099071207	0.0	0.207811829321	0.00211986893609	0.00222205732341	0.00203164581552	0.00222617271075	0.015	15.0	-1000.0	0.0	1000.0	15.0	14.9791932071	0.02	0.00222617271075	-2.51867937137	14.9791936141	15.0	1.3688025414
0.9	0.398609269322	10.7985423111	0.208666971685	0.0	0.0024603885169	0.0	0.0	0.0	0.0	0.0	1.16099071207	0.0	0.207811808156	0.00234283791794	0.00245584005104	0.00224519447302	0.0024603885169	0.015	15.0	-1000.0	0.0	1000.0	15.0	14.9791927572	0.02	0.0024603885169	-2.51867911485	14.9791932071	15.0	1.36880252023
1.0	0.398362782857	10.798283932	0.208430766432	0.0	0.00271924616638	0.0	0.0	0.0	0.0	0.0	1.16099071207	0.0	0.207811784764	0.00258925151686	0.00271421903604	0.0024811656128	0.00271924616638	0.015	15.0	-1000.0	0.0	1000.0	15.0	14.9791922601	0.02	0.00271924616638	-2.51867883134	14.9791927572	15.0	1.36880249684
1.1	0.39809037204	10.7979983688	0.208169737305	0.0	0.00300533822714	0.0	0.0	0.0	0.0	0.0	1.16099071207	0.0	0.20781175891	0.00286157322186	0.00299978204544	0.00274190818049	0.00300533822714	0.015	15.0	-1000.0	0.0	1000.0	15.0	14.9791917105	0.02	0.00300533822714	-2.51867851799	14.9791922601	15.0	1.36880247098
1.2	0.397789311262	10.7976827616	0.207881278697	0.0	0.00332153003107	0.0	0.0	0.0	0.0	0.0	1.16099071207	0.0	0.207811730334	0.0031625250043	0.00331538910403	0.00303001595409	0.00332153003107	0.015	15.0	-1000.0	0.0	1000.0	15.0	14.9791911032	0.02	0.00332153003107	-2.51867817164	14.9791917105	15.0	1.36880244241
1.3	0.397456588579	10.7973339494	0.20756251225	0.0	0.00367098837147	0.0	0.0	0.0	0.0	0.0	1.16099071207	0.0	0.207811698749	0.00349511435382	0.00366420113833	0.00334835277256	0.00367098837147	0.015	15.0	-1000.0	0.0	1000.0	15.0	14.9791904319	0.02	0.00367098837147	-2.51867778884	14.9791911032	15.0	1.36880241082
1.4	0.397088875678	10.7969484386	0.207210258466	0.0	0.00405721321974	0.0	0.0	0.0	0.0	0.0	1.16099071207	0.0	0.20781166384	0.00386266412211	0.00404971163417	0.00370008029387	0.00405721321974	0.015	15.0	-1000.0	0.0	1000.0	15.0	14.9791896899	0.02	0.00405721321974	-2.51867736574	14.9791904319	15.0	1.36880237591
1.5	0.396682494713	10.7965223683	0.206821005415	0.0	0.004484072779	0.0	0.0	0.0	0.0	0.0	1.16099071207	0.0	0.207811625255	0.00426884546151	0.00447578162473	0.00408868851811	0.004484072779	0.015	15.0	-1000.0	0.0	1000.0	15.0	14.9791888698	0.02	0.004484072779	-2.51867689809	14.9791896899	15.0	1.36880233733
1.6	0.396233381672	10.7960514712	0.206390874242	0.0	0.00495584222559	0.0	0.0	0.0	0.0	0.0	1.16099071207	0.0	0.207811582608	0.00471771417321	0.00494667835976	0.00451802932857	0.00495584222559	0.015	15.0	-1000.0	0.0	1000.0	15.0	14.9791879633	0.02	0.00495584222559	-2.51867638121	14.9791888698	15.0	1.36880229468
1.7	0.395737045926	10.7955310311	0.205915581147	0.0	0.00547724652666	0.0	0.0	0.0	0.0	0.0	1.16099071207	0.0	0.207811535469	0.00521375081078	0.00546711804289	0.0049923533202	0.00547724652666	0.015	15.0	-1000.0	0.0	1000.0	15.0	14.9791869614	0.02	0.00547724652666	-2.51867580989	14.9791879633	15.0	1.36880224754
1.8	0.395188525565	10.7949558355	0.205390395514	0.0	0.00605350776242	0.0	0.0	0.0	0.0	0.0	1.16099071207	0.0	0.207811483367	0.00576190491747	0.00604231306527	0.00551635020088	0.00605350776242	0.015	15.0	-1000.0	0.0	1000.0	15.0	14.9791858539	0.02	0.00605350776242	-2.51867517841	14.9791869614	15.0	1.36880219544
1.9	0.39458233808	10.7943201236	0.204810093805	0.0	0.00669039742717	0.0	0.0	0.0	0.0	0.0	1.16099071207	0.0	0.207811425777	0.00636764381165	0.00667802420842	0.00609519306477	0.00669039742717	0.015	15.0	-1000.0	0.0	1000.0	15.0	14.9791846298	0.02	0.00669039742717	-2.51867448041	14.9791858539	15.0	1.36880213785
2.0	0.393912425922	10.7936175287	0.204168908818	0.0	0.00739429423279	0.0	0.0	0.0	0.0	0.0	1.16099071207	0.0	0.20781136212	0.00703700637334	0.00738061833901	0.00673458684769	0.00739429423279	0.015	15.0	-1000.0	0.0	1000.0	15.0	14.9791832767	0.02	0.00739429423279	-2.5186737089	14.9791846298	15.0	1.36880207419
2.1	0.393172096408	10.7928410138	0.203460473874	0.0	0.00817224799366	0.0	0.0	0.0	0.0	0.0	1.16099071207	0.0	0.207811291758	0.00777666232538	0.00815713217353	0.00744082128074	0.00817224799366	0.015	15.0	-1000.0	0.0	1000.0	15.0	14.9791817811	0.02	0.00817224799366	-2.51867285611	14.9791832767	15.0	1.36880200383
2.2	0.392353955407	10.7919828019	0.202677761473	0.0	0.00903205023269	0.0	0.0	0.0	0.0	0.0	1.16099071207	0.0	0.207811213982	0.00859397754711	0.009015342751	0.00822082865646	0.00903205023269	0.015	15.0	-1000.0	0.0	1000.0	15.0	14.9791801279	0.02	0.00903205023269	-2.51867191347	14.9791817811	15.0	1.36880192606
2.3	0.391449834151	10.7910342978	0.201813015917	0.0	0.00998231221558	0.0	0.0	0.0	0.0	0.0	1.16099071207	0.0	0.207811128011	0.00949708600392	0.00996384531974	0.00908224671002	0.00998231221558	0.015	15.0	-1000.0	0.0	1000.0	15.0	14.9791783004	0.02	0.00998231221558	-2.51867087149	14.9791801279	15.0	1.36880184009
2.4	0.390450708514	10.7899860019	0.200857679376	0.0	0.0110325511947	0.0	0.0	0.0	0.0	0.0	1.16099071207	0.0	0.207811032979	0.010494968924	0.0110121394177	0.01003348689	0.0110325511947	0.015	15.0	-1000.0	0.0	1000.0	15.0	14.9791762803	0.02	0.0110325511947	-2.5186697197	14.9791783004	15.0	1.36880174505
2.5	0.389346609966	10.788827415	0.199802310847	0.0	0.0121932857265	0.0	0.0	0.0	0.0	0.0	1.16099071207	0.0	0.207810927928	0.0115975419031	0.0121707240087	0.0110838082438	0.0121932857265	0.015	15.0	-1000.0	0.0	1000.0	15.0	14.9791740472	0.02	0.0121932857265	-2.51866844649	14.9791762803	15.0	1.36880164
2.6	0.38812652739	10.7875469335	0.198636497431	0.0	0.0134761410161	0.0	0.0	0.0	0.0	0.0	1.16099071207	0.0	0.207810811802	0.012815750666	0.0134512026261	0.0122433970622	0.0134761410161	0.015	15.0	-1000.0	0.0	1000.0	15.0	14.9791715786	0.02	0.0134761410161	-2.51866703904	14.9791740472	15.0	1.36880152388
2.7	0.386778298863	10.7861317331	0.197348757366	0.0	0.0148939653448	0.0	0.0	0.0	0.0	0.0	1.16099071207	0.0	0.20781068343	0.0141616762632	0.014866399578	0.0135234523016	0.0148939653448	0.015	15.0	-1000.0	0.0	1000.0	15.0	14.9791688496	0.02	0.0148939653448	-2.51866548317	14.9791715786	15.0	1.3688013955
2.8	0.385288492398	10.7845676401	0.195926434225	0.0	0.0164609587456	0.0	0.0	0.0	0.0	0.0	1.16099071207	0.0	0.207810541515	0.0156486505229	0.0164304883754	0.014936276619	0.0164609587456	0.015	15.0	-1000.0	0.0	1000.0	15.0	14.9791658326	0.02	0.0164609587456	-2.51866376317	14.9791688496	15.0	1.36880125359
2.9	0.383642274599	10.7828389897	0.194355581753	0.0	0.0181928152148	0.0	0.0	0.0	0.0	0.0	1.16099071207	0.0	0.207810384627	0.0172913826167	0.0181591336701	0.0164953725762	0.0181928152148	0.015	15.0	-1000.0	0.0	1000.0	15.0	14.9791624972	0.02	0.0181928152148	-2.51866186168	14.9791658326	15.0	1.3688010967
3.0	0.381823266061	10.780928469	0.19262083885	0.0	0.0201068798838	0.0	0.0	0.0	0.0	0.0	1.16099071207	0.0	0.20781021118	0.0191060976204	0.0200696481218	0.0182155431745	0.0201068798838	0.015	15.0	-1000.0	0.0	1000.0	15.0	14.9791588097	0.02	0.0201068798838	-2.5186597595	14.9791624972	15.0	1.36880092325
3.1	0.379813382277	10.7788169437	0.190705294362	0.0	0.0222223227229	0.0	0.0	0.0	0.0	0.0	1.16099071207	0.0	0.20781001942	0.0211106879599	0.022181165765	0.0201129953052	0.0222223227229	0.015	15.0	-1000.0	0.0	1000.0	15.0	14.9791547326	0.02	0.0222223227229	-2.51865743537	14.9791588097	15.0	1.36880073149
3.2	0.377592658718	10.7764832665	0.188590341453	0.0	0.0245603305169	0.0	0.0	0.0	0.0	0.0	1.16099071207	0.0	0.207809807406	0.0233248786051	0.0245148336085	0.0222054438673	0.0245603305169	0.015	15.0	-1000.0	0.0	1000.0	15.0	14.9791502248	0.02	0.0245603305169	-2.51865486576	14.9791547326	15.0	1.36880051948
3.3	0.375139058677	10.7739040653	0.186255521697	0.0	0.0271443190308	0.0	0.0	0.0	0.0	0.0	1.16099071207	0.0	0.20780957299	0.0257704068125	0.0270940233845	0.0245122131063	0.0271443190308	0.015	15.0	-1000.0	0.0	1000.0	15.0	14.9791452405	0.02	0.0271443190308	-2.51865202464	14.9791502248	15.0	1.36880028506
3.4	0.372428262381	10.7710535091	0.183678359387	0.0	0.0300001674887	0.0	0.0	0.0	0.0	0.0	1.16099071207	0.0	0.207809313793	0.0284712170861	0.0299445655636	0.027054329985	0.0300001674887	0.015	15.0	-1000.0	0.0	1000.0	15.0	14.9791397289	0.02	0.0300001674887	-2.51864888317	14.9791452405	15.0	1.36880002587
3.5	0.369433435842	10.7679030496	0.180834187243	0.0	0.0331564777096	0.0	0.0	0.0	0.0	0.0	1.16099071207	0.0	0.207809027182	0.0314536718045	0.0330950079735	0.0298546018523	0.0331564777096	0.015	15.0	-1000.0	0.0	1000.0	15.0	14.9791336341	0.02	0.0331564777096	-2.51864540944	14.9791397289	15.0	1.36879973926
3.6	0.366124977856	10.7644211351	0.177695965621	0.0	0.0366448604864	0.0	0.0	0.0	0.0	0.0	1.16099071207	0.0	0.20780871024	0.0347467776071	0.0365769016038	0.0329376669307	0.0366448604864	0.015	15.0	-1000.0	0.0	1000.0	15.0	14.979126894	0.02	0.0366448604864	-2.51864156811	14.9791336341	15.0	1.36879942231
3.7	0.362470243629	10.7605728948	0.174234098776	0.0	0.0405002520679	0.0	0.0	0.0	0.0	0.0	1.16099071207	0.0	0.207808359739	0.038382427074	0.0404251164467	0.03633000057	0.0405002520679	0.015	15.0	-1000.0	0.0	1000.0	15.0	14.9791194397	0.02	0.0405002520679	-2.51863732003	14.979126894	15.0	1.36879907181
3.8	0.358433243541	10.7563197895	0.170416253794	0.0	0.044761263897	0.0	0.0	0.0	0.0	0.0	1.16099071207	0.0	0.207807972098	0.042395654392	0.0446781905199	0.0400598518059	0.044761263897	0.015	15.0	-1000.0	0.0	1000.0	15.0	14.9791111949	0.02	0.044761263897	-2.51863262182	14.9791194397	15.0	1.36879868417
3.9	0.353974315803	10.7516192263	0.166207190999	0.0	0.0494705690845	0.0	0.0	0.0	0.0	0.0	1.16099071207	0.0	0.207807543352	0.0468249024174	0.0493787155423	0.0441570719184	0.0494705690845	0.015	15.0	-1000.0	0.0	1000.0	15.0	14.9791020751	0.02	0.0494705690845	-2.51862742542	14.9791111949	15.0	1.36879825543
4.0	0.349049744551	10.7464241018	0.161568597284	0.0	0.0546753598359	0.0	0.0	0.0	0.0	0.0	1.16099071207	0.0	0.207807069104	0.0517123251425	0.0545737934118	0.0486528030002	0.0546753598359	0.015	15.0	-1000.0	0.0	1000.0	15.0	14.9790919865	0.02	0.0546753598359	-2.51862167755	14.9791020751	15.0	1.36879778118
4.1	0.343611455196	10.7406824159	0.156459049823	0.0	0.0604277344513	0.0	0.0	0.0	0.0	0.0	1.16099071207	0.0	0.207806544478	0.0571039813853	0.0603154223653	0.0535788100678	0.0604277344513	0.015	15.0	-1000.0	0.0	1000.0	15.0	14.9790808253	0.02	0.0604277344513	-2.51861531907	14.9790919865	15.0	1.36879725655
4.2	0.337606533399	10.7343366715	0.150833936588	0.0	0.0667852985991	0.0	0.0	0.0	0.0	0.0	1.16099071207	0.0	0.207805964068	0.0630501711693	0.0666610969852	0.0589665595438	0.0667852985991	0.015	15.0	-1000.0	0.0	1000.0	15.0	14.9790684759	0.02	0.0667852985991	-2.5186082845	14.9790808253	15.0	1.36879667614
4.3	0.330976821708	10.7273233335	0.144645585643	0.0	0.0738117080495	0.0	0.0	0.0	0.0	0.0	1.16099071207	0.0	0.207805321874	0.069605634971	0.0736743497404	0.0648455754002	0.0738117080495	0.015	15.0	-1000.0	0.0	1000.0	15.0	14.9790548103	0.02	0.0738117080495	-2.51860050111	14.9790684759	15.0	1.36879603395
4.4	0.323658442864	10.7195721651	0.137843569966	0.0	0.0815773329268	0.0	0.0	0.0	0.0	0.0	1.16099071207	0.0	0.207804611237	0.0768297508655	0.0814254137783	0.0712408544824	0.0815773329268	0.015	15.0	-1000.0	0.0	1000.0	15.0	14.9790396863	0.02	0.0815773329268	-2.51859188819	14.9790548103	15.0	1.36879532331
4.5	0.315581356551	10.7110055527	0.130375371137	0.0	0.0901599349577	0.0	0.0	0.0	0.0	0.0	1.16099071207	0.0	0.207803824757	0.0847865771595	0.0899918986361	0.0781686182579	0.0901599349577	0.015	15.0	-1000.0	0.0	1000.0	15.0	14.9790229458	0.02	0.0901599349577	-2.51858235606	14.9790396863	15.0	1.36879453683
4.6	0.306668888954	10.7015377218	0.122187576412	0.0	0.0996454524302	0.0	0.0	0.0	0.0	0.0	1.16099071207	0.0	0.207802954215	0.0935447519473	0.0994595733987	0.085629396324	0.0996454524302	0.015	15.0	-1000.0	0.0	1000.0	15.0	14.979004413	0.02	0.0996454524302	-2.51857180509	14.9790229458	15.0	1.36879366629
4.7	0.296837298896	10.6910738874	0.11322798772	0.0	0.110128852266	0.0	0.0	0.0	0.0	0.0	1.16099071207	0.0	0.207801990472	0.103177091684	0.109923216765	0.0935964623154	0.110128852266	0.015	15.0	-1000.0	0.0	1000.0	15.0	14.9789838925	0.02	0.110128852266	-2.51856012453	14.979004413	15.0	1.36879270255
4.8	0.285995405278	10.6795093139	0.103449258616	0.0	0.121715071696	0.0	0.0	0.0	0.0	0.0	1.16099071207	0.0	0.207800923362	0.113759718799	0.121487556456	0.101996027117	0.121715071696	0.015	15.0	-1000.0	0.0	1000.0	15.0	14.9789611666	0.02	0.121715071696	-2.51854719115	14.9789838925	15.0	1.36879163544
4.9	0.274044317933	10.6667282544	0.0928151894729	0.0	0.134520081291	0.0	0.0	0.0	0.0	0.0	1.16099071207	0.0	0.207799741568	0.125370434582	0.134268329626	0.110672214364	0.134520081291	0.015	15.0	-1000.0	0.0	1000.0	15.0	14.9789359929	0.02	0.134520081291	-2.5185328678	14.9789611666	15.0	1.36879045364
5.0	0.260877387649	10.6526027732	0.0813118587181	0.0	0.148672065354	0.0	0.0	0.0	0.0	0.0	1.16099071207	0.0	0.207798432483	0.138085804452	0.148393460278	0.119322674821	0.148672065354	0.015	15.0	-1000.0	0.0	1000.0	15.0	14.978908101	0.02	0.148672065354	-2.5185170017	14.9789359929	15.0	1.36878914456
5.1	0.246380561389	10.6369914459	0.0689679491144	0.0	0.164312724224	0.0	0.0	0.0	0.0	0.0	1.16099071207	0.0	0.207796982049	0.151976033936	0.164004358162	0.127375214512	0.164312724224	0.015	15.0	-1000.0	0.0	1000.0	15.0	14.9788771892	0.02	0.164312724224	-2.51849942243	14.978908101	15.0	1.36878769412
5.2	0.230434054635	10.6197387957	0.0558916421682	0.0	0.181597839946	0.0	0.0	0.0	0.0	0.0	1.16099071207	0.0	0.20779537457	0.167095192515	0.181256482242	0.133740701858	0.181597839946	0.015	15.0	-1000.0	0.0	1000.0	15.0	14.9788429218	0.02	0.181597839946	-2.51847993978	14.9788771892	15.0	1.36878608664
5.3	0.212913363406	10.6006721178	0.042345141455	0.0	0.200700458216	0.0	0.0	0.0	0.0	0.0	1.16099071207	0.0	0.207793592595	0.183466542971	0.200322515171	0.136316785797	0.200700458216	0.015	15.0	-1000.0	0.0	1000.0	15.0	14.9788049219	0.02	0.200700458216	-2.51845834226	14.9788429218	15.0	1.36878430467
5.4	0.193692377092	10.579598134	0.0288882642975	0.0	0.221814241586	0.0	0.0	0.0	0.0	0.0	1.16099071207	0.0	0.207791616518	0.201054096128	0.221395708282	0.131070892533	0.221814241586	0.015	15.0	-1000.0	0.0	1000.0	15.0	14.9787627622	0.02	0.221814241586	-2.5184343922	14.9788049219	15.0	1.36878232859
5.5	0.172661568181	10.5563124625	0.0166193580751	0.0	0.245143981558	0.0	0.0	0.0	0.0	0.0	1.16099071207	0.0	0.207789424128	0.219695835996	0.244680409812	0.111256336092	0.245143981558	0.015	15.0	-1000.0	0.0	1000.0	15.0	14.9787159824	0.02	0.245143981558	-2.51840782043	14.9787627622	15.0	1.3687801362
5.6	0.149729320847	10.5305787978	0.00729747870417	0.0	0.270926460866	0.0	0.0	0.0	0.0	0.0	1.16099071207	0.0	0.207786991483	0.239001928379	0.270412884377	0.0724272047244	0.270926460866	0.015	15.0	-1000.0	0.0	1000.0	15.0	14.9786640445	0.02	0.270926460866	-2.51837833678	14.9787159824	15.0	1.36877770356
5.7	0.124867199031	10.5021389085	0.00225858524172	0.0	0.29942043714	0.0	0.0	0.0	0.0	0.0	1.16099071207	0.0	0.207784290602	0.258083207023	0.298851312479	0.0303822805021	0.29942043714	0.015	15.0	-1000.0	0.0	1000.0	15.0	14.9786063489	0.02	0.29942043714	-2.51834560209	14.9786640445	15.0	1.36877500268
5.8	0.0981848489134	10.4707084346	0.000510499502044	0.0	0.330910856162	0.0	0.0	0.0	0.0	0.0	1.16099071207	0.0	0.207781290313	0.274911993499	0.330279991511	0.00823626100744	0.330910856162	0.015	15.0	-1000.0	0.0	1000.0	15.0	14.9785422224	0.02	0.330910856162	-2.51830923859	14.9786063489	15.0	1.36877200239
5.9	0.0701165454769	10.4359726335	9.14922020614e-05	0.0	0.36571311612	0.0	0.0	0.0	0.0	0.0	1.16099071207	0.0	0.207777955597	0.284548638679	0.365013586523	0.00166537646781	0.36571311612	0.015	15.0	-1000.0	0.0	1000.0	15.0	14.9784709033	0.02	0.36571311612	-2.51826882184	14.9785422224	15.0	1.36876866767
6.0	0.0419350171064	10.397583901	1.34211956615e-05	0.0	0.404175554306	0.0	0.0	0.0	0.0	0.0	1.16099071207	0.0	0.20777424686	0.273659547953	0.403399605567	0.00027104407302	0.404175554306	0.015	15.0	-1000.0	0.0	1000.0	15.0	14.9783915307	0.02	0.404175554306	-2.51822387194	14.9784709033	15.0	1.36876495893
6.1	0.0172241258832	10.3551580989	1.60427533885e-06	0.0	0.4466831304	0.0	0.0	0.0	0.0	0.0	1.16099071207	0.0	0.207770119315	0.206686558391	0.445822067607	3.58272626793e-05	0.4466831304	0.015	15.0	-1000.0	0.0	1000.0	15.0	14.9783031273	0.02	0.4466831304	-2.5181738461	14.9783915307	15.0	1.36876083139
6.2	0.0032984706086	10.3082706311	1.53411975768e-07	0.0	0.493661362531	0.0	0.0	0.0	0.0	0.0	1.16099071207	0.0	0.207765522158	0.0698898877212	0.492705420573	3.78664920345e-06	0.493661362531	0.015	15.0	-1000.0	0.0	1000.0	15.0	14.9782045819	0.02	0.493661362531	-2.51811812855	14.9783031273	15.0	1.36875623423
6.3	0.000285941041653	10.2564525371	1.14339443259e-08	0.0	0.545580246947	0.0	0.0	0.0	0.0	0.0	1.16099071207	0.0	0.207760397589	0.00769024142371	0.544518440365	3.11906530128e-07	0.545580246947	0.015	15.0	-1000.0	0.0	1000.0	15.0	14.9780946269	0.02	0.545580246947	-2.51805601878	14.9782045819	15.0	1.36875110966
6.4	1.64446226545e-05	10.1991853134	6.48751061287e-10	0.0	0.602959454269	0.0	0.0	0.0	0.0	0.0	1.16099071207	0.0	0.207754679703	0.000495364730767	0.601779400408	1.95585286591e-08	0.602959454269	0.015	15.0	-1000.0	0.0	1000.0	15.0	14.9779718114	0.02	0.602959454269	-2.517986718	14.9780946269	15.0	1.36874539178
6.5	6.91249495511e-07	10.1358959707	2.72488301684e-11	0.0	0.666373290265	0.0	0.0	0.0	0.0	0.0	1.16099071207	0.0	0.207748293043	2.30307140374e-05	0.665061001733	9.07894629523e-10	0.666373290265	0.015	15.0	-1000.0	0.0	1000.0	15.0	14.9778344689	0.02	0.666373290265	-2.51790931169	14.9779718114	15.0	1.36873900512
6.6	2.06751605056e-08	10.0659508441	8.14980503102e-13	0.0	0.736456910148	0.0	0.0	0.0	0.0	0.0	1.16099071207	0.0	0.207741150947	7.6131745412e-07	0.734996548262	3.00099011561e-11	0.736456910148	0.015	15.0	-1000.0	0.0	1000.0	15.0	14.9776806768	0.02	0.736456910148	-2.51782274948	14.9778344689	15.0	1.36873186302
6.7	4.79198490492e-10	9.98864323957	1.88891901938e-14	0.0	0.813918711096	0.0	0.0	0.0	0.0	0.0	1.16099071207	0.0	0.207733153436	1.95014304197e-08	0.812292279438	7.68713266809e-13	0.813918711096	0.015	15.0	-1000.0	0.0	1000.0	15.0	14.9775081943	0.02	0.813918711096	-2.51772581965	14.9776806768	15.0	1.36872386551
6.8	-8.10360096994e-13	9.90318560214	-3.19429968093e-17	0.0	0.899548201112	0.0	0.0	0.0	0.0	0.0	1.16099071207	0.0	0.207724183988	-3.64478983767e-11	0.897735178083	-1.4367132659e-15	0.899548201112	0.015	15.0	-1000.0	0.0	1000.0	15.0	14.9773143991	0.02	0.899548201112	-2.51761710993	14.9775081943	15.0	1.36871489606
6.9	5.53481737354e-15	9.80873587813	2.18172952647e-19	0.0	0.994189595946	0.0	0.0	0.0	0.0	0.0	1.16099071207	0.0	0.207714106235	2.75132892411e-13	0.99216656957	1.08452639819e-17	0.994189595946	0.015	15.0	-1000.0	0.0	1000.0	15.0	14.9770962898	0.02	0.994189595946	-2.51749496757	14.9773143991	15.0	1.36870481831
7.0	-5.37458499272e-17	9.70435128032	-2.11856868635e-21	0.0	1.098788186	0.0	0.0	0.0	0.0	0.0	1.16099071207	0.0	0.207702764095	-2.95276524733e-15	1.09652831662	-1.1639291219e-19	1.098788186	0.015	15.0	-1000.0	0.0	1000.0	15.0	14.9768503068	0.02	1.098788186	-2.51735750083	14.9770962898	15.0	1.36869347617
7.1	5.91661925324e-19	9.58898710519	2.33222924112e-23	0.0	1.21439155779	0.0	0.0	0.0	0.0	0.0	1.16099071207	0.0	0.20768997247	3.59254623588e-17	1.21186394162	1.41611975062e-21	1.21439155779	0.015	15.0	-1000.0	0.0	1000.0	15.0	14.9765722301	0.02	1.21439155779	-2.51720246634	14.9768503068	15.0	1.36868068454
7.2	-6.57746625218e-21	9.46148888082	-2.59272372773e-25	0.0	1.34215751053	0.0	0.0	0.0	0.0	0.0	1.16099071207	0.0	0.207675511902	-4.4139978653e-19	1.33932639924	-1.73992181194e-23	1.34215751053	0.015	15.0	-1000.0	0.0	1000.0	15.0	14.9762570291	0.02	1.34215751053	-2.51702720425	14.9765722301	15.0	1.36866622398
7.3	6.83994807397e-23	9.3205808606	2.69618953378e-27	0.0	1.48336564994	0.0	0.0	0.0	0.0	0.0	1.16099071207	0.0	0.207659120793	5.07307201017e-21	1.48018947563	1.99971747007e-25	1.48336564994	0.015	15.0	-1000.0	0.0	1000.0	15.0	14.9758986609	0.02	1.48336564994	-2.51682854401	14.9762570291	15.0	1.36864983287
7.4	-6.27264829388e-25	9.16485332013	-2.47256974705e-29	0.0	1.63943020115	0.0	0.0	0.0	0.0	0.0	1.16099071207	0.0	0.207640484903	-5.14178452709e-23	1.63586034512	-2.02680275888e-27	1.63943020115	0.015	15.0	-1000.0	0.0	1000.0	15.0	14.9754898044	0.02	1.63943020115	-2.51660267702	14.9758986609	15.0	1.36863119698
7.5	4.82275621947e-27	8.99274853687	1.90104730362e-31	0.0	1.81191416855	0.0	0.0	0.0	0.0	0.0	1.16099071207	0.0	0.207619223517	4.36921016276e-25	1.80789338807	1.72226727226e-29	1.81191416855	0.015	15.0	-1000.0	0.0	1000.0	15.0	14.9750215052	0.02	1.81191416855	-2.51634498902	14.9754898044	15.0	1.36860993559
7.6	-2.96469556307e-29	8.80254532154	-1.16863184656e-33	0.0	2.00254498397	0.0	0.0	0.0	0.0	0.0	1.16099071207	0.0	0.207594870982	-2.96846811442e-27	1.99800537571	-1.17011892122e-31	2.00254498397	0.015	15.0	-1000.0	0.0	1000.0	15.0	14.9744826942	0.02	2.00254498397	-2.5160498363	14.9750215052	15.0	1.36858558306
7.7	1.38791036823e-31	8.59234196011	5.4709032411e-36	0.0	2.21323179878	0.0	0.0	0.0	0.0	0.0	1.16099071207	0.0	0.207566851691	1.53588368041e-29	2.2080921241	6.05418851063e-34	2.21323179878	0.015	15.0	-1000.0	0.0	1000.0	15.0	14.9738595259	0.02	2.21323179878	-2.5157102425	14.9744826942	15.0	1.36855756377
7.8	-4.68196352661e-34	8.36003741595	-1.84554925295e-38	0.0	2.44608459188	0.0	0.0	0.0	0.0	0.0	1.16099071207	0.0	0.207534445638	-5.72623942109e-32	2.44024670723	-2.2571847956e-36	2.44608459188	0.015	15.0	-1000.0	0.0	1000.0	15.0	14.9731344484	0.02	2.44608459188	-2.51531748114	14.9738595259	15.0	1.36852515771
7.9	1.06886253072e-36	8.10330923697	4.21327170506e-41	0.0	2.70343669051	0.0	0.0	0.0	0.0	0.0	1.16099071207	0.0	0.207496740102	1.44480109133e-34	2.69678069205	5.69515665727e-39	2.70343669051	0.015	15.0	-1000.0	0.0	1000.0	15.0	14.9722848695	0.02	2.70343669051	-2.51486049003	14.9731344484	15.0	1.36848745218
8.0	-1.47994318429e-39	7.81959477204	-5.83368072531e-44	0.0	2.98786409983	0.0	0.0	0.0	0.0	0.0	1.16099071207	0.0	0.207452560232	-2.21093455506e-37	2.98024160354	-8.7151226045e-42	2.98786409983	0.015	15.0	-1000.0	0.0	1000.0	15.0	14.9712812205	0.02	2.98786409983	-2.51432503002	14.9722848695	15.0	1.36844327231
8.1	1.08472252235e-42	7.50606246052	4.275789056e-47	0.0	3.30221504483	0.0	0.0	0.0	0.0	0.0	1.16099071207	0.0	0.207400368395	1.79099351638e-40	3.29343963255	7.05978747461e-45	3.30221504483	0.015	15.0	-1000.0	0.0	1000.0	15.0	14.9700840139	0.02	3.30221504483	-2.51369246495	14.9712812205	15.0	1.36839108047
8.2	-3.15763205835e-46	7.15958572201	-1.24468408464e-50	0.0	3.64963723268	0.0	0.0	0.0	0.0	0.0	1.16099071207	0.0	0.207338111164	-5.76210576363e-44	3.63947052565	-2.27132268912e-48	3.64963723268	0.015	15.0	-1000.0	0.0	1000.0	15.0	14.9686393042	0.02	3.64963723268	-2.51293790731	14.9700840139	15.0	1.36832882324
8.3	5.57772015623e-51	6.77671325856	2.1986410629e-55	0.0	4.03360927037	0.0	0.0	0.0	0.0	0.0	1.16099071207	0.0	0.207262983256	1.12491718648e-48	4.02173997674	4.43422948676e-53	4.03360927037	0.015	15.0	-1000.0	0.0	1000.0	15.0	14.9668713929	0.02	4.03360927037	-2.51202735707	14.9686393042	15.0	1.36825369533
8.4	-3.15161773138e-54	6.35363638898	-1.24231334026e-58	0.0	4.45797596895	0.0	0.0	0.0	0.0	0.0	1.16099071207	0.0	0.20717104819	-7.02491805489e-52	4.44398716979	-2.76910150838e-56	4.45797596895	0.015	15.0	-1000.0	0.0	1000.0	15.0	14.9646706161	0.02	4.45797596895	-2.51091310406	14.9668713929	15.0	1.36816176026
8.5	4.31159255135e-58	5.88615542127	1.69955540256e-62	0.0	4.9269862154	0.0	0.0	0.0	0.0	0.0	1.16099071207	0.0	0.207056603217	1.06215785335e-55	4.91030197375	4.18684302037e-60	4.9269862154	0.015	15.0	-1000.0	0.0	1000.0	15.0	14.9618718736	0.02	4.9269862154	-2.50952603099	14.9646706161	15.0	1.36804731529
8.6	7.17096239583e-62	5.36964392034	2.82666966695e-66	0.0	5.44533580038	0.0	0.0	0.0	0.0	0.0	1.16099071207	0.0	0.206911062784	1.95241491286e-59	5.42512913782	7.69608276666e-64	5.44533580038	0.015	15.0	-1000.0	0.0	1000.0	15.0	14.9582145072	0.02	5.44533580038	-2.50776208095	14.9618718736	15.0	1.36790177486
8.7	2.62590916874e-65	4.7990137887	1.03508809361e-69	0.0	6.01821511584	0.0	0.0	0.0	0.0	0.0	1.16099071207	0.0	0.206720872123	7.90164312607e-63	5.99323815839	3.11469140558e-67	6.01821511584	0.015	15.0	-1000.0	0.0	1000.0	15.0	14.953261455	0.02	6.01821511584	-2.50545697014	14.9582145072	15.0	1.3677115842
8.8	7.57140355549e-69	4.16871369372	2.98451666399e-73	0.0	6.65133415882	0.0	0.0	0.0	0.0	0.0	1.16099071207	0.0	0.20646330311	2.51799675494e-66	6.61957579744	9.92550881738e-71	6.65133415882	0.015	15.0	-1000.0	0.0	1000.0	15.0	14.9462200293	0.02	6.65133415882	-2.50233523369	14.953261455	15.0	1.36745401518
8.9	1.91227793231e-72	3.47266410282	7.53786971409e-77	0.0	7.35104311125	0.0	0.0	0.0	0.0	0.0	1.16099071207	0.0	0.206097134324	7.02861876054e-70	7.30894892243	2.77056026176e-74	7.35104311125	0.015	15.0	-1000.0	0.0	1000.0	15.0	14.9354869066	0.02	7.35104311125	-2.497897268	14.9462200293	15.0	1.3670878464
9.0	-6.87592192926e-76	2.70436112664	-2.71036980518e-80	0.0	8.12436439254	0.0	0.0	0.0	0.0	0.0	1.16099071207	0.0	0.205538989619	-2.7931247644e-73	8.06472204694	-1.10100159679e-77	8.12436439254	0.015	15.0	-1000.0	0.0	1000.0	15.0	14.9172599778	0.02	8.12436439254	-2.49113255419	14.9354869066	15.0	1.36652970169
9.1	1.37544760594e-79	1.85730690275	5.42177717856e-84	0.0	8.97896033776	0.0	0.0	0.0	0.0	0.0	1.16099071207	0.0	0.204591151408	6.17504475021e-77	8.88330245333	2.43409611232e-81	8.97896033776	0.015	15.0	-1000.0	0.0	1000.0	15.0	14.8798273939	0.02	8.97896033776	-2.47964475506	14.9172599778	15.0	1.36558186348
9.2	-3.18661220496e-84	0.926876462348	-1.25610755765e-88	0.0	9.92343761503	0.0	0.0	0.0	0.0	0.0	1.16099071207	0.0	0.20264457918	-1.58110737096e-81	9.71383397591	-6.23245249305e-86	9.92343761503	0.015	15.0	-1000.0	0.0	1000.0	15.0	14.7611151685	0.02	9.92343761503	-2.45605229966	14.8798273939	15.0	1.36363529125
9.3	7.81991457654e-97	0.00240463495923	3.08247542155e-101	0.0	10.9671353905	0.0	0.0	0.0	0.0	0.0	1.16099071207	0.0	0.19647129653	4.28810309517e-94	1.1770759582	1.69029626431e-98	10.9671353905	0.015	15.0	-1000.0	0.0	1000.0	15.0	2.07240912969	0.02	10.9671353905	-2.38123211395	14.7611151685	15.0	1.3574620086
9.4	4.55902870948e-105	1.81152817204e-11	1.79709046762e-109	0.0	12.1205591403	0.0	0.0	0.0	0.0	0.347703032451	0.219070732525	0.0	0.0	2.76289885478e-102	1.09783671618e-08	1.08908706466e-106	12.1205591403	0.015	15.0	-1000.0	0.0	1000.0	15.0	1.81152816985e-08	0.02	12.1205591403	13.7099305695	2.07240912969	15.0	0.566773764976
9.5	1.01285175075e-108	4.02456169017e-15	3.99248687048e-113	0.0	13.3956659623	0.0	0.0	0.0	0.0	0.428571427865	1.91493458051e-09	0.0	0.0	6.7839118612e-106	2.69558420231e-12	2.67410102379e-110	13.3956659623	0.015	15.0	-1000.0	0.0	1000.0	15.0	4.02456169017e-12	0.02	13.3956659623	16.8985714007	1.81152816985e-08	15.0	0.428571429779
9.6	1.52552589663e-112	6.06167001365e-19	6.01335990912e-117	0.0	14.805023934	0.0	0.0	0.0	0.0	0.428571428571	4.25423610716e-13	0.0	0.0	1.12927237058e-109	4.48715848161e-16	4.45139686893e-114	14.805023934	0.015	15.0	-1000.0	0.0	1000.0	15.0	6.06167001365e-16	0.02	14.805023934	16.8985714286	4.02456169017e-12	15.0	0.428571428572
9.7	2.21634086578e-116	8.8066200567e-23	8.73643333902e-121	0.0	16.3626604555	0.0	0.0	0.0	0.0	0.428571428571	0.0	0.0	0.0	1.81326165202e-113	7.2049866874e-20	7.14756461591e-118	16.3626604555	0.015	15.0	-1000.0	0.0	1000.0	15.0	8.8066200567e-20	0.02	16.3626604555	16.8985714286	6.06167001365e-16	15.0	0.428571428571
9.8	3.13200053349e-120	1.24449894702e-26	1.23458057876e-124	0.0	18.0841759104	0.0	0.0	0.0	0.0	0.428571428571	0.0	0.0	0.0	2.83198242995e-117	1.12528689391e-23	1.11631861809e-121	18.0841759104	0.015	15.0	-1000.0	0.0	1000.0	15.0	1.24449894702e-23	0.02	18.0841759104	16.8985714286	8.8066200567e-20	15.0	0.428571428571
9.9	4.35383587029e-124	1.72999464906e-30	1.71620699215e-128	0.0	19.9868120009	0.0	0.0	0.0	0.0	0.428571428571	0.0	0.0	0.0	4.35096495111e-121	1.72885389066e-27	1.71507532533e-125	19.9868120009	0.015	15.0	-1000.0	0.0	1000.0	15.0	1.72999464906e-27	0.02	19.9868120009	16.8985714286	1.24449894702e-23	15.0	0.428571428571
10.0	6.03360073907e-128	2.39744843644e-34	2.37834132888e-132	0.0	22.0896244284	0.0	0.0	0.0	0.0	0.428571428571	0.0	0.0	0.0	6.66399871385e-125	2.64793677738e-31	2.62683333587e-129	22.0896244284	0.015	15.0	-1000.0	0.0	1000.0	15.0	2.39744843644e-31	0.02	22.0896244284	16.8985714286	1.72999464906e-27	15.0	0.428571428571
10.1	8.45234388172e-132	3.35853489566e-38	3.33176815068e-136	0.0	24.4136737448	0.0	0.0	0.0	0.0	0.428571428571	0.0	0.0	0.0	1.03176382953e-128	4.09970876016e-35	4.06703503119e-133	24.4136737448	0.015	15.0	-1000.0	0.0	1000.0	15.0	3.35853489566e-35	0.02	24.4136737448	16.8985714286	2.39744843644e-31	15.0	0.428571428571
10.2	1.21236548013e-135	4.81732856904e-42	4.77893557678e-140	0.0	26.9822362824	0.0	0.0	0.0	0.0	0.428571428571	0.0	0.0	0.0	1.63561659228e-132	6.49911488499e-39	6.44731844554e-137	26.9822362824	0.015	15.0	-1000.0	0.0	1000.0	15.0	4.81732856904e-39	0.02	26.9822362824	16.8985714286	3.35853489566e-35	15.0	0.428571428571
10.3	1.79889985388e-139	7.14792017624e-46	7.09095291024e-144	0.0	29.8210372764	0.0	0.0	0.0	0.0	0.428571428571	0.0	0.0	0.0	2.68225297996e-136	1.06579197012e-42	1.05729785531e-140	29.8210372764	0.015	15.0	-1000.0	0.0	1000.0	15.0	7.14792017624e-43	0.02	29.8210372764	16.8985714286	4.81732856904e-39	15.0	0.428571428571
10.4	2.78038616849e-143	1.10478514472e-49	1.09598026602e-147	0.0	32.9585085141	0.0	0.0	0.0	0.0	0.428571428571	0.0	0.0	0.0	4.58186906033e-140	1.82060352993e-46	1.80609374644e-144	32.9585085141	0.015	15.0	-1000.0	0.0	1000.0	15.0	1.10478514472e-46	0.02	32.9585085141	16.8985714286	7.14792017624e-43	15.0	0.428571428571
10.5	4.49174708647e-147	1.78479360748e-53	1.77056922166e-151	0.0	36.4260730907	0.0	0.0	0.0	0.0	0.428571428571	0.0	0.0	0.0	8.18083538384e-144	3.25065111989e-50	3.22474419403e-148	36.4260730907	0.015	15.0	-1000.0	0.0	1000.0	15.0	1.78479360748e-50	0.02	36.4260730907	16.8985714286	1.10478514472e-46	15.0	0.428571428571
10.6	7.58683358258e-151	3.0146247878e-57	2.99059893096e-155	0.0	40.2584601255	0.0	0.0	0.0	0.0	0.428571428571	0.0	0.0	0.0	1.52717118632e-147	6.06820759065e-54	6.01984539068e-152	40.2584601255	0.015	15.0	-1000.0	0.0	1000.0	15.0	3.0146247878e-54	0.02	40.2584601255	16.8985714286	1.78479360748e-50	15.0	0.428571428571
10.7	1.33684064005e-154	5.31193005445e-61	5.26959520868e-159	0.0	44.4940525881	0.0	0.0	0.0	0.0	0.428571428571	0.0	0.0	0.0	2.97407288702e-151	1.18174647593e-57	1.17232823166e-155	44.4940525881	0.015	15.0	-1000.0	0.0	1000.0	15.0	5.31193005445e-58	0.02	44.4940525881	16.8985714286	3.0146247878e-54	15.0	0.428571428571
10.8	2.44762278418e-158	9.72561774075e-65	9.64810681097e-163	0.0	49.1752717202	0.0	0.0	0.0	0.0	0.428571428571	0.0	0.0	0.0	6.01812577402e-155	2.39129947524e-61	2.37224137008e-159	49.1752717202	0.015	15.0	-1000.0	0.0	1000.0	15.0	9.72561774075e-62	0.02	49.1752717202	16.8985714286	5.31193005445e-58	15.0	0.428571428571
10.9	4.63297630093e-162	1.84091097568e-68	1.82623933969e-166	0.0	54.3490019024	0.0	0.0	0.0	0.0	0.428571428571	0.0	0.0	0.0	1.25898818897e-158	5.00258370597e-65	4.96271426735e-163	54.3490019024	0.015	15.0	-1000.0	0.0	1000.0	15.0	1.84091097568e-65	0.02	54.3490019024	16.8985714286	9.72561774075e-62	15.0	0.428571428571
11.0	9.01613649222e-166	3.58255764449e-72	3.55400548348e-170	0.0	60.0670602208	0.0	0.0	0.0	0.0	0.428571428571	0.0	0.0	0.0	2.70786406818e-162	1.07596852888e-68	1.06739330701e-166	60.0670602208	0.015	15.0	-1000.0	0.0	1000.0	15.0	3.58255764449e-69	0.02	60.0670602208	16.8985714286	1.84091097568e-65	15.0	0.428571428571
11.1	1.79396836278e-169	7.12832495187e-76	7.07151384714e-174	0.0	66.3867154367	0.0	0.0	0.0	0.0	0.428571428571	0.0	0.0	0.0	5.95478336012e-166	2.3661304006e-72	2.34727288738e-170	66.3867154367	0.015	15.0	-1000.0	0.0	1000.0	15.0	7.12832495187e-73	0.02	66.3867154367	16.8985714286	3.58255764449e-69	15.0	0.428571428571
11.2	3.63067071621e-173	1.44264532653e-79	1.43114777713e-177	0.0	73.3712615578	0.0	0.0	0.0	0.0	0.428571428571	0.0	0.0	0.0	1.33193445375e-169	5.29243537939e-76	5.2502558942e-174	73.3712615578	0.015	15.0	-1000.0	0.0	1000.0	15.0	1.44264532653e-76	0.02	73.3712615578	16.8985714286	7.12832495187e-73	15.0	0.428571428571
11.3	7.43972252001e-177	2.95617028965e-83	2.93261029082e-181	0.0	81.0906517543	0.0	0.0	0.0	0.0	0.428571428571	0.0	0.0	0.0	3.01645974009e-173	1.19858887742e-79	1.18903639912e-177	81.0906517543	0.015	15.0	-1000.0	0.0	1000.0	15.0	2.95617028965e-80	0.02	81.0906517543	16.8985714286	1.44264532653e-76	15.0	0.428571428571
11.4	1.53784118072e-180	6.11060479251e-87	6.06190465675e-185	0.0	89.6221989689	0.0	0.0	0.0	0.0	0.428571428571	0.0	0.0	0.0	6.89123541406e-177	2.73822919267e-83	2.71640612639e-181	89.6221989689	0.015	15.0	-1000.0	0.0	1000.0	15.0	6.11060479251e-84	0.02	89.6221989689	16.8985714286	2.95617028965e-80	15.0	0.428571428571
11.5	3.19795462537e-184	1.27070578427e-90	1.26057854615e-188	0.0	99.0513502389	0.0	0.0	0.0	0.0	0.428571428571	0.0	0.0	0.0	1.58380861823e-180	6.29325618441e-87	6.24310035392e-185	99.0513502389	0.015	15.0	-1000.0	0.0	1000.0	15.0	1.27070578427e-87	0.02	99.0513502389	16.8985714286	6.11060479251e-84	15.0	0.428571428571
11.6	6.67947104682e-188	2.65408470405e-94	2.63293224761e-192	0.0	109.472542484	0.0	0.0	0.0	0.0	0.428571428571	0.0	0.0	0.0	3.65609338973e-184	1.4527470026e-90	1.44116893667e-188	109.472542484	0.015	15.0	-1000.0	0.0	1000.0	15.0	2.65408470405e-91	0.02	109.472542484	16.8985714286	1.27070578427e-87	15.0	0.428571428571
11.7	1.40067053035e-191	5.56555781406e-98	5.5212015736e-196	0.0	120.990148333	0.0	0.0	0.0	0.0	0.428571428571	0.0	0.0	0.0	8.4733667616e-188	3.36688832739e-94	3.34005498682e-192	120.990148333	0.015	15.0	-1000.0	0.0	1000.0	15.0	5.56555781406e-95	0.02	120.990148333	16.8985714286	2.65408470405e-91	15.0	0.428571428571
11.8	2.95118055142e-195	1.17265021783e-101	1.16330445965e-199	0.0	133.719521456	0.0	0.0	0.0	0.0	0.428571428571	0.0	0.0	0.0	1.97315225533e-191	7.84031129817e-98	7.7778257826e-196	133.719521456	0.015	15.0	-1000.0	0.0	1000.0	15.0	1.17265021783e-98	0.02	133.719521456	16.8985714286	5.56555781406e-95	15.0	0.428571428571
11.9	6.26018422969e-199	2.48748130443e-105	2.46765662599e-203	0.0	147.788151885	0.0	0.0	0.0	0.0	0.428571428571	0.0	0.0	0.0	4.62590528884e-195	1.83810132415e-101	1.82345206121e-199	147.788151885	0.015	15.0	-1000.0	0.0	1000.0	15.0	2.48748130443e-102	0.02	147.788151885	16.8985714286	1.17265021783e-98	15.0	0.428571428571
12.0	1.34115561676e-202	5.32907557346e-109	5.28660403805e-207	0.0	163.336942878	0.0	0.0	0.0	0.0	0.428571428571	0.0	0.0	0.0	1.09530129182e-198	4.35217456267e-105	4.3174887089e-203	163.336942878	0.015	15.0	-1000.0	0.0	1000.0	15.0	5.32907557346e-106	0.02	163.336942878	16.8985714286	2.48748130443e-102	15.0	0.428571428571
