time	[C]	[fba__B1]	[fba__B2]	[model__D]	[fba__A]	R3	fba__R1	fba__R2	model__R4	update__R3	bounds__k1	fba__lb	fba__ub	model__k_R4	ub_R1	vR3
0.0	0.0	0.0	0.0	0.0	10.0	1.0	1.0	1.0	0.0	1.0	-0.2	0.0	1000.0	0.1	1.0	1.0
0.1	0.099501661687	0.0	0.0	0.000498338313117	10.0	1.0	1.0	1.0	0.0099501661687	1.0	-0.2	0.0	1000.0	0.1	0.980198674204	1.0
0.2	0.196043027312	0.0	0.0	0.00197684010877	10.0	0.980198674204	0.980198674204	0.980198674204	0.0196043027312	0.980198674204	-0.2	0.0	1000.0	0.1	0.960789411728	0.980198674204
0.3	0.289692543682	0.0	0.0	0.00440626491183	10.0	0.960789411728	0.960789411728	0.960789411728	0.0289692543682	0.960789411728	-0.2	0.0	1000.0	0.1	0.941764450434	0.960789411728
0.4	0.3805171714	0.0	0.0	0.00775808223632	10.0	0.941764450434	0.941764450434	0.941764450434	0.03805171714	0.941764450434	-0.2	0.0	1000.0	0.1	0.923116209896	0.941764450434
0.5	0.468582545066	0.0	0.0	0.0120043295599	10.0	0.923116209896	0.923116209896	0.923116209896	0.0468582545066	0.923116209896	-0.2	0.0	1000.0	0.1	0.904837180412	0.923116209896
0.6	0.553952688754	0.0	0.0	0.0171179039139	10.0	0.904837180412	0.904837180412	0.904837180412	0.0553952688754	0.904837180412	-0.2	0.0	1000.0	0.1	0.886920181878	0.904837180412
0.7	0.636690439238	0.0	0.0	0.0230721716174	10.0	0.886920181878	0.886920181878	0.886920181878	0.0636690439238	0.886920181878	-0.2	0.0	1000.0	0.1	0.869358038017	0.886920181878
0.8	0.716857210483	0.0	0.0	0.029841204174	10.0	0.869358038017	0.869358038017	0.869358038017	0.0716857210483	0.869358038017	-0.2	0.0	1000.0	0.1	0.852143787981	0.869358038017
0.9	0.794513259911	0.0	0.0	0.0373995335441	10.0	0.852143787981	0.852143787981	0.852143787981	0.0794513259911	0.852143787981	-0.2	0.0	1000.0	0.1	0.835270480607	0.852143787981
1.0	0.869717492812	0.0	0.0	0.0457223487036	10.0	0.835270480607	0.835270480607	0.835270480607	0.0869717492812	0.835270480607	-0.2	0.0	1000.0	0.1	0.818731356858	0.835270480607
1.1	0.94252750303	0.0	0.0	0.054785474172	10.0	0.818731356858	0.818731356858	0.818731356858	0.094252750303	0.818731356858	-0.2	0.0	1000.0	0.1	0.802519840987	0.818731356858
1.2	1.01299965434	0.0	0.0	0.0645653069633	10.0	0.802519840987	0.802519840987	0.802519840987	0.101299965434	0.802519840987	-0.2	0.0	1000.0	0.1	0.786629492143	0.802519840987
1.3	1.08118909767	0.0	0.0	0.0750388128461	10.0	0.786629492143	0.786629492143	0.786629492143	0.108118909767	0.786629492143	-0.2	0.0	1000.0	0.1	0.771054009916	0.786629492143
1.4	1.14714986241	0.0	0.0	0.0861834490921	10.0	0.771054009916	0.771054009916	0.771054009916	0.114714986241	0.771054009916	-0.2	0.0	1000.0	0.1	0.755787166038	0.771054009916
1.5	1.21093488185	0.0	0.0	0.0979771462599	10.0	0.755787166038	0.755787166038	0.755787166038	0.121093488185	0.755787166038	-0.2	0.0	1000.0	0.1	0.740822797296	0.755787166038
1.6	1.27259587772	0.0	0.0	0.110398430117	10.0	0.740822797296	0.740822797296	0.740822797296	0.127259587772	0.740822797296	-0.2	0.0	1000.0	0.1	0.726154935877	0.740822797296
1.7	1.33218346547	0.0	0.0	0.123426335953	10.0	0.726154935877	0.726154935877	0.726154935877	0.133218346547	0.726154935877	-0.2	0.0	1000.0	0.1	0.711777731492	0.726154935877
1.8	1.389747177	0.0	0.0	0.137040397577	10.0	0.711777731492	0.711777731492	0.711777731492	0.1389747177	0.711777731492	-0.2	0.0	1000.0	0.1	0.697685449019	0.711777731492
1.9	1.44533687338	0.0	0.0	0.151219246096	10.0	0.697685449019	0.697685449019	0.697685449019	0.144533687338	0.697685449019	-0.2	0.0	1000.0	0.1	0.683871751217	0.697685449019
2.0	1.49899864904	0.0	0.0	0.165944645563	10.0	0.683871751217	0.683871751217	0.683871751217	0.149899864904	0.683871751217	-0.2	0.0	1000.0	0.1	0.670331770125	0.683871751217
2.1	1.55077891157	0.0	0.0	0.181197560045	10.0	0.670331770125	0.670331770125	0.670331770125	0.155077891157	0.670331770125	-0.2	0.0	1000.0	0.1	0.657060100869	0.670331770125
2.2	1.60072308207	0.0	0.0	0.196959399628	10.0	0.657060100869	0.657060100869	0.657060100869	0.160072308207	0.657060100869	-0.2	0.0	1000.0	0.1	0.644051422604	0.657060100869
2.3	1.648875598	0.0	0.0	0.213212025956	10.0	0.644051422604	0.644051422604	0.644051422604	0.1648875598	0.644051422604	-0.2	0.0	1000.0	0.1	0.631300531115	0.644051422604
2.4	1.69527993516	0.0	0.0	0.229937741912	10.0	0.631300531115	0.631300531115	0.631300531115	0.169527993516	0.631300531115	-0.2	0.0	1000.0	0.1	0.61880233177	0.631300531115
2.5	1.73997863152	0.0	0.0	0.247119278727	10.0	0.61880233177	0.61880233177	0.61880233177	0.173997863152	0.61880233177	-0.2	0.0	1000.0	0.1	0.606551830251	0.61880233177
2.6	1.78301330676	0.0	0.0	0.264739786513	10.0	0.606551830251	0.606551830251	0.606551830251	0.178301330676	0.606551830251	-0.2	0.0	1000.0	0.1	0.59454413044	0.606551830251
2.7	1.82442468134	0.0	0.0	0.282782824975	10.0	0.59454413044	0.59454413044	0.59454413044	0.182442468134	0.59454413044	-0.2	0.0	1000.0	0.1	0.582774432323	0.59454413044
2.8	1.86425259524	0.0	0.0	0.30123235431	10.0	0.582774432323	0.582774432323	0.582774432323	0.186425259524	0.582774432323	-0.2	0.0	1000.0	0.1	0.571238029918	0.582774432323
2.9	1.90253602456	0.0	0.0	0.320072727985	10.0	0.571238029918	0.571238029918	0.571238029918	0.190253602456	0.571238029918	-0.2	0.0	1000.0	0.1	0.55993030961	0.571238029918
3.0	1.93931308444	0.0	0.0	0.339288699058	10.0	0.55993030961	0.55993030961	0.55993030961	0.193931308444	0.55993030961	-0.2	0.0	1000.0	0.1	0.54884675099	0.55993030961
3.1	1.97462108685	0.0	0.0	0.35886537175	10.0	0.54884675099	0.54884675099	0.54884675099	0.197462108685	0.54884675099	-0.2	0.0	1000.0	0.1	0.537982915995	0.54884675099
3.2	2.00849653348	0.0	0.0	0.378788216718	10.0	0.537982915995	0.537982915995	0.537982915995	0.200849653348	0.537982915995	-0.2	0.0	1000.0	0.1	0.527334452873	0.537982915995
3.3	2.04097513257	0.0	0.0	0.399043062922	10.0	0.527334452873	0.527334452873	0.527334452873	0.204097513257	0.527334452873	-0.2	0.0	1000.0	0.1	0.516897094264	0.527334452873
3.4	2.07209181519	0.0	0.0	0.419616089724	10.0	0.516897094264	0.516897094264	0.516897094264	0.207209181519	0.516897094264	-0.2	0.0	1000.0	0.1	0.506666655349	0.516897094264
3.5	2.10188075123	0.0	0.0	0.44049381922	10.0	0.506666655349	0.506666655349	0.506666655349	0.210188075123	0.506666655349	-0.2	0.0	1000.0	0.1	0.496639032058	0.506666655349
3.6	2.13037534739	0.0	0.0	0.461663126264	10.0	0.496639032058	0.496639032058	0.496639032058	0.213037534739	0.496639032058	-0.2	0.0	1000.0	0.1	0.48681020985	0.496639032058
3.7	2.15760829152	0.0	0.0	0.483111203125	10.0	0.48681020985	0.48681020985	0.48681020985	0.215760829152	0.48681020985	-0.2	0.0	1000.0	0.1	0.477176245525	0.48681020985
3.8	2.18361157007	0.0	0.0	0.504825549122	10.0	0.477176245525	0.477176245525	0.477176245525	0.218361157007	0.477176245525	-0.2	0.0	1000.0	0.1	0.467733263129	0.477176245525
3.9	2.20841646593	0.0	0.0	0.526793979579	10.0	0.467733263129	0.467733263129	0.467733263129	0.220841646593	0.467733263129	-0.2	0.0	1000.0	0.1	0.458477461874	0.467733263129
4.0	2.23205357229	0.0	0.0	0.549004619408	10.0	0.458477461874	0.458477461874	0.458477461874	0.223205357229	0.458477461874	-0.2	0.0	1000.0	0.1	0.449405114868	0.458477461874
4.1	2.25455280629	0.0	0.0	0.571445896888	10.0	0.449405114868	0.449405114868	0.449405114868	0.225455280629	0.449405114868	-0.2	0.0	1000.0	0.1	0.440512567947	0.449405114868
4.2	2.27594343845	0.0	0.0	0.594106521526	10.0	0.440512567947	0.440512567947	0.440512567947	0.227594343845	0.440512567947	-0.2	0.0	1000.0	0.1	0.431796225602	0.440512567947
4.3	2.2962541129	0.0	0.0	0.616975469632	10.0	0.431796225602	0.431796225602	0.431796225602	0.22962541129	0.431796225602	-0.2	0.0	1000.0	0.1	0.423252541318	0.431796225602
4.4	2.3155127846	0.0	0.0	0.640042052069	10.0	0.423252541318	0.423252541318	0.423252541318	0.23155127846	0.423252541318	-0.2	0.0	1000.0	0.1	0.414878077272	0.423252541318
4.5	2.33374678517	0.0	0.0	0.663295859223	10.0	0.414878077272	0.414878077272	0.414878077272	0.233374678517	0.414878077272	-0.2	0.0	1000.0	0.1	0.406669464515	0.414878077272
4.6	2.35098283587	0.0	0.0	0.686726754975	10.0	0.406669464515	0.406669464515	0.406669464515	0.235098283587	0.406669464515	-0.2	0.0	1000.0	0.1	0.398623401832	0.406669464515
4.7	2.36724706031	0.0	0.0	0.71032487072	10.0	0.398623401832	0.398623401832	0.398623401832	0.236724706031	0.398623401832	-0.2	0.0	1000.0	0.1	0.390736654577	0.398623401832
4.8	2.38256499706	0.0	0.0	0.734080599425	10.0	0.390736654577	0.390736654577	0.390736654577	0.238256499706	0.390736654577	-0.2	0.0	1000.0	0.1	0.383006053485	0.390736654577
4.9	2.39696161211	0.0	0.0	0.757984589728	10.0	0.383006053485	0.383006053485	0.383006053485	0.239696161211	0.383006053485	-0.2	0.0	1000.0	0.1	0.375428493454	0.383006053485
5.0	2.41046131108	0.0	0.0	0.782027740102	10.0	0.375428493454	0.375428493454	0.375428493454	0.241046131108	0.375428493454	-0.2	0.0	1000.0	0.1	0.36800093231	0.375428493454
5.1	2.42308795132	0.0	0.0	0.806201193094	10.0	0.36800093231	0.36800093231	0.36800093231	0.242308795132	0.36800093231	-0.2	0.0	1000.0	0.1	0.360720389552	0.36800093231
5.2	2.43486485372	0.0	0.0	0.830496329648	10.0	0.360720389552	0.360720389552	0.360720389552	0.243486485372	0.360720389552	-0.2	0.0	1000.0	0.1	0.353583945084	0.360720389552
5.3	2.44581481435	0.0	0.0	0.854904763527	10.0	0.353583945084	0.353583945084	0.353583945084	0.244581481435	0.353583945084	-0.2	0.0	1000.0	0.1	0.346588737948	0.353583945084
5.4	2.45596011582	0.0	0.0	0.87941833585	10.0	0.346588737948	0.346588737948	0.346588737948	0.245596011582	0.346588737948	-0.2	0.0	1000.0	0.1	0.339731965063	0.346588737948
5.5	2.46532253843	0.0	0.0	0.904029109744	10.0	0.339731965063	0.339731965063	0.339731965063	0.246532253843	0.339731965063	-0.2	0.0	1000.0	0.1	0.333010879973	0.339731965063
5.6	2.47392337105	0.0	0.0	0.928729365126	10.0	0.333010879973	0.333010879973	0.333010879973	0.247392337105	0.333010879973	-0.2	0.0	1000.0	0.1	0.326422791621	0.333010879973
5.7	2.48178342173	0.0	0.0	0.953511593607	10.0	0.326422791621	0.326422791621	0.326422791621	0.248178342173	0.326422791621	-0.2	0.0	1000.0	0.1	0.319965063141	0.326422791621
5.8	2.48892302813	0.0	0.0	0.97836849352	10.0	0.319965063141	0.319965063141	0.319965063141	0.248892302813	0.319965063141	-0.2	0.0	1000.0	0.1	0.313635110675	0.319965063141
5.9	2.49536206763	0.0	0.0	1.00329296509	10.0	0.313635110675	0.313635110675	0.313635110675	0.249536206763	0.313635110675	-0.2	0.0	1000.0	0.1	0.307430402228	0.313635110675
6.0	2.50111996724	0.0	0.0	1.0282781057	10.0	0.307430402228	0.307430402228	0.307430402228	0.250111996724	0.307430402228	-0.2	0.0	1000.0	0.1	0.301348456543	0.307430402228
6.1	2.50621571329	0.0	0.0	1.0533172053	10.0	0.301348456543	0.301348456543	0.301348456543	0.250621571329	0.301348456543	-0.2	0.0	1000.0	0.1	0.295386842012	0.301348456543
6.2	2.51066786084	0.0	0.0	1.07840374195	10.0	0.295386842012	0.295386842012	0.295386842012	0.251066786084	0.295386842012	-0.2	0.0	1000.0	0.1	0.289543175619	0.295386842012
6.3	2.51449454295	0.0	0.0	1.10353137741	10.0	0.289543175619	0.289543175619	0.289543175619	0.251449454295	0.289543175619	-0.2	0.0	1000.0	0.1	0.283815121906	0.289543175619
6.4	2.51771347966	0.0	0.0	1.12869395289	10.0	0.283815121906	0.283815121906	0.283815121906	0.251771347966	0.283815121906	-0.2	0.0	1000.0	0.1	0.278200391973	0.283815121906
6.5	2.52034198682	0.0	0.0	1.15388548493	10.0	0.278200391973	0.278200391973	0.278200391973	0.252034198682	0.278200391973	-0.2	0.0	1000.0	0.1	0.272696742502	0.278200391973
6.6	2.52239698472	0.0	0.0	1.17910016128	10.0	0.272696742502	0.272696742502	0.272696742502	0.252239698472	0.272696742502	-0.2	0.0	1000.0	0.1	0.267301974815	0.272696742502
6.7	2.52389500649	0.0	0.0	1.20433233699	10.0	0.267301974815	0.267301974815	0.267301974815	0.252389500649	0.267301974815	-0.2	0.0	1000.0	0.1	0.262013933941	0.267301974815
6.8	2.52485220635	0.0	0.0	1.22957653052	10.0	0.262013933941	0.262013933941	0.262013933941	0.252485220635	0.262013933941	-0.2	0.0	1000.0	0.1	0.256830507728	0.262013933941
6.9	2.52528436769	0.0	0.0	1.25482741996	10.0	0.256830507728	0.256830507728	0.256830507728	0.252528436769	0.256830507728	-0.2	0.0	1000.0	0.1	0.251749625959	0.256830507728
7.0	2.52520691092	0.0	0.0	1.28007983932	10.0	0.251749625959	0.251749625959	0.251749625959	0.252520691092	0.251749625959	-0.2	0.0	1000.0	0.1	0.246769259499	0.251749625959
7.1	2.52463490121	0.0	0.0	1.30532877498	10.0	0.246769259499	0.246769259499	0.246769259499	0.252463490121	0.246769259499	-0.2	0.0	1000.0	0.1	0.241887419464	0.246769259499
7.2	2.52358305607	0.0	0.0	1.33056936207	10.0	0.241887419464	0.241887419464	0.241887419464	0.252358305607	0.241887419464	-0.2	0.0	1000.0	0.1	0.237102156402	0.241887419464
7.3	2.52206575268	0.0	0.0	1.3557968811	10.0	0.237102156402	0.237102156402	0.237102156402	0.252206575268	0.237102156402	-0.2	0.0	1000.0	0.1	0.232411559504	0.237102156402
7.4	2.5200970352	0.0	0.0	1.38100675453	10.0	0.232411559504	0.232411559504	0.232411559504	0.25200970352	0.232411559504	-0.2	0.0	1000.0	0.1	0.227813755818	0.232411559504
7.5	2.51769062181	0.0	0.0	1.4061945435	10.0	0.227813755818	0.227813755818	0.227813755818	0.251769062181	0.227813755818	-0.2	0.0	1000.0	0.1	0.223306909499	0.227813755818
7.6	2.51485991166	0.0	0.0	1.4313559446	10.0	0.223306909499	0.223306909499	0.223306909499	0.251485991166	0.223306909499	-0.2	0.0	1000.0	0.1	0.218889221058	0.223306909499
7.7	2.51161799168	0.0	0.0	1.45648678668	10.0	0.218889221058	0.218889221058	0.218889221058	0.251161799168	0.218889221058	-0.2	0.0	1000.0	0.1	0.214558926637	0.218889221058
7.8	2.50797764321	0.0	0.0	1.48158302781	10.0	0.214558926637	0.214558926637	0.214558926637	0.250797764321	0.214558926637	-0.2	0.0	1000.0	0.1	0.210314297303	0.214558926637
7.9	2.50395134854	0.0	0.0	1.50664075222	10.0	0.210314297303	0.210314297303	0.210314297303	0.250395134854	0.210314297303	-0.2	0.0	1000.0	0.1	0.206153638343	0.210314297303
8.0	2.49955129725	0.0	0.0	1.53165616734	10.0	0.206153638343	0.206153638343	0.206153638343	0.249955129725	0.206153638343	-0.2	0.0	1000.0	0.1	0.20207528859	0.206153638343
8.1	2.49478939252	0.0	0.0	1.55662560093	10.0	0.20207528859	0.20207528859	0.20207528859	0.249478939252	0.20207528859	-0.2	0.0	1000.0	0.1	0.198077619752	0.20207528859
8.2	2.48967725719	0.0	0.0	1.58154549823	10.0	0.198077619752	0.198077619752	0.198077619752	0.248967725719	0.198077619752	-0.2	0.0	1000.0	0.1	0.194159035759	0.198077619752
8.3	2.48422623979	0.0	0.0	1.60641241921	10.0	0.194159035759	0.194159035759	0.194159035759	0.248422623979	0.194159035759	-0.2	0.0	1000.0	0.1	0.190317972124	0.194159035759
8.4	2.47844742039	0.0	0.0	1.63122303582	10.0	0.190317972124	0.190317972124	0.190317972124	0.247844742039	0.190317972124	-0.2	0.0	1000.0	0.1	0.186552895315	0.190317972124
8.5	2.47235161636	0.0	0.0	1.65597412938	10.0	0.186552895315	0.186552895315	0.186552895315	0.247235161636	0.186552895315	-0.2	0.0	1000.0	0.1	0.182862302142	0.186552895315
8.6	2.465949388	0.0	0.0	1.68066258796	10.0	0.182862302142	0.182862302142	0.182862302142	0.2465949388	0.182862302142	-0.2	0.0	1000.0	0.1	0.179244719154	0.182862302142
8.7	2.45925104404	0.0	0.0	1.70528540384	10.0	0.179244719154	0.179244719154	0.179244719154	0.245925104404	0.179244719154	-0.2	0.0	1000.0	0.1	0.17569870205	0.179244719154
8.8	2.45226664705	0.0	0.0	1.72983967103	10.0	0.17569870205	0.17569870205	0.17569870205	0.245226664705	0.17569870205	-0.2	0.0	1000.0	0.1	0.172222835104	0.17569870205
8.9	2.44500601874	0.0	0.0	1.75432258285	10.0	0.172222835104	0.172222835104	0.172222835104	0.244500601874	0.172222835104	-0.2	0.0	1000.0	0.1	0.168815730595	0.172222835104
9.0	2.43747874514	0.0	0.0	1.77873142951	10.0	0.168815730595	0.168815730595	0.168815730595	0.243747874514	0.168815730595	-0.2	0.0	1000.0	0.1	0.165476028254	0.168815730595
9.1	2.42969418163	0.0	0.0	1.80306359584	10.0	0.165476028254	0.165476028254	0.165476028254	0.242969418163	0.165476028254	-0.2	0.0	1000.0	0.1	0.162202394721	0.165476028254
9.2	2.42166145798	0.0	0.0	1.82731655897	10.0	0.162202394721	0.162202394721	0.162202394721	0.242166145798	0.162202394721	-0.2	0.0	1000.0	0.1	0.158993523012	0.162202394721
9.3	2.41338948316	0.0	0.0	1.85148788609	10.0	0.158993523012	0.158993523012	0.158993523012	0.241338948316	0.158993523012	-0.2	0.0	1000.0	0.1	0.155848131997	0.158993523012
9.4	2.40488695013	0.0	0.0	1.87557523232	10.0	0.155848131997	0.155848131997	0.155848131997	0.240488695013	0.155848131997	-0.2	0.0	1000.0	0.1	0.15276496589	0.155848131997
9.5	2.3961623405	0.0	0.0	1.89957633853	10.0	0.15276496589	0.15276496589	0.15276496589	0.23961623405	0.15276496589	-0.2	0.0	1000.0	0.1	0.149742793742	0.15276496589
9.6	2.38722392913	0.0	0.0	1.92348902928	10.0	0.149742793742	0.149742793742	0.149742793742	0.238722392913	0.149742793742	-0.2	0.0	1000.0	0.1	0.146780408956	0.149742793742
9.7	2.37807978855	0.0	0.0	1.94731121076	10.0	0.146780408956	0.146780408956	0.146780408956	0.237807978855	0.146780408956	-0.2	0.0	1000.0	0.1	0.143876628803	0.146780408956
9.8	2.36873779341	0.0	0.0	1.97104086878	10.0	0.143876628803	0.143876628803	0.143876628803	0.236873779341	0.143876628803	-0.2	0.0	1000.0	0.1	0.141030293949	0.143876628803
9.9	2.35920562473	0.0	0.0	1.99467606686	10.0	0.141030293949	0.141030293949	0.141030293949	0.235920562473	0.141030293949	-0.2	0.0	1000.0	0.1	0.13824026799	0.141030293949
10.0	2.34949077411	0.0	0.0	2.01821494427	10.0	0.13824026799	0.13824026799	0.13824026799	0.234949077411	0.13824026799	-0.2	0.0	1000.0	0.1	0.135505437006	0.13824026799
10.1	2.33960054788	0.0	0.0	2.0416557142	10.0	0.135505437006	0.135505437006	0.135505437006	0.233960054788	0.135505437006	-0.2	0.0	1000.0	0.1	0.132824709107	0.135505437006
10.2	2.32954207112	0.0	0.0	2.06499666188	10.0	0.132824709107	0.132824709107	0.132824709107	0.232954207112	0.132824709107	-0.2	0.0	1000.0	0.1	0.130197014004	0.132824709107
10.3	2.31932229156	0.0	0.0	2.08823614283	10.0	0.130197014004	0.130197014004	0.130197014004	0.231932229156	0.130197014004	-0.2	0.0	1000.0	0.1	0.127621302578	0.130197014004
10.4	2.30894798354	0.0	0.0	2.11137258111	10.0	0.127621302578	0.127621302578	0.127621302578	0.230894798354	0.127621302578	-0.2	0.0	1000.0	0.1	0.125096546464	0.127621302578
10.5	2.29842575173	0.0	0.0	2.13440446757	10.0	0.125096546464	0.125096546464	0.125096546464	0.229842575173	0.125096546464	-0.2	0.0	1000.0	0.1	0.122621737638	0.125096546464
10.6	2.28776203486	0.0	0.0	2.1573303582	10.0	0.122621737638	0.122621737638	0.122621737638	0.228776203486	0.122621737638	-0.2	0.0	1000.0	0.1	0.120195888016	0.122621737638
10.7	2.27696310936	0.0	0.0	2.1801488725	10.0	0.120195888016	0.120195888016	0.120195888016	0.227696310936	0.120195888016	-0.2	0.0	1000.0	0.1	0.11781802906	0.120195888016
10.8	2.26603509291	0.0	0.0	2.20285869186	10.0	0.11781802906	0.11781802906	0.11781802906	0.226603509291	0.11781802906	-0.2	0.0	1000.0	0.1	0.115487211391	0.11781802906
10.9	2.25498394792	0.0	0.0	2.22545855799	10.0	0.115487211391	0.115487211391	0.115487211391	0.225498394792	0.115487211391	-0.2	0.0	1000.0	0.1	0.113202504408	0.115487211391
11.0	2.24381548496	0.0	0.0	2.24794727139	10.0	0.113202504408	0.113202504408	0.113202504408	0.224381548496	0.113202504408	-0.2	0.0	1000.0	0.1	0.110962995921	0.113202504408
11.1	2.23253536608	0.0	0.0	2.27032368986	10.0	0.110962995921	0.110962995921	0.110962995921	0.223253536608	0.110962995921	-0.2	0.0	1000.0	0.1	0.108767791784	0.110962995921
11.2	2.2211491081	0.0	0.0	2.29258672702	10.0	0.108767791784	0.108767791784	0.108767791784	0.22211491081	0.108767791784	-0.2	0.0	1000.0	0.1	0.106616015537	0.108767791784
11.3	2.20966208579	0.0	0.0	2.31473535088	10.0	0.106616015537	0.106616015537	0.106616015537	0.220966208579	0.106616015537	-0.2	0.0	1000.0	0.1	0.104506808059	0.106616015537
11.4	2.19807953504	0.0	0.0	2.33676858244	10.0	0.104506808059	0.104506808059	0.104506808059	0.219807953504	0.104506808059	-0.2	0.0	1000.0	0.1	0.102439327223	0.104506808059
11.5	2.18640655589	0.0	0.0	2.35868549431	10.0	0.102439327223	0.102439327223	0.102439327223	0.218640655589	0.102439327223	-0.2	0.0	1000.0	0.1	0.100412747562	0.102439327223
11.6	2.17464811558	0.0	0.0	2.38048520938	10.0	0.100412747562	0.100412747562	0.100412747562	0.217464811558	0.100412747562	-0.2	0.0	1000.0	0.1	0.0984262599374	0.100412747562
11.7	2.16280905146	0.0	0.0	2.4021668995	10.0	0.0984262599374	0.0984262599374	0.0984262599374	0.216280905146	0.0984262599374	-0.2	0.0	1000.0	0.1	0.096479071216	0.0984262599374
11.8	2.15089407389	0.0	0.0	2.42372978418	10.0	0.096479071216	0.096479071216	0.096479071216	0.215089407389	0.096479071216	-0.2	0.0	1000.0	0.1	0.0945704039554	0.096479071216
11.9	2.13890776908	0.0	0.0	2.44517312939	10.0	0.0945704039554	0.0945704039554	0.0945704039554	0.213890776908	0.0945704039554	-0.2	0.0	1000.0	0.1	0.0926994960919	0.0945704039554
12.0	2.12685460181	0.0	0.0	2.46649624627	10.0	0.0926994960919	0.0926994960919	0.0926994960919	0.212685460181	0.0926994960919	-0.2	0.0	1000.0	0.1	0.0908656006372	0.0926994960919
12.1	2.11473891818	0.0	0.0	2.48769848997	10.0	0.0908656006372	0.0908656006372	0.0908656006372	0.211473891818	0.0908656006372	-0.2	0.0	1000.0	0.1	0.0890679853798	0.0908656006372
12.2	2.10256494823	0.0	0.0	2.50877925845	10.0	0.0890679853798	0.0890679853798	0.0890679853798	0.210256494823	0.0890679853798	-0.2	0.0	1000.0	0.1	0.087305932593	0.0890679853798
12.3	2.09033680858	0.0	0.0	2.52973799136	10.0	0.087305932593	0.087305932593	0.087305932593	0.209033680858	0.087305932593	-0.2	0.0	1000.0	0.1	0.085578738748	0.087305932593
12.4	2.07805850489	0.0	0.0	2.55057416893	10.0	0.085578738748	0.085578738748	0.085578738748	0.207805850489	0.085578738748	-0.2	0.0	1000.0	0.1	0.0838857142335	0.085578738748
12.5	2.06573393442	0.0	0.0	2.57128731082	10.0	0.0838857142335	0.0838857142335	0.0838857142335	0.206573393442	0.0838857142335	-0.2	0.0	1000.0	0.1	0.0822261830802	0.0838857142335
12.6	2.05336688846	0.0	0.0	2.59187697509	10.0	0.0822261830802	0.0822261830802	0.0822261830802	0.205336688846	0.0822261830802	-0.2	0.0	1000.0	0.1	0.0805994826909	0.0822261830802
12.7	2.04096105465	0.0	0.0	2.61234275716	10.0	0.0805994826909	0.0805994826909	0.0805994826909	0.204096105465	0.0805994826909	-0.2	0.0	1000.0	0.1	0.0790049635764	0.0805994826909
12.8	2.0285200194	0.0	0.0	2.63268428878	10.0	0.0790049635764	0.0790049635764	0.0790049635764	0.20285200194	0.0790049635764	-0.2	0.0	1000.0	0.1	0.0774419890956	0.0790049635764
12.9	2.0160472701	0.0	0.0	2.65290123698	10.0	0.0774419890956	0.0774419890956	0.0774419890956	0.20160472701	0.0774419890956	-0.2	0.0	1000.0	0.1	0.0759099352017	0.0774419890956
13.0	2.00354619743	0.0	0.0	2.67299330318	10.0	0.0759099352017	0.0759099352017	0.0759099352017	0.200354619743	0.0759099352017	-0.2	0.0	1000.0	0.1	0.0744081901933	0.0759099352017
13.1	1.99102009746	0.0	0.0	2.69296022216	10.0	0.0744081901933	0.0744081901933	0.0744081901933	0.199102009746	0.0744081901933	-0.2	0.0	1000.0	0.1	0.0729361544697	0.0744081901933
13.2	1.97847217389	0.0	0.0	2.71280176118	10.0	0.0729361544697	0.0729361544697	0.0729361544697	0.197847217389	0.0729361544697	-0.2	0.0	1000.0	0.1	0.0714932402919	0.0729361544697
13.3	1.96590554008	0.0	0.0	2.73251771902	10.0	0.0714932402919	0.0714932402919	0.0714932402919	0.196590554008	0.0714932402919	-0.2	0.0	1000.0	0.1	0.0700788715479	0.0714932402919
13.4	1.95332322113	0.0	0.0	2.75210792512	10.0	0.0700788715479	0.0700788715479	0.0700788715479	0.195332322113	0.0700788715479	-0.2	0.0	1000.0	0.1	0.0686924835226	0.0700788715479
13.5	1.94072815589	0.0	0.0	2.77157223871	10.0	0.0686924835226	0.0686924835226	0.0686924835226	0.194072815589	0.0686924835226	-0.2	0.0	1000.0	0.1	0.0673335226723	0.0686924835226
13.6	1.92812319894	0.0	0.0	2.79091054793	10.0	0.0673335226723	0.0673335226723	0.0673335226723	0.192812319894	0.0673335226723	-0.2	0.0	1000.0	0.1	0.0660014464041	0.0673335226723
13.7	1.91551112249	0.0	0.0	2.81012276902	10.0	0.0660014464041	0.0660014464041	0.0660014464041	0.191551112249	0.0660014464041	-0.2	0.0	1000.0	0.1	0.0646957228589	0.0660014464041
13.8	1.90289461828	0.0	0.0	2.82920884551	10.0	0.0646957228589	0.0646957228589	0.0646957228589	0.190289461828	0.0646957228589	-0.2	0.0	1000.0	0.1	0.0634158306992	0.0646957228589
13.9	1.89027629945	0.0	0.0	2.84816874741	10.0	0.0634158306992	0.0634158306992	0.0634158306992	0.189027629945	0.0634158306992	-0.2	0.0	1000.0	0.1	0.0621612589008	0.0634158306992
14.0	1.87765870231	0.0	0.0	2.86700247045	10.0	0.0621612589008	0.0621612589008	0.0621612589008	0.187765870231	0.0621612589008	-0.2	0.0	1000.0	0.1	0.0609315065493	0.0621612589008
14.1	1.86504428812	0.0	0.0	2.88571003529	10.0	0.0609315065493	0.0609315065493	0.0609315065493	0.186504428812	0.0609315065493	-0.2	0.0	1000.0	0.1	0.0597260826394	0.0609315065493
14.2	1.85243544484	0.0	0.0	2.90429148683	10.0	0.0597260826394	0.0597260826394	0.0597260826394	0.185243544484	0.0597260826394	-0.2	0.0	1000.0	0.1	0.0585445058795	0.0597260826394
14.3	1.83983448882	0.0	0.0	2.92274689345	10.0	0.0585445058795	0.0585445058795	0.0585445058795	0.183983448882	0.0585445058795	-0.2	0.0	1000.0	0.1	0.0573863044992	0.0585445058795
14.4	1.82724366642	0.0	0.0	2.94107634629	10.0	0.0573863044992	0.0573863044992	0.0573863044992	0.182724366642	0.0573863044992	-0.2	0.0	1000.0	0.1	0.0562510160608	0.0573863044992
14.5	1.81466515571	0.0	0.0	2.95927995861	10.0	0.0562510160608	0.0562510160608	0.0562510160608	0.181466515571	0.0562510160608	-0.2	0.0	1000.0	0.1	0.0551381872753	0.0562510160608
14.6	1.80210106798	0.0	0.0	2.97735786506	10.0	0.0551381872753	0.0551381872753	0.0551381872753	0.180210106798	0.0551381872753	-0.2	0.0	1000.0	0.1	0.054047373821	0.0551381872753
14.7	1.78955344936	0.0	0.0	2.99531022107	10.0	0.054047373821	0.054047373821	0.054047373821	0.178955344936	0.054047373821	-0.2	0.0	1000.0	0.1	0.0529781401657	0.054047373821
14.8	1.77702428228	0.0	0.0	3.01313720217	10.0	0.0529781401657	0.0529781401657	0.0529781401657	0.177702428228	0.0529781401657	-0.2	0.0	1000.0	0.1	0.051930059394	0.0529781401657
14.9	1.76451548702	0.0	0.0	3.03083900337	10.0	0.051930059394	0.051930059394	0.051930059394	0.176451548702	0.051930059394	-0.2	0.0	1000.0	0.1	0.0509027130354	0.051930059394
15.0	1.75202892313	0.0	0.0	3.04841583856	10.0	0.0509027130354	0.0509027130354	0.0509027130354	0.175202892313	0.0509027130354	-0.2	0.0	1000.0	0.1	0.0498956908984	0.0509027130354
15.1	1.73956639089	0.0	0.0	3.06586793989	10.0	0.0498956908984	0.0498956908984	0.0498956908984	0.173956639089	0.0498956908984	-0.2	0.0	1000.0	0.1	0.0489085909063	0.0498956908984
15.2	1.72712963266	0.0	0.0	3.08319555721	10.0	0.0489085909063	0.0489085909063	0.0489085909063	0.172712963266	0.0489085909063	-0.2	0.0	1000.0	0.1	0.0479410189364	0.0489085909063
15.3	1.71472033428	0.0	0.0	3.10039895748	10.0	0.0479410189364	0.0479410189364	0.0479410189364	0.171472033428	0.0479410189364	-0.2	0.0	1000.0	0.1	0.046992588663	0.0479410189364
15.4	1.70234012642	0.0	0.0	3.11747842421	10.0	0.046992588663	0.046992588663	0.046992588663	0.170234012642	0.046992588663	-0.2	0.0	1000.0	0.1	0.0460629214032	0.046992588663
15.5	1.68999058584	0.0	0.0	3.13443425693	10.0	0.0460629214032	0.0460629214032	0.0460629214032	0.168999058584	0.0460629214032	-0.2	0.0	1000.0	0.1	0.0451516459654	0.0460629214032
15.6	1.67767323672	0.0	0.0	3.15126677064	10.0	0.0451516459654	0.0451516459654	0.0451516459654	0.167767323672	0.0451516459654	-0.2	0.0	1000.0	0.1	0.0442583985013	0.0451516459654
15.7	1.6653895519	0.0	0.0	3.16797629532	10.0	0.0442583985013	0.0442583985013	0.0442583985013	0.16653895519	0.0442583985013	-0.2	0.0	1000.0	0.1	0.0433828223607	0.0442583985013
15.8	1.65314095407	0.0	0.0	3.18456317538	10.0	0.0433828223607	0.0433828223607	0.0433828223607	0.165314095407	0.0433828223607	-0.2	0.0	1000.0	0.1	0.042524567949	0.0433828223607
15.9	1.64092881704	0.0	0.0	3.20102776921	10.0	0.042524567949	0.042524567949	0.042524567949	0.164092881704	0.042524567949	-0.2	0.0	1000.0	0.1	0.0416832925876	0.042524567949
16.0	1.62875446685	0.0	0.0	3.21737044865	10.0	0.0416832925876	0.0416832925876	0.0416832925876	0.162875446685	0.0416832925876	-0.2	0.0	1000.0	0.1	0.040858660377	0.0416832925876
16.1	1.61661918296	0.0	0.0	3.23359159859	10.0	0.040858660377	0.040858660377	0.040858660377	0.161661918296	0.040858660377	-0.2	0.0	1000.0	0.1	0.0400503420629	0.040858660377
16.2	1.60452419933	0.0	0.0	3.24969161642	10.0	0.0400503420629	0.0400503420629	0.0400503420629	0.160452419933	0.0400503420629	-0.2	0.0	1000.0	0.1	0.0392580149048	0.0400503420629
16.3	1.59247070559	0.0	0.0	3.26567091165	10.0	0.0392580149048	0.0392580149048	0.0392580149048	0.159247070559	0.0392580149048	-0.2	0.0	1000.0	0.1	0.0384813625468	0.0392580149048
16.4	1.58045984805	0.0	0.0	3.28152990545	10.0	0.0384813625468	0.0384813625468	0.0384813625468	0.158045984805	0.0384813625468	-0.2	0.0	1000.0	0.1	0.0377200748914	0.0384813625468
16.5	1.56849273077	0.0	0.0	3.29726903022	10.0	0.0377200748914	0.0377200748914	0.0377200748914	0.156849273077	0.0377200748914	-0.2	0.0	1000.0	0.1	0.0369738479761	0.0377200748914
16.6	1.55657041662	0.0	0.0	3.31288872916	10.0	0.0369738479761	0.0369738479761	0.0369738479761	0.155657041662	0.0369738479761	-0.2	0.0	1000.0	0.1	0.0362423838513	0.0369738479761
16.7	1.54469392826	0.0	0.0	3.32838945591	10.0	0.0362423838513	0.0362423838513	0.0362423838513	0.154469392826	0.0362423838513	-0.2	0.0	1000.0	0.1	0.0355253904622	0.0362423838513
16.8	1.53286424913	0.0	0.0	3.34377167408	10.0	0.0355253904622	0.0355253904622	0.0355253904622	0.153286424913	0.0355253904622	-0.2	0.0	1000.0	0.1	0.0348225815314	0.0355253904622
16.9	1.52108232441	0.0	0.0	3.35903585696	10.0	0.0348225815314	0.0348225815314	0.0348225815314	0.152108232441	0.0348225815314	-0.2	0.0	1000.0	0.1	0.034133676445	0.0348225815314
17.0	1.50934906198	0.0	0.0	3.37418248703	10.0	0.034133676445	0.034133676445	0.034133676445	0.150934906198	0.034133676445	-0.2	0.0	1000.0	0.1	0.0334584001406	0.034133676445
17.1	1.49766533334	0.0	0.0	3.38921205569	10.0	0.0334584001406	0.0334584001406	0.0334584001406	0.149766533334	0.0334584001406	-0.2	0.0	1000.0	0.1	0.0327964829975	0.0334584001406
17.2	1.48603197448	0.0	0.0	3.40412506284	10.0	0.0327964829975	0.0327964829975	0.0327964829975	0.148603197448	0.0327964829975	-0.2	0.0	1000.0	0.1	0.0321476607286	0.0327964829975
17.3	1.47444978683	0.0	0.0	3.41892201657	10.0	0.0321476607286	0.0321476607286	0.0321476607286	0.147444978683	0.0321476607286	-0.2	0.0	1000.0	0.1	0.0315116742755	0.0321476607286
17.4	1.46291953805	0.0	0.0	3.43360343277	10.0	0.0315116742755	0.0315116742755	0.0315116742755	0.146291953805	0.0315116742755	-0.2	0.0	1000.0	0.1	0.0308882697047	0.0315116742755
17.5	1.45144196293	0.0	0.0	3.44816983486	10.0	0.0308882697047	0.0308882697047	0.0308882697047	0.145144196293	0.0308882697047	-0.2	0.0	1000.0	0.1	0.0302771981062	0.0308882697047
17.6	1.44001776419	0.0	0.0	3.46262175342	10.0	0.0302771981062	0.0302771981062	0.0302771981062	0.144001776419	0.0302771981062	-0.2	0.0	1000.0	0.1	0.0296782154943	0.0302771981062
17.7	1.42864761329	0.0	0.0	3.47695972586	10.0	0.0296782154943	0.0296782154943	0.0296782154943	0.142864761329	0.0296782154943	-0.2	0.0	1000.0	0.1	0.0290910827102	0.0296782154943
17.8	1.41733215124	0.0	0.0	3.49118429619	10.0	0.0290910827102	0.0290910827102	0.0290910827102	0.141733215124	0.0290910827102	-0.2	0.0	1000.0	0.1	0.0285155653262	0.0290910827102
17.9	1.40607198935	0.0	0.0	3.50529601461	10.0	0.0285155653262	0.0285155653262	0.0285155653262	0.140607198935	0.0285155653262	-0.2	0.0	1000.0	0.1	0.0279514335524	0.0285155653262
18.0	1.39486770998	0.0	0.0	3.51929543733	10.0	0.0279514335524	0.0279514335524	0.0279514335524	0.139486770998	0.0279514335524	-0.2	0.0	1000.0	0.1	0.027398462145	0.0279514335524
18.1	1.38371986734	0.0	0.0	3.53318312619	10.0	0.027398462145	0.027398462145	0.027398462145	0.138371986734	0.027398462145	-0.2	0.0	1000.0	0.1	0.0268564303159	0.027398462145
18.2	1.37262898812	0.0	0.0	3.54695964844	10.0	0.0268564303159	0.0268564303159	0.0268564303159	0.137262898812	0.0268564303159	-0.2	0.0	1000.0	0.1	0.0263251216453	0.0268564303159
18.3	1.36159557229	0.0	0.0	3.56062557644	10.0	0.0263251216453	0.0263251216453	0.0263251216453	0.136159557229	0.0263251216453	-0.2	0.0	1000.0	0.1	0.0258043239945	0.0263251216453
18.4	1.35062009371	0.0	0.0	3.57418148741	10.0	0.0258043239945	0.0258043239945	0.0258043239945	0.135062009371	0.0258043239945	-0.2	0.0	1000.0	0.1	0.0252938294218	0.0258043239945
18.5	1.33970300088	0.0	0.0	3.58762796319	10.0	0.0252938294218	0.0252938294218	0.0252938294218	0.133970300088	0.0252938294218	-0.2	0.0	1000.0	0.1	0.024793434099	0.0252938294218
18.6	1.32884471755	0.0	0.0	3.60096558993	10.0	0.024793434099	0.024793434099	0.024793434099	0.132884471755	0.024793434099	-0.2	0.0	1000.0	0.1	0.0243029382307	0.024793434099
18.7	1.31804564338	0.0	0.0	3.61419495792	10.0	0.0243029382307	0.0243029382307	0.0243029382307	0.131804564338	0.0243029382307	-0.2	0.0	1000.0	0.1	0.0238221459736	0.0243029382307
18.8	1.30730615459	0.0	0.0	3.62731666131	10.0	0.0238221459736	0.0238221459736	0.0238221459736	0.130730615459	0.0238221459736	-0.2	0.0	1000.0	0.1	0.023350865359	0.0238221459736
18.9	1.29662660457	0.0	0.0	3.64033129787	10.0	0.023350865359	0.023350865359	0.023350865359	0.129662660457	0.023350865359	-0.2	0.0	1000.0	0.1	0.022888908216	0.023350865359
19.0	1.28600732445	0.0	0.0	3.6532394688	10.0	0.022888908216	0.022888908216	0.022888908216	0.128600732445	0.022888908216	-0.2	0.0	1000.0	0.1	0.0224360900963	0.022888908216
19.1	1.27544862377	0.0	0.0	3.6660417785	10.0	0.0224360900963	0.0224360900963	0.0224360900963	0.127544862377	0.0224360900963	-0.2	0.0	1000.0	0.1	0.0219922302005	0.0224360900963
19.2	1.26495079096	0.0	0.0	3.67873883432	10.0	0.0219922302005	0.0219922302005	0.0219922302005	0.126495079096	0.0219922302005	-0.2	0.0	1000.0	0.1	0.021557151306	0.0219922302005
19.3	1.25451409399	0.0	0.0	3.69133124642	10.0	0.021557151306	0.021557151306	0.021557151306	0.125451409399	0.021557151306	-0.2	0.0	1000.0	0.1	0.0211306796962	0.021557151306
19.4	1.24413878088	0.0	0.0	3.7038196275	10.0	0.0211306796962	0.0211306796962	0.0211306796962	0.124413878088	0.0211306796962	-0.2	0.0	1000.0	0.1	0.0207126450913	0.0211306796962
19.5	1.23382508024	0.0	0.0	3.71620459265	10.0	0.0207126450913	0.0207126450913	0.0207126450913	0.123382508024	0.0207126450913	-0.2	0.0	1000.0	0.1	0.0203028805801	0.0207126450913
19.6	1.22357320181	0.0	0.0	3.72848675914	10.0	0.0203028805801	0.0203028805801	0.0203028805801	0.122357320181	0.0203028805801	-0.2	0.0	1000.0	0.1	0.0199012225533	0.0203028805801
19.7	1.21338333697	0.0	0.0	3.74066674624	10.0	0.0199012225533	0.0199012225533	0.0199012225533	0.121338333697	0.0199012225533	-0.2	0.0	1000.0	0.1	0.0195075106385	0.0199012225533
19.8	1.20325565926	0.0	0.0	3.75274517501	10.0	0.0195075106385	0.0195075106385	0.0195075106385	0.120325565926	0.0195075106385	-0.2	0.0	1000.0	0.1	0.0191215876358	0.0195075106385
19.9	1.19319032484	0.0	0.0	3.7647226682	10.0	0.0191215876358	0.0191215876358	0.0191215876358	0.119319032484	0.0191215876358	-0.2	0.0	1000.0	0.1	0.0187432994555	0.0191215876358
20.0	1.183187473	0.0	0.0	3.77659984998	10.0	0.0187432994555	0.0187432994555	0.0187432994555	0.1183187473	0.0187432994555	-0.2	0.0	1000.0	0.1	0.018372495056	0.0187432994555
20.1	1.17324722663	0.0	0.0	3.78837734586	10.0	0.018372495056	0.018372495056	0.018372495056	0.117324722663	0.018372495056	-0.2	0.0	1000.0	0.1	0.0180090263838	0.018372495056
20.2	1.16336969266	0.0	0.0	3.80005578247	10.0	0.0180090263838	0.0180090263838	0.0180090263838	0.116336969266	0.0180090263838	-0.2	0.0	1000.0	0.1	0.0176527483146	0.0180090263838
20.3	1.15355496253	0.0	0.0	3.81163578743	10.0	0.0176527483146	0.0176527483146	0.0176527483146	0.115355496253	0.0176527483146	-0.2	0.0	1000.0	0.1	0.0173035185949	0.0176527483146
20.4	1.14380311262	0.0	0.0	3.82311798919	10.0	0.0173035185949	0.0173035185949	0.0173035185949	0.114380311262	0.0173035185949	-0.2	0.0	1000.0	0.1	0.0169611977855	0.0173035185949
20.5	1.1341142047	0.0	0.0	3.8345030169	10.0	0.0169611977855	0.0169611977855	0.0169611977855	0.11341142047	0.0169611977855	-0.2	0.0	1000.0	0.1	0.0166256492058	0.0169611977855
20.6	1.1244882863	0.0	0.0	3.84579150022	10.0	0.0166256492058	0.0166256492058	0.0166256492058	0.11244882863	0.0166256492058	-0.2	0.0	1000.0	0.1	0.016296738879	0.0166256492058
20.7	1.11492539117	0.0	0.0	3.85698406924	10.0	0.016296738879	0.016296738879	0.016296738879	0.111492539117	0.016296738879	-0.2	0.0	1000.0	0.1	0.015974335479	0.016296738879
20.8	1.10542553966	0.0	0.0	3.86808135429	10.0	0.015974335479	0.015974335479	0.015974335479	0.110542553966	0.015974335479	-0.2	0.0	1000.0	0.1	0.0156583102778	0.015974335479
20.9	1.09598873913	0.0	0.0	3.87908398585	10.0	0.0156583102778	0.0156583102778	0.0156583102778	0.109598873913	0.0156583102778	-0.2	0.0	1000.0	0.1	0.0153485370937	0.0156583102778
21.0	1.08661498429	0.0	0.0	3.8899925944	10.0	0.0153485370937	0.0153485370937	0.0153485370937	0.108661498429	0.0153485370937	-0.2	0.0	1000.0	0.1	0.0150448922416	0.0153485370937
21.1	1.07730425762	0.0	0.0	3.90080781029	10.0	0.0150448922416	0.0150448922416	0.0150448922416	0.107730425762	0.0150448922416	-0.2	0.0	1000.0	0.1	0.0147472544831	0.0150448922416
21.2	1.06805652972	0.0	0.0	3.91153026364	10.0	0.0147472544831	0.0147472544831	0.0147472544831	0.106805652972	0.0147472544831	-0.2	0.0	1000.0	0.1	0.0144555049786	0.0147472544831
21.3	1.05887175964	0.0	0.0	3.92216058422	10.0	0.0144555049786	0.0144555049786	0.0144555049786	0.105887175964	0.0144555049786	-0.2	0.0	1000.0	0.1	0.014169527239	0.0144555049786
21.4	1.04974989527	0.0	0.0	3.93269940131	10.0	0.014169527239	0.014169527239	0.014169527239	0.104974989527	0.014169527239	-0.2	0.0	1000.0	0.1	0.0138892070802	0.014169527239
21.5	1.04069087367	0.0	0.0	3.94314734362	10.0	0.0138892070802	0.0138892070802	0.0138892070802	0.104069087367	0.0138892070802	-0.2	0.0	1000.0	0.1	0.0136144325768	0.0138892070802
21.6	1.03169462137	0.0	0.0	3.95350503918	10.0	0.0136144325768	0.0136144325768	0.0136144325768	0.103169462137	0.0136144325768	-0.2	0.0	1000.0	0.1	0.0133450940177	0.0136144325768
21.7	1.02276105473	0.0	0.0	3.96377311522	10.0	0.0133450940177	0.0133450940177	0.0133450940177	0.102276105473	0.0133450940177	-0.2	0.0	1000.0	0.1	0.0130810838622	0.0133450940177
21.8	1.01389008026	0.0	0.0	3.97395219807	10.0	0.0130810838622	0.0130810838622	0.0130810838622	0.101389008026	0.0130810838622	-0.2	0.0	1000.0	0.1	0.0128222966972	0.0130810838622
21.9	1.0050815949	0.0	0.0	3.9840429131	10.0	0.0128222966972	0.0128222966972	0.0128222966972	0.10050815949	0.0128222966972	-0.2	0.0	1000.0	0.1	0.0125686291949	0.0128222966972
22.0	0.99633548634	0.0	0.0	3.99404588459	10.0	0.0125686291949	0.0125686291949	0.0125686291949	0.099633548634	0.0125686291949	-0.2	0.0	1000.0	0.1	0.0123199800717	0.0125686291949
22.1	0.987651633316	0.0	0.0	4.00396173562	10.0	0.0123199800717	0.0123199800717	0.0123199800717	0.0987651633316	0.0123199800717	-0.2	0.0	1000.0	0.1	0.0120762500476	0.0123199800717
22.2	0.979029905896	0.0	0.0	4.01379108804	10.0	0.0120762500476	0.0120762500476	0.0120762500476	0.0979029905896	0.0120762500476	-0.2	0.0	1000.0	0.1	0.011837341807	0.0120762500476
22.3	0.970470165764	0.0	0.0	4.02353456235	10.0	0.011837341807	0.011837341807	0.011837341807	0.0970470165764	0.011837341807	-0.2	0.0	1000.0	0.1	0.0116031599591	0.011837341807
22.4	0.961972266489	0.0	0.0	4.03319277763	10.0	0.0116031599591	0.0116031599591	0.0116031599591	0.0961972266489	0.0116031599591	-0.2	0.0	1000.0	0.1	0.0113736110006	0.0116031599591
22.5	0.953536053797	0.0	0.0	4.04276635142	10.0	0.0113736110006	0.0113736110006	0.0113736110006	0.0953536053797	0.0113736110006	-0.2	0.0	1000.0	0.1	0.0111486032777	0.0113736110006
22.6	0.945161365835	0.0	0.0	4.05225589971	10.0	0.0111486032777	0.0111486032777	0.0111486032777	0.0945161365835	0.0111486032777	-0.2	0.0	1000.0	0.1	0.01092804695	0.0111486032777
22.7	0.936848033424	0.0	0.0	4.06166203681	10.0	0.01092804695	0.01092804695	0.01092804695	0.0936848033424	0.01092804695	-0.2	0.0	1000.0	0.1	0.0107118539543	0.01092804695
22.8	0.928595880308	0.0	0.0	4.07098537532	10.0	0.0107118539543	0.0107118539543	0.0107118539543	0.0928595880308	0.0107118539543	-0.2	0.0	1000.0	0.1	0.0104999379698	0.0107118539543
22.9	0.920404723399	0.0	0.0	4.08022652603	10.0	0.0104999379698	0.0104999379698	0.0104999379698	0.0920404723399	0.0104999379698	-0.2	0.0	1000.0	0.1	0.0102922143832	0.0104999379698
23.0	0.912274373015	0.0	0.0	4.08938609785	10.0	0.0102922143832	0.0102922143832	0.0102922143832	0.0912274373015	0.0102922143832	-0.2	0.0	1000.0	0.1	0.0100886002551	0.0102922143832
23.1	0.904204633112	0.0	0.0	4.09846469778	10.0	0.0100886002551	0.0100886002551	0.0100886002551	0.0904204633112	0.0100886002551	-0.2	0.0	1000.0	0.1	0.00988901428697	0.0100886002551
23.2	0.896195301509	0.0	0.0	4.10746293081	10.0	0.00988901428697	0.00988901428697	0.00988901428697	0.0896195301509	0.00988901428697	-0.2	0.0	1000.0	0.1	0.00969337678873	0.00988901428697
23.3	0.888246170112	0.0	0.0	4.11638139989	10.0	0.00969337678873	0.00969337678873	0.00969337678873	0.0888246170112	0.00969337678873	-0.2	0.0	1000.0	0.1	0.00950160964669	0.00969337678873
23.4	0.880357025127	0.0	0.0	4.12522070584	10.0	0.00950160964669	0.00950160964669	0.00950160964669	0.0880357025127	0.00950160964669	-0.2	0.0	1000.0	0.1	0.00931363629255	0.00950160964669
23.5	0.872527647269	0.0	0.0	4.13398144733	10.0	0.00931363629255	0.00931363629255	0.00931363629255	0.0872527647269	0.00931363629255	-0.2	0.0	1000.0	0.1	0.00912938167278	0.00931363629255
23.6	0.864757811973	0.0	0.0	4.14266422079	10.0	0.00912938167278	0.00912938167278	0.00912938167278	0.0864757811973	0.00912938167278	-0.2	0.0	1000.0	0.1	0.00894877221863	0.00912938167278
23.7	0.857047289587	0.0	0.0	4.1512696204	10.0	0.00894877221863	0.00894877221863	0.00894877221863	0.0857047289587	0.00894877221863	-0.2	0.0	1000.0	0.1	0.00877173581681	0.00894877221863
23.8	0.849395845573	0.0	0.0	4.15979823799	10.0	0.00877173581681	0.00877173581681	0.00877173581681	0.0849395845573	0.00877173581681	-0.2	0.0	1000.0	0.1	0.00859820178065	0.00877173581681
23.9	0.841803240696	0.0	0.0	4.16825066305	10.0	0.00859820178065	0.00859820178065	0.00859820178065	0.0841803240696	0.00859820178065	-0.2	0.0	1000.0	0.1	0.00842810082187	0.00859820178065
24.0	0.834269231207	0.0	0.0	4.17662748262	10.0	0.00842810082187	0.00842810082187	0.00842810082187	0.0834269231207	0.00842810082187	-0.2	0.0	1000.0	0.1	0.00826136502296	0.00842810082187
24.1	0.826793569029	0.0	0.0	4.1849292813	10.0	0.00826136502296	0.00826136502296	0.00826136502296	0.0826793569029	0.00826136502296	-0.2	0.0	1000.0	0.1	0.00809792781004	0.00826136502296
24.2	0.819376001928	0.0	0.0	4.19315664118	10.0	0.00809792781004	0.00809792781004	0.00809792781004	0.0819376001928	0.00809792781004	-0.2	0.0	1000.0	0.1	0.00793772392626	0.00809792781004
24.3	0.81201627369	0.0	0.0	4.20131014181	10.0	0.00793772392626	0.00793772392626	0.00793772392626	0.081201627369	0.00793772392626	-0.2	0.0	1000.0	0.1	0.00778068940577	0.00793772392626
24.4	0.804714124289	0.0	0.0	4.20939036015	10.0	0.00778068940577	0.00778068940577	0.00778068940577	0.0804714124289	0.00778068940577	-0.2	0.0	1000.0	0.1	0.00762676154817	0.00778068940577
24.5	0.797469290046	0.0	0.0	4.21739787055	10.0	0.00762676154817	0.00762676154817	0.00762676154817	0.0797469290046	0.00762676154817	-0.2	0.0	1000.0	0.1	0.00747587889349	0.00762676154817
24.6	0.790281503794	0.0	0.0	4.22533324469	10.0	0.00747587889349	0.00747587889349	0.00747587889349	0.0790281503794	0.00747587889349	-0.2	0.0	1000.0	0.1	0.00732798119761	0.00747587889349
24.7	0.783150495032	0.0	0.0	4.23319705157	10.0	0.00732798119761	0.00732798119761	0.00732798119761	0.0783150495032	0.00732798119761	-0.2	0.0	1000.0	0.1	0.00718300940826	0.00732798119761
24.8	0.776075990073	0.0	0.0	4.24098985747	10.0	0.00718300940826	0.00718300940826	0.00718300940826	0.0776075990073	0.00718300940826	-0.2	0.0	1000.0	0.1	0.0070409056414	0.00718300940826
24.9	0.769057712199	0.0	0.0	4.24871222591	10.0	0.0070409056414	0.0070409056414	0.0070409056414	0.0769057712199	0.0070409056414	-0.2	0.0	1000.0	0.1	0.00690161315813	0.0070409056414
25.0	0.762095381799	0.0	0.0	4.25636471763	10.0	0.00690161315813	0.00690161315813	0.00690161315813	0.0762095381799	0.00690161315813	-0.2	0.0	1000.0	0.1	0.00676507634203	0.00690161315813
25.1	0.755188716511	0.0	0.0	4.26394789055	10.0	0.00676507634203	0.00676507634203	0.00676507634203	0.0755188716511	0.00676507634203	-0.2	0.0	1000.0	0.1	0.00663124067695	0.00676507634203
25.2	0.74833743136	0.0	0.0	4.27146229977	10.0	0.00663124067695	0.00663124067695	0.00663124067695	0.074833743136	0.00663124067695	-0.2	0.0	1000.0	0.1	0.00650005272524	0.00663124067695
25.3	0.74154123889	0.0	0.0	4.27890849751	10.0	0.00650005272524	0.00650005272524	0.00650005272524	0.074154123889	0.00650005272524	-0.2	0.0	1000.0	0.1	0.00637146010644	0.00650005272524
25.4	0.734799849297	0.0	0.0	4.28628703312	10.0	0.00637146010644	0.00637146010644	0.00637146010644	0.0734799849297	0.00637146010644	-0.2	0.0	1000.0	0.1	0.00624541147633	0.00637146010644
25.5	0.728112970548	0.0	0.0	4.29359845301	10.0	0.00624541147633	0.00624541147633	0.00624541147633	0.0728112970548	0.00624541147633	-0.2	0.0	1000.0	0.1	0.00612185650644	0.00624541147633
25.6	0.721480308514	0.0	0.0	4.3008433007	10.0	0.00612185650644	0.00612185650644	0.00612185650644	0.0721480308514	0.00612185650644	-0.2	0.0	1000.0	0.1	0.00600074586398	0.00612185650644
25.7	0.714901567081	0.0	0.0	4.30802211672	10.0	0.00600074586398	0.00600074586398	0.00600074586398	0.0714901567081	0.00600074586398	-0.2	0.0	1000.0	0.1	0.00588203119211	0.00600074586398
25.8	0.708376448272	0.0	0.0	4.31513543864	10.0	0.00588203119211	0.00588203119211	0.00588203119211	0.0708376448272	0.00588203119211	-0.2	0.0	1000.0	0.1	0.00576566509064	0.00588203119211
25.9	0.701904652359	0.0	0.0	4.32218380107	10.0	0.00576566509064	0.00576566509064	0.00576566509064	0.0701904652359	0.00576566509064	-0.2	0.0	1000.0	0.1	0.00565160109713	0.00576566509064
26.0	0.695485877976	0.0	0.0	4.32916773556	10.0	0.00565160109713	0.00565160109713	0.00565160109713	0.0695485877976	0.00565160109713	-0.2	0.0	1000.0	0.1	0.0055397936683	0.00565160109713
26.1	0.689119822222	0.0	0.0	4.33608777068	10.0	0.0055397936683	0.0055397936683	0.0055397936683	0.0689119822222	0.0055397936683	-0.2	0.0	1000.0	0.1	0.00543019816186	0.0055397936683
26.2	0.68280618077	0.0	0.0	4.34294443195	10.0	0.00543019816186	0.00543019816186	0.00543019816186	0.068280618077	0.00543019816186	-0.2	0.0	1000.0	0.1	0.00532277081872	0.00543019816186
26.3	0.676544647966	0.0	0.0	4.34973824183	10.0	0.00532277081872	0.00532277081872	0.00532277081872	0.0676544647966	0.00532277081872	-0.2	0.0	1000.0	0.1	0.00521746874545	0.00532277081872
26.4	0.670334916933	0.0	0.0	4.35646971974	10.0	0.00521746874545	0.00521746874545	0.00521746874545	0.0670334916933	0.00521746874545	-0.2	0.0	1000.0	0.1	0.00511424989722	0.00521746874545
26.5	0.66417667966	0.0	0.0	4.363139382	10.0	0.00511424989722	0.00511424989722	0.00511424989722	0.066417667966	0.00511424989722	-0.2	0.0	1000.0	0.1	0.00501307306096	0.00511424989722
26.6	0.658069627106	0.0	0.0	4.36974774186	10.0	0.00501307306096	0.00501307306096	0.00501307306096	0.0658069627106	0.00501307306096	-0.2	0.0	1000.0	0.1	0.00491389783895	0.00501307306096
26.7	0.65201344928	0.0	0.0	4.37629530947	10.0	0.00491389783895	0.00491389783895	0.00491389783895	0.065201344928	0.00491389783895	-0.2	0.0	1000.0	0.1	0.00481668463267	0.00491389783895
26.8	0.64600783534	0.0	0.0	4.38278259188	10.0	0.00481668463267	0.00481668463267	0.00481668463267	0.064600783534	0.00481668463267	-0.2	0.0	1000.0	0.1	0.00472139462696	0.00481668463267
26.9	0.640052473673	0.0	0.0	4.38921009301	10.0	0.00472139462696	0.00472139462696	0.00472139462696	0.0640052473673	0.00472139462696	-0.2	0.0	1000.0	0.1	0.00462798977458	0.00472139462696
27.0	0.634147051983	0.0	0.0	4.39557831367	10.0	0.00462798977458	0.00462798977458	0.00462798977458	0.0634147051983	0.00462798977458	-0.2	0.0	1000.0	0.1	0.00453643278096	0.00462798977458
27.1	0.628291257367	0.0	0.0	4.40188775157	10.0	0.00453643278096	0.00453643278096	0.00453643278096	0.0628291257367	0.00453643278096	-0.2	0.0	1000.0	0.1	0.00444668708938	0.00453643278096
27.2	0.622484776403	0.0	0.0	4.40813890124	10.0	0.00444668708938	0.00444668708938	0.00444668708938	0.0622484776403	0.00444668708938	-0.2	0.0	1000.0	0.1	0.00435871686629	0.00444668708938
27.3	0.616727295219	0.0	0.0	4.41433225411	10.0	0.00435871686629	0.00435871686629	0.00435871686629	0.0616727295219	0.00435871686629	-0.2	0.0	1000.0	0.1	0.00427248698706	0.00435871686629
27.4	0.611018499571	0.0	0.0	4.42046829846	10.0	0.00427248698706	0.00427248698706	0.00427248698706	0.0611018499571	0.00427248698706	-0.2	0.0	1000.0	0.1	0.00418796302195	0.00427248698706
27.5	0.60535807492	0.0	0.0	4.42654751941	10.0	0.00418796302195	0.00418796302195	0.00418796302195	0.060535807492	0.00418796302195	-0.2	0.0	1000.0	0.1	0.00410511122234	0.00418796302195
27.6	0.599745706494	0.0	0.0	4.43257039896	10.0	0.00410511122234	0.00410511122234	0.00410511122234	0.0599745706494	0.00410511122234	-0.2	0.0	1000.0	0.1	0.00402389850727	0.00410511122234
27.7	0.594181079365	0.0	0.0	4.43853741594	10.0	0.00402389850727	0.00402389850727	0.00402389850727	0.0594181079365	0.00402389850727	-0.2	0.0	1000.0	0.1	0.00394429245022	0.00402389850727
27.8	0.58866387851	0.0	0.0	4.44444904604	10.0	0.00394429245022	0.00394429245022	0.00394429245022	0.058866387851	0.00394429245022	-0.2	0.0	1000.0	0.1	0.00386626126621	0.00394429245022
27.9	0.583193788878	0.0	0.0	4.4503057618	10.0	0.00386626126621	0.00386626126621	0.00386626126621	0.0583193788878	0.00386626126621	-0.2	0.0	1000.0	0.1	0.00378977379902	0.00386626126621
28.0	0.577770495453	0.0	0.0	4.4561080326	10.0	0.00378977379902	0.00378977379902	0.00378977379902	0.0577770495453	0.00378977379902	-0.2	0.0	1000.0	0.1	0.00371479950885	0.00378977379902
28.1	0.572393683317	0.0	0.0	4.46185632469	10.0	0.00371479950885	0.00371479950885	0.00371479950885	0.0572393683317	0.00371479950885	-0.2	0.0	1000.0	0.1	0.00364130846003	0.00371479950885
28.2	0.567063037703	0.0	0.0	4.46755110115	10.0	0.00364130846003	0.00364130846003	0.00364130846003	0.0567063037703	0.00364130846003	-0.2	0.0	1000.0	0.1	0.00356927130915	0.00364130846003
28.3	0.561778244058	0.0	0.0	4.47319282193	10.0	0.00356927130915	0.00356927130915	0.00356927130915	0.0561778244058	0.00356927130915	-0.2	0.0	1000.0	0.1	0.00349865929329	0.00356927130915
28.4	0.556538988096	0.0	0.0	4.47878194382	10.0	0.00349865929329	0.00349865929329	0.00349865929329	0.0556538988096	0.00349865929329	-0.2	0.0	1000.0	0.1	0.00342944421858	0.00349865929329
28.5	0.551344955854	0.0	0.0	4.48431892048	10.0	0.00342944421858	0.00342944421858	0.00342944421858	0.0551344955854	0.00342944421858	-0.2	0.0	1000.0	0.1	0.00336159844889	0.00342944421858
28.6	0.546195833743	0.0	0.0	4.48980420244	10.0	0.00336159844889	0.00336159844889	0.00336159844889	0.0546195833743	0.00336159844889	-0.2	0.0	1000.0	0.1	0.00329509489483	0.00336159844889
28.7	0.541091308596	0.0	0.0	4.49523823707	10.0	0.00329509489483	0.00329509489483	0.00329509489483	0.0541091308596	0.00329509489483	-0.2	0.0	1000.0	0.1	0.00322990700293	0.00329509489483
28.8	0.536031067723	0.0	0.0	4.50062146865	10.0	0.00322990700293	0.00322990700293	0.00322990700293	0.0536031067723	0.00322990700293	-0.2	0.0	1000.0	0.1	0.00316600874504	0.00322990700293
28.9	0.531014798952	0.0	0.0	4.50595433829	10.0	0.00316600874504	0.00316600874504	0.00316600874504	0.0531014798952	0.00316600874504	-0.2	0.0	1000.0	0.1	0.00310337460793	0.00316600874504
29.0	0.526042190682	0.0	0.0	4.51123728402	10.0	0.00310337460793	0.00310337460793	0.00310337460793	0.0526042190682	0.00310337460793	-0.2	0.0	1000.0	0.1	0.00304197958309	0.00310337460793
29.1	0.521112931921	0.0	0.0	4.51647074074	10.0	0.00304197958309	0.00304197958309	0.00304197958309	0.0521112931921	0.00304197958309	-0.2	0.0	1000.0	0.1	0.00298179915677	0.00304197958309
29.2	0.516226712333	0.0	0.0	4.52165514025	10.0	0.00298179915677	0.00298179915677	0.00298179915677	0.0516226712333	0.00298179915677	-0.2	0.0	1000.0	0.1	0.00292280930021	0.00298179915677
29.3	0.511383222278	0.0	0.0	4.52679091123	10.0	0.00292280930021	0.00292280930021	0.00292280930021	0.0511383222278	0.00292280930021	-0.2	0.0	1000.0	0.1	0.00286498645997	0.00292280930021
29.4	0.506582152854	0.0	0.0	4.5318784793	10.0	0.00286498645997	0.00286498645997	0.00286498645997	0.0506582152854	0.00286498645997	-0.2	0.0	1000.0	0.1	0.0028083075486	0.00286498645997
29.5	0.501823195934	0.0	0.0	4.53691826698	10.0	0.0028083075486	0.0028083075486	0.0028083075486	0.0501823195934	0.0028083075486	-0.2	0.0	1000.0	0.1	0.0027527499354	0.0028083075486
29.6	0.497106044205	0.0	0.0	4.5419106937	10.0	0.0027527499354	0.0027527499354	0.0027527499354	0.0497106044205	0.0027527499354	-0.2	0.0	1000.0	0.1	0.00269829143737	0.0027527499354
29.7	0.492430391205	0.0	0.0	4.54685617584	10.0	0.00269829143737	0.00269829143737	0.00269829143737	0.0492430391205	0.00269829143737	-0.2	0.0	1000.0	0.1	0.00264491031037	0.00269829143737
29.8	0.487795931357	0.0	0.0	4.55175512672	10.0	0.00264491031037	0.00264491031037	0.00264491031037	0.0487795931357	0.00264491031037	-0.2	0.0	1000.0	0.1	0.00259258524041	0.00264491031037
29.9	0.483202360002	0.0	0.0	4.5566079566	10.0	0.00259258524041	0.00259258524041	0.00259258524041	0.0483202360002	0.00259258524041	-0.2	0.0	1000.0	0.1	0.00254129533519	0.00259258524041
30.0	0.478649373435	0.0	0.0	4.5614150727	10.0	0.00254129533519	0.00254129533519	0.00254129533519	0.0478649373435	0.00254129533519	-0.2	0.0	1000.0	0.1	0.00249102011571	0.00254129533519
30.1	0.474136668934	0.0	0.0	4.56617687921	10.0	0.00249102011571	0.00249102011571	0.00249102011571	0.0474136668934	0.00249102011571	-0.2	0.0	1000.0	0.1	0.00244173950812	0.00249102011571
30.2	0.469663944791	0.0	0.0	4.57089377731	10.0	0.00244173950812	0.00244173950812	0.00244173950812	0.0469663944791	0.00244173950812	-0.2	0.0	1000.0	0.1	0.00239343383569	0.00244173950812
30.3	0.465230900341	0.0	0.0	4.57556616514	10.0	0.00239343383569	0.00239343383569	0.00239343383569	0.0465230900341	0.00239343383569	-0.2	0.0	1000.0	0.1	0.00234608381096	0.00239343383569
30.4	0.460837235994	0.0	0.0	4.58019443787	10.0	0.00234608381096	0.00234608381096	0.00234608381096	0.0460837235994	0.00234608381096	-0.2	0.0	1000.0	0.1	0.00229967052806	0.00234608381096
30.5	0.456482653255	0.0	0.0	4.58477898766	10.0	0.00229967052806	0.00229967052806	0.00229967052806	0.0456482653255	0.00229967052806	-0.2	0.0	1000.0	0.1	0.0022541754551	0.00229967052806
30.6	0.452166854759	0.0	0.0	4.5893202037	10.0	0.0022541754551	0.0022541754551	0.0022541754551	0.0452166854759	0.0022541754551	-0.2	0.0	1000.0	0.1	0.00220958042686	0.0022541754551
30.7	0.447889544289	0.0	0.0	4.59381847222	10.0	0.00220958042686	0.00220958042686	0.00220958042686	0.0447889544289	0.00220958042686	-0.2	0.0	1000.0	0.1	0.00216586763744	0.00220958042686
30.8	0.443650426802	0.0	0.0	4.59827417646	10.0	0.00216586763744	0.00216586763744	0.00216586763744	0.0443650426802	0.00216586763744	-0.2	0.0	1000.0	0.1	0.00212301963324	0.00216586763744
30.9	0.439449208458	0.0	0.0	4.60268769677	10.0	0.00212301963324	0.00212301963324	0.00212301963324	0.0439449208458	0.00212301963324	-0.2	0.0	1000.0	0.1	0.00208101930593	0.00212301963324
31.0	0.435285596634	0.0	0.0	4.60705941053	10.0	0.00208101930593	0.00208101930593	0.00208101930593	0.0435285596634	0.00208101930593	-0.2	0.0	1000.0	0.1	0.00203984988564	0.00208101930593
31.1	0.431159299951	0.0	0.0	4.6113896922	10.0	0.00203984988564	0.00203984988564	0.00203984988564	0.0431159299951	0.00203984988564	-0.2	0.0	1000.0	0.1	0.00199949493427	0.00203984988564
31.2	0.427070028291	0.0	0.0	4.61567891335	10.0	0.00199949493427	0.00199949493427	0.00199949493427	0.0427070028291	0.00199949493427	-0.2	0.0	1000.0	0.1	0.0019599383389	0.00199949493427
31.3	0.423017492823	0.0	0.0	4.61992744265	10.0	0.0019599383389	0.0019599383389	0.0019599383389	0.0423017492823	0.0019599383389	-0.2	0.0	1000.0	0.1	0.0019211643054	0.0019599383389
31.4	0.419001406015	0.0	0.0	4.62413564589	10.0	0.0019211643054	0.0019211643054	0.0019211643054	0.0419001406015	0.0019211643054	-0.2	0.0	1000.0	0.1	0.0018831573521	0.0019211643054
31.5	0.415021481653	0.0	0.0	4.62830388599	10.0	0.0018831573521	0.0018831573521	0.0018831573521	0.0415021481653	0.0018831573521	-0.2	0.0	1000.0	0.1	0.00184590230359	0.0018831573521
31.6	0.411077434866	0.0	0.0	4.63243252301	10.0	0.00184590230359	0.00184590230359	0.00184590230359	0.0411077434866	0.00184590230359	-0.2	0.0	1000.0	0.1	0.0018093842847	0.00184590230359
31.7	0.40716898213	0.0	0.0	4.63652191417	10.0	0.0018093842847	0.0018093842847	0.0018093842847	0.040716898213	0.0018093842847	-0.2	0.0	1000.0	0.1	0.00177358871452	0.0018093842847
31.8	0.403295841296	0.0	0.0	4.64057241388	10.0	0.00177358871452	0.00177358871452	0.00177358871452	0.0403295841296	0.00177358871452	-0.2	0.0	1000.0	0.1	0.00173850130061	0.00177358871452
31.9	0.399457731597	0.0	0.0	4.64458437371	10.0	0.00173850130061	0.00173850130061	0.00173850130061	0.0399457731597	0.00173850130061	-0.2	0.0	1000.0	0.1	0.00170410803328	0.00173850130061
32.0	0.395654373666	0.0	0.0	4.64855814244	10.0	0.00170410803328	0.00170410803328	0.00170410803328	0.0395654373666	0.00170410803328	-0.2	0.0	1000.0	0.1	0.00167039518	0.00170410803328
32.1	0.391885489549	0.0	0.0	4.65249406608	10.0	0.00167039518	0.00167039518	0.00167039518	0.0391885489549	0.00167039518	-0.2	0.0	1000.0	0.1	0.00163734927992	0.00167039518
32.2	0.388150802715	0.0	0.0	4.65639248784	10.0	0.00163734927992	0.00163734927992	0.00163734927992	0.0388150802715	0.00163734927992	-0.2	0.0	1000.0	0.1	0.00160495713847	0.00163734927992
32.3	0.384450038075	0.0	0.0	4.66025374819	10.0	0.00160495713847	0.00160495713847	0.00160495713847	0.0384450038075	0.00160495713847	-0.2	0.0	1000.0	0.1	0.00157320582214	0.00160495713847
32.4	0.380782921987	0.0	0.0	4.66407818486	10.0	0.00157320582214	0.00157320582214	0.00157320582214	0.0380782921987	0.00157320582214	-0.2	0.0	1000.0	0.1	0.00154208265326	0.00157320582214
32.5	0.37714918227	0.0	0.0	4.66786613284	10.0	0.00154208265326	0.00154208265326	0.00154208265326	0.037714918227	0.00154208265326	-0.2	0.0	1000.0	0.1	0.00151157520498	0.00154208265326
32.6	0.373548548215	0.0	0.0	4.67161792442	10.0	0.00151157520498	0.00151157520498	0.00151157520498	0.0373548548215	0.00151157520498	-0.2	0.0	1000.0	0.1	0.0014816712963	0.00151157520498
32.7	0.369980750593	0.0	0.0	4.67533388917	10.0	0.0014816712963	0.0014816712963	0.0014816712963	0.0369980750593	0.0014816712963	-0.2	0.0	1000.0	0.1	0.0014523589872	0.0014816712963
32.8	0.366445521665	0.0	0.0	4.679014354	10.0	0.0014523589872	0.0014523589872	0.0014523589872	0.0366445521665	0.0014523589872	-0.2	0.0	1000.0	0.1	0.00142362657385	0.0014523589872
32.9	0.362942595191	0.0	0.0	4.68265964313	10.0	0.00142362657385	0.00142362657385	0.00142362657385	0.0362942595191	0.00142362657385	-0.2	0.0	1000.0	0.1	0.00139546258399	0.00142362657385
33.0	0.359471706439	0.0	0.0	4.68627007814	10.0	0.00139546258399	0.00139546258399	0.00139546258399	0.0359471706439	0.00139546258399	-0.2	0.0	1000.0	0.1	0.0013678557723	0.00139546258399
33.1	0.35603259219	0.0	0.0	4.68984597797	10.0	0.0013678557723	0.0013678557723	0.0013678557723	0.035603259219	0.0013678557723	-0.2	0.0	1000.0	0.1	0.00134079511593	0.0013678557723
33.2	0.352624990748	0.0	0.0	4.69338765892	10.0	0.00134079511593	0.00134079511593	0.00134079511593	0.0352624990748	0.00134079511593	-0.2	0.0	1000.0	0.1	0.00131426981013	0.00134079511593
33.3	0.349248641943	0.0	0.0	4.69689543471	10.0	0.00131426981013	0.00131426981013	0.00131426981013	0.0349248641943	0.00131426981013	-0.2	0.0	1000.0	0.1	0.00128826926385	0.00131426981013
33.4	0.345903287142	0.0	0.0	4.70036961643	10.0	0.00128826926385	0.00128826926385	0.00128826926385	0.0345903287142	0.00128826926385	-0.2	0.0	1000.0	0.1	0.00126278309562	0.00128826926385
33.5	0.342588669249	0.0	0.0	4.70381051264	10.0	0.00126278309562	0.00126278309562	0.00126278309562	0.0342588669249	0.00126278309562	-0.2	0.0	1000.0	0.1	0.0012378011293	0.00126278309562
33.6	0.339304532715	0.0	0.0	4.70721842928	10.0	0.0012378011293	0.0012378011293	0.0012378011293	0.0339304532715	0.0012378011293	-0.2	0.0	1000.0	0.1	0.00121331339011	0.0012378011293
33.7	0.336050623539	0.0	0.0	4.7105936698	10.0	0.00121331339011	0.00121331339011	0.00121331339011	0.0336050623539	0.00121331339011	-0.2	0.0	1000.0	0.1	0.00118931010058	0.00121331339011
33.8	0.332826689276	0.0	0.0	4.71393653507	10.0	0.00118931010058	0.00118931010058	0.00118931010058	0.0332826689276	0.00118931010058	-0.2	0.0	1000.0	0.1	0.00116578167668	0.00118931010058
33.9	0.329632479036	0.0	0.0	4.71724732348	10.0	0.00116578167668	0.00116578167668	0.00116578167668	0.0329632479036	0.00116578167668	-0.2	0.0	1000.0	0.1	0.00114271872398	0.00116578167668
34.0	0.32646774349	0.0	0.0	4.7205263309	10.0	0.00114271872398	0.00114271872398	0.00114271872398	0.032646774349	0.00114271872398	-0.2	0.0	1000.0	0.1	0.00112011203391	0.00114271872398
34.1	0.323332234876	0.0	0.0	4.72377385071	10.0	0.00112011203391	0.00112011203391	0.00112011203391	0.0323332234876	0.00112011203391	-0.2	0.0	1000.0	0.1	0.00109795258006	0.00112011203391
34.2	0.320225706994	0.0	0.0	4.72699017385	10.0	0.00109795258006	0.00109795258006	0.00109795258006	0.0320225706994	0.00109795258006	-0.2	0.0	1000.0	0.1	0.00107623151461	0.00109795258006
34.3	0.317147915217	0.0	0.0	4.73017558878	10.0	0.00107623151461	0.00107623151461	0.00107623151461	0.0317147915217	0.00107623151461	-0.2	0.0	1000.0	0.1	0.00105494016477	0.00107623151461
34.4	0.314098616484	0.0	0.0	4.73333038153	10.0	0.00105494016477	0.00105494016477	0.00105494016477	0.0314098616484	0.00105494016477	-0.2	0.0	1000.0	0.1	0.00103407002932	0.00105494016477
34.5	0.31107756931	0.0	0.0	4.73645483571	10.0	0.00103407002932	0.00103407002932	0.00103407002932	0.031107756931	0.00103407002932	-0.2	0.0	1000.0	0.1	0.00101361277525	0.00103407002932
34.6	0.308084533781	0.0	0.0	4.73954923252	10.0	0.00101361277525	0.00101361277525	0.00101361277525	0.0308084533781	0.00101361277525	-0.2	0.0	1000.0	0.1	0.000993560234369	0.00101361277525
34.7	0.305119271556	0.0	0.0	4.74261385076	10.0	0.000993560234369	0.000993560234369	0.000993560234369	0.0305119271556	0.000993560234369	-0.2	0.0	1000.0	0.1	0.000973904400103	0.000993560234369
34.8	0.302181545869	0.0	0.0	4.74564896689	10.0	0.000973904400103	0.000973904400103	0.000973904400103	0.0302181545869	0.000973904400103	-0.2	0.0	1000.0	0.1	0.000954637424269	0.000973904400103
34.9	0.299271121528	0.0	0.0	4.74865485497	10.0	0.000954637424269	0.000954637424269	0.000954637424269	0.0299271121528	0.000954637424269	-0.2	0.0	1000.0	0.1	0.000935751613945	0.000954637424269
35.0	0.296387764917	0.0	0.0	4.75163178675	10.0	0.000935751613945	0.000935751613945	0.000935751613945	0.0296387764917	0.000935751613945	-0.2	0.0	1000.0	0.1	0.000917239428401	0.000935751613945
35.1	0.293531243989	0.0	0.0	4.75458003162	10.0	0.000917239428401	0.000917239428401	0.000917239428401	0.0293531243989	0.000917239428401	-0.2	0.0	1000.0	0.1	0.00089909347609	0.000917239428401
35.2	0.290701328275	0.0	0.0	4.75749985668	10.0	0.00089909347609	0.00089909347609	0.00089909347609	0.0290701328275	0.00089909347609	-0.2	0.0	1000.0	0.1	0.000881306511693	0.00089909347609
35.3	0.287897788874	0.0	0.0	4.76039152673	10.0	0.000881306511693	0.000881306511693	0.000881306511693	0.0287897788874	0.000881306511693	-0.2	0.0	1000.0	0.1	0.000863871433227	0.000881306511693
35.4	0.285120398456	0.0	0.0	4.76325530429	10.0	0.000863871433227	0.000863871433227	0.000863871433227	0.0285120398456	0.000863871433227	-0.2	0.0	1000.0	0.1	0.000846781279209	0.000863871433227
35.5	0.282368931259	0.0	0.0	4.76609144962	10.0	0.000846781279209	0.000846781279209	0.000846781279209	0.0282368931259	0.000846781279209	-0.2	0.0	1000.0	0.1	0.000830029225881	0.000846781279209
35.6	0.279643163091	0.0	0.0	4.76890022071	10.0	0.000830029225881	0.000830029225881	0.000830029225881	0.0279643163091	0.000830029225881	-0.2	0.0	1000.0	0.1	0.000813608584478	0.000830029225881
35.7	0.276942871319	0.0	0.0	4.77168187334	10.0	0.000813608584478	0.000813608584478	0.000813608584478	0.0276942871319	0.000813608584478	-0.2	0.0	1000.0	0.1	0.000797512798563	0.000813608584478
35.8	0.274267834877	0.0	0.0	4.77443666106	10.0	0.000797512798563	0.000797512798563	0.000797512798563	0.0274267834877	0.000797512798563	-0.2	0.0	1000.0	0.1	0.000781735441406	0.000797512798563
35.9	0.271617834256	0.0	0.0	4.77716483523	10.0	0.000781735441406	0.000781735441406	0.000781735441406	0.0271617834256	0.000781735441406	-0.2	0.0	1000.0	0.1	0.000766270213419	0.000781735441406
36.0	0.268992651505	0.0	0.0	4.779866645	10.0	0.000766270213419	0.000766270213419	0.000766270213419	0.0268992651505	0.000766270213419	-0.2	0.0	1000.0	0.1	0.000751110939641	0.000766270213419
36.1	0.266392070224	0.0	0.0	4.78254233737	10.0	0.000751110939641	0.000751110939641	0.000751110939641	0.0266392070224	0.000751110939641	-0.2	0.0	1000.0	0.1	0.000736251567274	0.000751110939641
36.2	0.263815875567	0.0	0.0	4.78519215719	10.0	0.000736251567274	0.000736251567274	0.000736251567274	0.0263815875567	0.000736251567274	-0.2	0.0	1000.0	0.1	0.000721686163263	0.000736251567274
36.3	0.261263854231	0.0	0.0	4.78781634714	10.0	0.000721686163263	0.000721686163263	0.000721686163263	0.0261263854231	0.000721686163263	-0.2	0.0	1000.0	0.1	0.000707408911929	0.000721686163263
36.4	0.258735794459	0.0	0.0	4.7904151478	10.0	0.000707408911929	0.000707408911929	0.000707408911929	0.0258735794459	0.000707408911929	-0.2	0.0	1000.0	0.1	0.000693414112645	0.000707408911929
36.5	0.256231486031	0.0	0.0	4.79298879764	10.0	0.000693414112645	0.000693414112645	0.000693414112645	0.0256231486031	0.000693414112645	-0.2	0.0	1000.0	0.1	0.000679696177564	0.000693414112645
36.6	0.253750720262	0.0	0.0	4.79553753303	10.0	0.000679696177564	0.000679696177564	0.000679696177564	0.0253750720262	0.000679696177564	-0.2	0.0	1000.0	0.1	0.000666249629382	0.000679696177564
36.7	0.251293290001	0.0	0.0	4.79806158825	10.0	0.000666249629382	0.000666249629382	0.000666249629382	0.0251293290001	0.000666249629382	-0.2	0.0	1000.0	0.1	0.000653069099158	0.000666249629382
36.8	0.248858989619	0.0	0.0	4.80056119554	10.0	0.000653069099158	0.000653069099158	0.000653069099158	0.0248858989619	0.000653069099158	-0.2	0.0	1000.0	0.1	0.000640149324165	0.000653069099158
36.9	0.246447615011	0.0	0.0	4.80303658508	10.0	0.000640149324165	0.000640149324165	0.000640149324165	0.0246447615011	0.000640149324165	-0.2	0.0	1000.0	0.1	0.000627485145789	0.000640149324165
37.0	0.244058963588	0.0	0.0	4.80548798502	10.0	0.000627485145789	0.000627485145789	0.000627485145789	0.0244058963588	0.000627485145789	-0.2	0.0	1000.0	0.1	0.000615071507472	0.000627485145789
37.1	0.241692834274	0.0	0.0	4.80791562149	10.0	0.000615071507472	0.000615071507472	0.000615071507472	0.0241692834274	0.000615071507472	-0.2	0.0	1000.0	0.1	0.000602903452691	0.000615071507472
37.2	0.239349027499	0.0	0.0	4.81031971861	10.0	0.000602903452691	0.000602903452691	0.000602903452691	0.0239349027499	0.000602903452691	-0.2	0.0	1000.0	0.1	0.00059097612298	0.000602903452691
37.3	0.237027345196	0.0	0.0	4.81270049852	10.0	0.00059097612298	0.00059097612298	0.00059097612298	0.0237027345196	0.00059097612298	-0.2	0.0	1000.0	0.1	0.000579284755989	0.00059097612298
37.4	0.234727590792	0.0	0.0	4.8150581814	10.0	0.000579284755989	0.000579284755989	0.000579284755989	0.0234727590792	0.000579284755989	-0.2	0.0	1000.0	0.1	0.000567824683585	0.000579284755989
37.5	0.232449569206	0.0	0.0	4.81739298546	10.0	0.000567824683585	0.000567824683585	0.000567824683585	0.0232449569206	0.000567824683585	-0.2	0.0	1000.0	0.1	0.000556591329983	0.000567824683585
37.6	0.230193086842	0.0	0.0	4.81970512695	10.0	0.000556591329983	0.000556591329983	0.000556591329983	0.0230193086842	0.000556591329983	-0.2	0.0	1000.0	0.1	0.000545580209926	0.000556591329983
37.7	0.227957951585	0.0	0.0	4.82199482023	10.0	0.000545580209926	0.000545580209926	0.000545580209926	0.0227957951585	0.000545580209926	-0.2	0.0	1000.0	0.1	0.000534786926887	0.000545580209926
37.8	0.22574397279	0.0	0.0	4.82426227772	10.0	0.000534786926887	0.000534786926887	0.000534786926887	0.022574397279	0.000534786926887	-0.2	0.0	1000.0	0.1	0.000524207171319	0.000534786926887
37.9	0.223550961282	0.0	0.0	4.82650770994	10.0	0.000524207171319	0.000524207171319	0.000524207171319	0.0223550961282	0.000524207171319	-0.2	0.0	1000.0	0.1	0.000513836718932	0.000524207171319
38.0	0.221378729347	0.0	0.0	4.82873132555	10.0	0.000513836718932	0.000513836718932	0.000513836718932	0.0221378729347	0.000513836718932	-0.2	0.0	1000.0	0.1	0.000503671429006	0.000513836718932
38.1	0.219227090725	0.0	0.0	4.83093333132	10.0	0.000503671429006	0.000503671429006	0.000503671429006	0.0219227090725	0.000503671429006	-0.2	0.0	1000.0	0.1	0.000493707242739	0.000503671429006
38.2	0.217095860607	0.0	0.0	4.83311393216	10.0	0.000493707242739	0.000493707242739	0.000493707242739	0.0217095860607	0.000493707242739	-0.2	0.0	1000.0	0.1	0.000483940181625	0.000493707242739
38.3	0.214984855624	0.0	0.0	4.83527333116	10.0	0.000483940181625	0.000483940181625	0.000483940181625	0.0214984855624	0.000483940181625	-0.2	0.0	1000.0	0.1	0.000474366345866	0.000483940181625
38.4	0.212893893845	0.0	0.0	4.83741172957	10.0	0.000474366345866	0.000474366345866	0.000474366345866	0.0212893893845	0.000474366345866	-0.2	0.0	1000.0	0.1	0.000464981912816	0.000474366345866
38.5	0.210822794765	0.0	0.0	4.83952932684	10.0	0.000464981912816	0.000464981912816	0.000464981912816	0.0210822794765	0.000464981912816	-0.2	0.0	1000.0	0.1	0.000455783135452	0.000464981912816
38.6	0.208771379305	0.0	0.0	4.84162632062	10.0	0.000455783135452	0.000455783135452	0.000455783135452	0.0208771379305	0.000455783135452	-0.2	0.0	1000.0	0.1	0.000446766340882	0.000455783135452
38.7	0.206739469801	0.0	0.0	4.84370290676	10.0	0.000446766340882	0.000446766340882	0.000446766340882	0.0206739469801	0.000446766340882	-0.2	0.0	1000.0	0.1	0.000437927928875	0.000446766340882
38.8	0.204726889996	0.0	0.0	4.84575927935	10.0	0.000437927928875	0.000437927928875	0.000437927928875	0.0204726889996	0.000437927928875	-0.2	0.0	1000.0	0.1	0.000429264370423	0.000437927928875
38.9	0.202733465038	0.0	0.0	4.84779563075	10.0	0.000429264370423	0.000429264370423	0.000429264370423	0.0202733465038	0.000429264370423	-0.2	0.0	1000.0	0.1	0.000420772206336	0.000429264370423
39.0	0.200759021467	0.0	0.0	4.84981215154	10.0	0.000420772206336	0.000420772206336	0.000420772206336	0.0200759021467	0.000420772206336	-0.2	0.0	1000.0	0.1	0.000412448045856	0.000420772206336
39.1	0.198803387212	0.0	0.0	4.8518090306	10.0	0.000412448045856	0.000412448045856	0.000412448045856	0.0198803387212	0.000412448045856	-0.2	0.0	1000.0	0.1	0.000404288565309	0.000412448045856
39.2	0.196866391584	0.0	0.0	4.85378645508	10.0	0.000404288565309	0.000404288565309	0.000404288565309	0.0196866391584	0.000404288565309	-0.2	0.0	1000.0	0.1	0.000396290506771	0.000404288565309
39.3	0.194947865267	0.0	0.0	4.85574461045	10.0	0.000396290506771	0.000396290506771	0.000396290506771	0.0194947865267	0.000396290506771	-0.2	0.0	1000.0	0.1	0.000388450676772	0.000396290506771
39.4	0.193047640311	0.0	0.0	4.85768368048	10.0	0.000388450676772	0.000388450676772	0.000388450676772	0.0193047640311	0.000388450676772	-0.2	0.0	1000.0	0.1	0.000380765945019	0.000388450676772
39.5	0.191165550124	0.0	0.0	4.85960384726	10.0	0.000380765945019	0.000380765945019	0.000380765945019	0.0191165550124	0.000380765945019	-0.2	0.0	1000.0	0.1	0.000373233243148	0.000380765945019
39.6	0.189301429467	0.0	0.0	4.86150529124	10.0	0.000373233243148	0.000373233243148	0.000373233243148	0.0189301429467	0.000373233243148	-0.2	0.0	1000.0	0.1	0.000365849563496	0.000373233243148
39.7	0.187455114446	0.0	0.0	4.86338819122	10.0	0.000365849563496	0.000365849563496	0.000365849563496	0.0187455114446	0.000365849563496	-0.2	0.0	1000.0	0.1	0.000358611957902	0.000365849563496
39.8	0.185626442502	0.0	0.0	4.86525272436	10.0	0.000358611957902	0.000358611957902	0.000358611957902	0.0185626442502	0.000358611957902	-0.2	0.0	1000.0	0.1	0.00035151753653	0.000358611957902
39.9	0.183815252408	0.0	0.0	4.8670990662	10.0	0.00035151753653	0.00035151753653	0.00035151753653	0.0183815252408	0.00035151753653	-0.2	0.0	1000.0	0.1	0.000344563466714	0.00035151753653
40.0	0.182021384254	0.0	0.0	4.8689273907	10.0	0.000344563466714	0.000344563466714	0.000344563466714	0.0182021384254	0.000344563466714	-0.2	0.0	1000.0	0.1	0.000337746971829	0.000344563466714
40.1	0.18024467945	0.0	0.0	4.8707378702	10.0	0.000337746971829	0.000337746971829	0.000337746971829	0.018024467945	0.000337746971829	-0.2	0.0	1000.0	0.1	0.000331065330178	0.000337746971829
40.2	0.178484980709	0.0	0.0	4.87253067548	10.0	0.000331065330178	0.000331065330178	0.000331065330178	0.0178484980709	0.000331065330178	-0.2	0.0	1000.0	0.1	0.000324515873912	0.000331065330178
40.3	0.176742132044	0.0	0.0	4.87430597573	10.0	0.000324515873912	0.000324515873912	0.000324515873912	0.0176742132044	0.000324515873912	-0.2	0.0	1000.0	0.1	0.000318095987958	0.000324515873912
40.4	0.175015978758	0.0	0.0	4.87606393862	10.0	0.000318095987958	0.000318095987958	0.000318095987958	0.0175015978758	0.000318095987958	-0.2	0.0	1000.0	0.1	0.000311803108979	0.000318095987958
40.5	0.173306367441	0.0	0.0	4.87780473024	10.0	0.000311803108979	0.000311803108979	0.000311803108979	0.0173306367441	0.000311803108979	-0.2	0.0	1000.0	0.1	0.00030563472435	0.000311803108979
40.6	0.171613145955	0.0	0.0	4.8795285152	10.0	0.00030563472435	0.00030563472435	0.00030563472435	0.0171613145955	0.00030563472435	-0.2	0.0	1000.0	0.1	0.000299588371153	0.00030563472435
40.7	0.169936163432	0.0	0.0	4.88123545656	10.0	0.000299588371153	0.000299588371153	0.000299588371153	0.0169936163432	0.000299588371153	-0.2	0.0	1000.0	0.1	0.000293661635195	0.000299588371153
40.8	0.168275270266	0.0	0.0	4.88292571589	10.0	0.000293661635195	0.000293661635195	0.000293661635195	0.0168275270266	0.000293661635195	-0.2	0.0	1000.0	0.1	0.000287852150045	0.000293661635195
40.9	0.166630318099	0.0	0.0	4.88459945327	10.0	0.000287852150045	0.000287852150045	0.000287852150045	0.0166630318099	0.000287852150045	-0.2	0.0	1000.0	0.1	0.000282157596088	0.000287852150045
41.0	0.165001159823	0.0	0.0	4.88625682731	10.0	0.000282157596088	0.000282157596088	0.000282157596088	0.0165001159823	0.000282157596088	-0.2	0.0	1000.0	0.1	0.000276575699595	0.000282157596088
41.1	0.163387649564	0.0	0.0	4.88789799514	10.0	0.000276575699595	0.000276575699595	0.000276575699595	0.0163387649564	0.000276575699595	-0.2	0.0	1000.0	0.1	0.000271104231824	0.000276575699595
41.2	0.161789642677	0.0	0.0	4.88952311245	10.0	0.000271104231824	0.000271104231824	0.000271104231824	0.0161789642677	0.000271104231824	-0.2	0.0	1000.0	0.1	0.000265741008122	0.000271104231824
41.3	0.16020699574	0.0	0.0	4.89113233349	10.0	0.000265741008122	0.000265741008122	0.000265741008122	0.016020699574	0.000265741008122	-0.2	0.0	1000.0	0.1	0.000260483887057	0.000265741008122
41.4	0.158639566543	0.0	0.0	4.89272581107	10.0	0.000260483887057	0.000260483887057	0.000260483887057	0.0158639566543	0.000260483887057	-0.2	0.0	1000.0	0.1	0.00025533076956	0.000260483887057
41.5	0.157087214083	0.0	0.0	4.89430369661	10.0	0.00025533076956	0.00025533076956	0.00025533076956	0.0157087214083	0.00025533076956	-0.2	0.0	1000.0	0.1	0.000250279598091	0.00025533076956
41.6	0.155549798552	0.0	0.0	4.8958661401	10.0	0.000250279598091	0.000250279598091	0.000250279598091	0.0155549798552	0.000250279598091	-0.2	0.0	1000.0	0.1	0.000245328355814	0.000250279598091
41.7	0.154027181336	0.0	0.0	4.89741329015	10.0	0.000245328355814	0.000245328355814	0.000245328355814	0.0154027181336	0.000245328355814	-0.2	0.0	1000.0	0.1	0.000240475065791	0.000245328355814
41.8	0.152519225	0.0	0.0	4.898945294	10.0	0.000240475065791	0.000240475065791	0.000240475065791	0.0152519225	0.000240475065791	-0.2	0.0	1000.0	0.1	0.000235717790198	0.000240475065791
41.9	0.151025793283	0.0	0.0	4.90046229749	10.0	0.000235717790198	0.000235717790198	0.000235717790198	0.0151025793283	0.000235717790198	-0.2	0.0	1000.0	0.1	0.000231054629546	0.000235717790198
42.0	0.149546751092	0.0	0.0	4.90196444514	10.0	0.000231054629546	0.000231054629546	0.000231054629546	0.0149546751092	0.000231054629546	-0.2	0.0	1000.0	0.1	0.000226483721922	0.000231054629546
42.1	0.148081964492	0.0	0.0	4.90345188012	10.0	0.000226483721922	0.000226483721922	0.000226483721922	0.0148081964492	0.000226483721922	-0.2	0.0	1000.0	0.1	0.000222003242251	0.000226483721922
42.2	0.146631300698	0.0	0.0	4.90492474423	10.0	0.000222003242251	0.000222003242251	0.000222003242251	0.0146631300698	0.000222003242251	-0.2	0.0	1000.0	0.1	0.000217611401563	0.000222003242251
42.3	0.145194628068	0.0	0.0	4.906383178	10.0	0.000217611401563	0.000217611401563	0.000217611401563	0.0145194628068	0.000217611401563	-0.2	0.0	1000.0	0.1	0.000213306446279	0.000217611401563
42.4	0.143771816095	0.0	0.0	4.90782732062	10.0	0.000213306446279	0.000213306446279	0.000213306446279	0.0143771816095	0.000213306446279	-0.2	0.0	1000.0	0.1	0.000209086657514	0.000213306446279
42.5	0.142362735398	0.0	0.0	4.90925730999	10.0	0.000209086657514	0.000209086657514	0.000209086657514	0.0142362735398	0.000209086657514	-0.2	0.0	1000.0	0.1	0.000204950350386	0.000209086657514
42.6	0.140967257717	0.0	0.0	4.9106732827	10.0	0.000204950350386	0.000204950350386	0.000204950350386	0.0140967257717	0.000204950350386	-0.2	0.0	1000.0	0.1	0.000200895873346	0.000204950350386
42.7	0.139585255902	0.0	0.0	4.9120753741	10.0	0.000200895873346	0.000200895873346	0.000200895873346	0.0139585255902	0.000200895873346	-0.2	0.0	1000.0	0.1	0.00019692160752	0.000200895873346
42.8	0.138216603907	0.0	0.0	4.91346371826	10.0	0.00019692160752	0.00019692160752	0.00019692160752	0.0138216603907	0.00019692160752	-0.2	0.0	1000.0	0.1	0.000193025966057	0.00019692160752
42.9	0.136861176782	0.0	0.0	4.91483844798	10.0	0.000193025966057	0.000193025966057	0.000193025966057	0.0136861176782	0.000193025966057	-0.2	0.0	1000.0	0.1	0.000189207393503	0.000193025966057
43.0	0.135518850665	0.0	0.0	4.91619969484	10.0	0.000189207393503	0.000189207393503	0.000189207393503	0.0135518850665	0.000189207393503	-0.2	0.0	1000.0	0.1	0.000185464365175	0.000189207393503
43.1	0.134189502774	0.0	0.0	4.91754758917	10.0	0.000185464365175	0.000185464365175	0.000185464365175	0.0134189502774	0.000185464365175	-0.2	0.0	1000.0	0.1	0.000181795386553	0.000185464365175
43.2	0.132873011399	0.0	0.0	4.91888226008	10.0	0.000181795386553	0.000181795386553	0.000181795386553	0.0132873011399	0.000181795386553	-0.2	0.0	1000.0	0.1	0.000178198992682	0.000181795386553
43.3	0.131569255897	0.0	0.0	4.92020383548	10.0	0.000178198992682	0.000178198992682	0.000178198992682	0.0131569255897	0.000178198992682	-0.2	0.0	1000.0	0.1	0.000174673747592	0.000178198992682
43.4	0.130278116679	0.0	0.0	4.92151244207	10.0	0.000174673747592	0.000174673747592	0.000174673747592	0.0130278116679	0.000174673747592	-0.2	0.0	1000.0	0.1	0.000171218243719	0.000174673747592
43.5	0.128999475207	0.0	0.0	4.92280820537	10.0	0.000171218243719	0.000171218243719	0.000171218243719	0.0128999475207	0.000171218243719	-0.2	0.0	1000.0	0.1	0.000167831101345	0.000171218243719
43.6	0.127733213986	0.0	0.0	4.9240912497	10.0	0.000167831101345	0.000167831101345	0.000167831101345	0.0127733213986	0.000167831101345	-0.2	0.0	1000.0	0.1	0.000164510968051	0.000167831101345
43.7	0.126479216552	0.0	0.0	4.92536169823	10.0	0.000164510968051	0.000164510968051	0.000164510968051	0.0126479216552	0.000164510968051	-0.2	0.0	1000.0	0.1	0.000161256518168	0.000164510968051
43.8	0.12523736747	0.0	0.0	4.92661967296	10.0	0.000161256518168	0.000161256518168	0.000161256518168	0.012523736747	0.000161256518168	-0.2	0.0	1000.0	0.1	0.000158066452258	0.000161256518168
43.9	0.124007552324	0.0	0.0	4.92786529476	10.0	0.000158066452258	0.000158066452258	0.000158066452258	0.0124007552324	0.000158066452258	-0.2	0.0	1000.0	0.1	0.000154939496587	0.000158066452258
44.0	0.122789657707	0.0	0.0	4.92909868332	10.0	0.000154939496587	0.000154939496587	0.000154939496587	0.0122789657707	0.000154939496587	-0.2	0.0	1000.0	0.1	0.000151874402621	0.000154939496587
44.1	0.121583571217	0.0	0.0	4.93031995725	10.0	0.000151874402621	0.000151874402621	0.000151874402621	0.0121583571217	0.000151874402621	-0.2	0.0	1000.0	0.1	0.000148869946526	0.000151874402621
44.2	0.120389181448	0.0	0.0	4.93152923402	10.0	0.000148869946526	0.000148869946526	0.000148869946526	0.0120389181448	0.000148869946526	-0.2	0.0	1000.0	0.1	0.000145924928681	0.000148869946526
44.3	0.119206377985	0.0	0.0	4.93272662997	10.0	0.000145924928681	0.000145924928681	0.000145924928681	0.0119206377985	0.000145924928681	-0.2	0.0	1000.0	0.1	0.000143038173195	0.000145924928681
44.4	0.11803505139	0.0	0.0	4.93391226039	10.0	0.000143038173195	0.000143038173195	0.000143038173195	0.011803505139	0.000143038173195	-0.2	0.0	1000.0	0.1	0.000140208527441	0.000143038173195
44.5	0.116875093201	0.0	0.0	4.93508623943	10.0	0.000140208527441	0.000140208527441	0.000140208527441	0.0116875093201	0.000140208527441	-0.2	0.0	1000.0	0.1	0.000137434861596	0.000140208527441
44.6	0.115726395924	0.0	0.0	4.93624868019	10.0	0.000137434861596	0.000137434861596	0.000137434861596	0.0115726395924	0.000137434861596	-0.2	0.0	1000.0	0.1	0.000134716068187	0.000137434861596
44.7	0.114588853021	0.0	0.0	4.9373996947	10.0	0.000134716068187	0.000134716068187	0.000134716068187	0.0114588853021	0.000134716068187	-0.2	0.0	1000.0	0.1	0.000132051061652	0.000134716068187
44.8	0.113462358908	0.0	0.0	4.93853939392	10.0	0.000132051061652	0.000132051061652	0.000132051061652	0.0113462358908	0.000132051061652	-0.2	0.0	1000.0	0.1	0.000129438777903	0.000132051061652
44.9	0.112346808943	0.0	0.0	4.93966788776	10.0	0.000129438777903	0.000129438777903	0.000129438777903	0.0112346808943	0.000129438777903	-0.2	0.0	1000.0	0.1	0.000126878173906	0.000129438777903
45.0	0.111242099423	0.0	0.0	4.9407852851	10.0	0.000126878173906	0.000126878173906	0.000126878173906	0.0111242099423	0.000126878173906	-0.2	0.0	1000.0	0.1	0.00012436822726	0.000126878173906
45.1	0.110148127573	0.0	0.0	4.94189169377	10.0	0.00012436822726	0.00012436822726	0.00012436822726	0.0110148127573	0.00012436822726	-0.2	0.0	1000.0	0.1	0.00012190793579	0.00012436822726
45.2	0.109064791543	0.0	0.0	4.9429872206	10.0	0.00012190793579	0.00012190793579	0.00012190793579	0.0109064791543	0.00012190793579	-0.2	0.0	1000.0	0.1	0.000119496317148	0.00012190793579
45.3	0.107991990395	0.0	0.0	4.94407197137	10.0	0.000119496317148	0.000119496317148	0.000119496317148	0.0107991990395	0.000119496317148	-0.2	0.0	1000.0	0.1	0.000117132408422	0.000119496317148
45.4	0.106929624103	0.0	0.0	4.94514605091	10.0	0.000117132408422	0.000117132408422	0.000117132408422	0.0106929624103	0.000117132408422	-0.2	0.0	1000.0	0.1	0.000114815265746	0.000117132408422
45.5	0.105877593538	0.0	0.0	4.946209563	10.0	0.000114815265746	0.000114815265746	0.000114815265746	0.0105877593538	0.000114815265746	-0.2	0.0	1000.0	0.1	0.00011254396393	0.000114815265746
45.6	0.104835800467	0.0	0.0	4.94726261047	10.0	0.00011254396393	0.00011254396393	0.00011254396393	0.0104835800467	0.00011254396393	-0.2	0.0	1000.0	0.1	0.000110317596085	0.00011254396393
45.7	0.103804147544	0.0	0.0	4.94830529515	10.0	0.000110317596085	0.000110317596085	0.000110317596085	0.0103804147544	0.000110317596085	-0.2	0.0	1000.0	0.1	0.000108135273265	0.000110317596085
45.8	0.102782538303	0.0	0.0	4.94933771792	10.0	0.000108135273265	0.000108135273265	0.000108135273265	0.0102782538303	0.000108135273265	-0.2	0.0	1000.0	0.1	0.00010599612411	0.000108135273265
45.9	0.101770877148	0.0	0.0	4.95035997868	10.0	0.00010599612411	0.00010599612411	0.00010599612411	0.0101770877148	0.00010599612411	-0.2	0.0	1000.0	0.1	0.000103899294497	0.00010599612411
46.0	0.100769069353	0.0	0.0	4.95137217641	10.0	0.000103899294497	0.000103899294497	0.000103899294497	0.0100769069353	0.000103899294497	-0.2	0.0	1000.0	0.1	0.000101843947203	0.000103899294497
46.1	0.0997770210477	0.0	0.0	4.95237440911	10.0	0.000101843947203	0.000101843947203	0.000101843947203	0.00997770210477	0.000101843947203	-0.2	0.0	1000.0	0.1	9.98292615663e-05	0.000101843947203
46.2	0.098794639215	0.0	0.0	4.95336677387	10.0	9.98292615663e-05	9.98292615663e-05	9.98292615663e-05	0.0098794639215	9.98292615663e-05	-0.2	0.0	1000.0	0.1	9.78544331601e-05	9.98292615663e-05
46.3	0.0978218316827	0.0	0.0	4.95434936684	10.0	9.78544331601e-05	9.78544331601e-05	9.78544331601e-05	0.00978218316827	9.78544331601e-05	-0.2	0.0	1000.0	0.1	9.59186734733e-05	9.78544331601e-05
46.4	0.0968585071171	0.0	0.0	4.95532228328	10.0	9.59186734733e-05	9.59186734733e-05	9.59186734733e-05	0.00968585071171	9.59186734733e-05	-0.2	0.0	1000.0	0.1	9.40212095933e-05	9.59186734733e-05
46.5	0.0959045750159	0.0	0.0	4.9562856175	10.0	9.40212095933e-05	9.40212095933e-05	9.40212095933e-05	0.00959045750159	9.40212095933e-05	-0.2	0.0	1000.0	0.1	9.21612838988e-05	9.40212095933e-05
46.6	0.0949599457014	0.0	0.0	4.95723946294	10.0	9.21612838988e-05	9.21612838988e-05	9.21612838988e-05	0.00949599457014	9.21612838988e-05	-0.2	0.0	1000.0	0.1	9.03381537565e-05	9.21612838988e-05
46.7	0.0940245303142	0.0	0.0	4.95818391214	10.0	9.03381537565e-05	9.03381537565e-05	9.03381537565e-05	0.00940245303142	9.03381537565e-05	-0.2	0.0	1000.0	0.1	8.85510912248e-05	9.03381537565e-05
46.8	0.093098240806	0.0	0.0	4.95911905676	10.0	8.85510912248e-05	8.85510912248e-05	8.85510912248e-05	0.0093098240806	8.85510912248e-05	-0.2	0.0	1000.0	0.1	8.67993827633e-05	8.85510912248e-05
46.9	0.0921809899337	0.0	0.0	4.96004498757	10.0	8.67993827633e-05	8.67993827633e-05	8.67993827633e-05	0.00921809899337	8.67993827633e-05	-0.2	0.0	1000.0	0.1	8.50823289481e-05	8.67993827633e-05
47.0	0.0912726912517	0.0	0.0	4.96096179449	10.0	8.50823289481e-05	8.50823289481e-05	8.50823289481e-05	0.00912726912517	8.50823289481e-05	-0.2	0.0	1000.0	0.1	8.33992441917e-05	8.50823289481e-05
47.1	0.0903732591066	0.0	0.0	4.96186956656	10.0	8.33992441917e-05	8.33992441917e-05	8.33992441917e-05	0.00903732591066	8.33992441917e-05	-0.2	0.0	1000.0	0.1	8.17494564702e-05	8.33992441917e-05
47.2	0.0894826086297	0.0	0.0	4.96276839198	10.0	8.17494564702e-05	8.17494564702e-05	8.17494564702e-05	0.00894826086297	8.17494564702e-05	-0.2	0.0	1000.0	0.1	8.01323070545e-05	8.17494564702e-05
47.3	0.0886006557309	0.0	0.0	4.96365835811	10.0	8.01323070545e-05	8.01323070545e-05	8.01323070545e-05	0.00886006557309	8.01323070545e-05	-0.2	0.0	1000.0	0.1	7.85471502473e-05	8.01323070545e-05
47.4	0.0877273170922	0.0	0.0	4.96453955146	10.0	7.85471502473e-05	7.85471502473e-05	7.85471502473e-05	0.00877273170922	7.85471502473e-05	-0.2	0.0	1000.0	0.1	7.69933531254e-05	7.85471502473e-05
47.5	0.0868625101615	0.0	0.0	4.96541205773	10.0	7.69933531254e-05	7.69933531254e-05	7.69933531254e-05	0.00868625101615	7.69933531254e-05	-0.2	0.0	1000.0	0.1	7.54702952868e-05	7.69933531254e-05
47.6	0.0860061531459	0.0	0.0	4.96627596177	10.0	7.54702952868e-05	7.54702952868e-05	7.54702952868e-05	0.00860061531459	7.54702952868e-05	-0.2	0.0	1000.0	0.1	7.39773686033e-05	7.54702952868e-05
47.7	0.0851581650055	0.0	0.0	4.96713134765	10.0	7.39773686033e-05	7.39773686033e-05	7.39773686033e-05	0.00851581650055	7.39773686033e-05	-0.2	0.0	1000.0	0.1	7.25139769773e-05	7.39773686033e-05
47.8	0.0843184654471	0.0	0.0	4.96797829861	10.0	7.25139769773e-05	7.25139769773e-05	7.25139769773e-05	0.00843184654471	7.25139769773e-05	-0.2	0.0	1000.0	0.1	7.10795361042e-05	7.25139769773e-05
47.9	0.083486974918	0.0	0.0	4.96881689709	10.0	7.10795361042e-05	7.10795361042e-05	7.10795361042e-05	0.0083486974918	7.10795361042e-05	-0.2	0.0	1000.0	0.1	6.96734732388e-05	7.10795361042e-05
48.0	0.08266361465	0.0	0.0	4.96964722471	10.0	6.96734732388e-05	6.96734732388e-05	6.96734732388e-05	0.008266361465	6.96734732388e-05	-0.2	0.0	1000.0	0.1	6.82952271266e-05	6.96734732388e-05
48.1	0.081848306634	0.0	0.0	4.97046936224	10.0	6.82952271266e-05	6.82952271266e-05	6.82952271266e-05	0.0081848306634	6.82952271266e-05	-0.2	0.0	1000.0	0.1	6.6944247711e-05	6.82952271266e-05
48.2	0.0810409734997	0.0	0.0	4.9712833898	10.0	6.6944247711e-05	6.6944247711e-05	6.6944247711e-05	0.00810409734997	6.6944247711e-05	-0.2	0.0	1000.0	0.1	6.56199955529e-05	6.6944247711e-05
48.3	0.0802415385926	0.0	0.0	4.97208938671	10.0	6.56199955529e-05	6.56199955529e-05	6.56199955529e-05	0.00802415385926	6.56199955529e-05	-0.2	0.0	1000.0	0.1	6.43219418851e-05	6.56199955529e-05
48.4	0.0794499259681	0.0	0.0	4.97288743153	10.0	6.43219418851e-05	6.43219418851e-05	6.43219418851e-05	0.00794499259681	6.43219418851e-05	-0.2	0.0	1000.0	0.1	6.30495684013e-05	6.43219418851e-05
48.5	0.0786660603853	0.0	0.0	4.97367760207	10.0	6.30495684013e-05	6.30495684013e-05	6.30495684013e-05	0.00786660603853	6.30495684013e-05	-0.2	0.0	1000.0	0.1	6.18023670494e-05	6.30495684013e-05
48.6	0.0778898673011	0.0	0.0	4.97445997539	10.0	6.18023670494e-05	6.18023670494e-05	6.18023670494e-05	0.00778898673011	6.18023670494e-05	-0.2	0.0	1000.0	0.1	6.05798398282e-05	6.18023670494e-05
48.7	0.0771212728641	0.0	0.0	4.97523462781	10.0	6.05798398282e-05	6.05798398282e-05	6.05798398282e-05	0.00771212728641	6.05798398282e-05	-0.2	0.0	1000.0	0.1	5.93814985888e-05	6.05798398282e-05
48.8	0.0763602039092	0.0	0.0	4.97600163491	10.0	5.93814985888e-05	5.93814985888e-05	5.93814985888e-05	0.00763602039092	5.93814985888e-05	-0.2	0.0	1000.0	0.1	5.82068648399e-05	5.93814985888e-05
48.9	0.0756065879511	0.0	0.0	4.97676107156	10.0	5.82068648399e-05	5.82068648399e-05	5.82068648399e-05	0.00756065879511	5.82068648399e-05	-0.2	0.0	1000.0	0.1	5.70554695561e-05	5.82068648399e-05
49.0	0.0748603531788	0.0	0.0	4.97751301188	10.0	5.70554695561e-05	5.70554695561e-05	5.70554695561e-05	0.00748603531788	5.70554695561e-05	-0.2	0.0	1000.0	0.1	5.59268529914e-05	5.70554695561e-05
49.1	0.0741214284498	0.0	0.0	4.97825752929	10.0	5.59268529914e-05	5.59268529914e-05	5.59268529914e-05	0.00741214284498	5.59268529914e-05	-0.2	0.0	1000.0	0.1	5.48205644949e-05	5.59268529914e-05
49.2	0.0733897432843	0.0	0.0	4.97899469651	10.0	5.48205644949e-05	5.48205644949e-05	5.48205644949e-05	0.00733897432843	5.48205644949e-05	-0.2	0.0	1000.0	0.1	5.37361623315e-05	5.48205644949e-05
49.3	0.0726652278597	0.0	0.0	4.97972458556	10.0	5.37361623315e-05	5.37361623315e-05	5.37361623315e-05	0.00726652278597	5.37361623315e-05	-0.2	0.0	1000.0	0.1	5.2673213505e-05	5.37361623315e-05
49.4	0.0719478130045	0.0	0.0	4.98044726773	10.0	5.2673213505e-05	5.2673213505e-05	5.2673213505e-05	0.00719478130045	5.2673213505e-05	-0.2	0.0	1000.0	0.1	5.16312935855e-05	5.2673213505e-05
49.5	0.071237430193	0.0	0.0	4.98116281367	10.0	5.16312935855e-05	5.16312935855e-05	5.16312935855e-05	0.0071237430193	5.16312935855e-05	-0.2	0.0	1000.0	0.1	5.060998654e-05	5.16312935855e-05
49.6	0.0705340115398	0.0	0.0	4.98187129332	10.0	5.060998654e-05	5.060998654e-05	5.060998654e-05	0.00705340115398	5.060998654e-05	-0.2	0.0	1000.0	0.1	4.96088845659e-05	5.060998654e-05
49.7	0.069837489794	0.0	0.0	4.98257277596	10.0	4.96088845659e-05	4.96088845659e-05	4.96088845659e-05	0.0069837489794	4.96088845659e-05	-0.2	0.0	1000.0	0.1	4.86275879285e-05	4.96088845659e-05
49.8	0.0691477983337	0.0	0.0	4.98326733018	10.0	4.86275879285e-05	4.86275879285e-05	4.86275879285e-05	0.00691477983337	4.86275879285e-05	-0.2	0.0	1000.0	0.1	4.76657048014e-05	4.86275879285e-05
49.9	0.0684648711606	0.0	0.0	4.98395502392	10.0	4.76657048014e-05	4.76657048014e-05	4.76657048014e-05	0.00684648711606	4.76657048014e-05	-0.2	0.0	1000.0	0.1	4.67228511097e-05	4.76657048014e-05
50.0	0.0677886428949	0.0	0.0	4.98463592447	10.0	4.67228511097e-05	4.67228511097e-05	4.67228511097e-05	0.00677886428949	4.67228511097e-05	-0.2	0.0	1000.0	0.1	4.57986503771e-05	4.67228511097e-05
