<?xml version="1.0" encoding="UTF-8"?>
<sbml xmlns="http://www.sbml.org/sbml/level3/version2/core" xmlns:fbc="http://www.sbml.org/sbml/level3/version1/fbc/version2" xmlns:comp="http://www.sbml.org/sbml/level3/version1/comp/version1" xmlns:layout="http://www.sbml.org/sbml/level3/version1/layout/version1" metaid="meta_242765531ed2467ba5038962de728bf8" sboTerm="SBO:0000293" level="3" version="2" fbc:required="false" comp:required="true" layout:required="false">
  <annotation>
    <rdf:RDF xmlns:rdf="http://www.w3.org/1999/02/22-rdf-syntax-ns#" xmlns:dcterms="http://purl.org/dc/terms/" xmlns:vCard="http://www.w3.org/2001/vcard-rdf/3.0#" xmlns:vCard4="http://www.w3.org/2006/vcard/ns#" xmlns:bqbiol="http://biomodels.net/biology-qualifiers/" xmlns:bqmodel="http://biomodels.net/model-qualifiers/">
      <rdf:Description rdf:about="#meta_242765531ed2467ba5038962de728bf8">
        <bqmodel:is>
          <rdf:Bag>
            <rdf:li rdf:resource="http://identifiers.org/sbo/SBO:0000293"/>
          </rdf:Bag>
        </bqmodel:is>
      </rdf:Description>
    </rdf:RDF>
  </annotation>
  <model metaid="meta_tiny_example_8" id="tiny_example_8" name="tiny_example_8" substanceUnits="mmole" timeUnits="second" volumeUnits="litre" areaUnits="m2" lengthUnits="metre" extentUnits="mmole" fbc:strict="false">
    <notes>
      <body xmlns="http://www.w3.org/1999/xhtml">
        <h2>Description</h2>
        <p>A minimal example in <a href="http://sbml.org" target="_blank">SBML</a> format.
    </p>
        <div class="dc:provenance">The content of this model has been carefully created in a manual research effort.</div>
        <div class="dc:publisher">This file has been created by
    <a href="http://sbml.org" title="SBML team" target="_blank">SBML team</a>.</div>
        <h2>Terms of use</h2>
        <div class="dc:rightsHolder">Copyright © 2019 SBML team.</div>
        <div class="dc:license">
          <p>Redistribution and use of any part of this model, with or without modification, are permitted provided
        that the following conditions are met:
        <ol>
            <li>Redistributions of this SBML file must retain the above copyright notice, this list of conditions and
          the following disclaimer.</li>
            <li>Redistributions in a different form must reproduce the above copyright notice, this list of conditions
          and the following disclaimer in the documentation and/or other materials provided
          with the distribution.</li>
          </ol>
        This model is distributed in the hope that it will be useful, but WITHOUT ANY WARRANTY; without even the
        implied warranty of MERCHANTABILITY or FITNESS FOR A PARTICULAR PURPOSE.
        </p>
        </div>
      </body>
    </notes>
    <annotation>
      <rdf:RDF xmlns:rdf="http://www.w3.org/1999/02/22-rdf-syntax-ns#" xmlns:dcterms="http://purl.org/dc/terms/" xmlns:vCard="http://www.w3.org/2001/vcard-rdf/3.0#" xmlns:vCard4="http://www.w3.org/2006/vcard/ns#" xmlns:bqbiol="http://biomodels.net/biology-qualifiers/" xmlns:bqmodel="http://biomodels.net/model-qualifiers/">
        <rdf:Description rdf:about="#meta_tiny_example_8">
          <dcterms:creator>
            <rdf:Bag>
              <rdf:li rdf:parseType="Resource">
                <vCard4:hasName rdf:parseType="Resource">
                  <vCard4:family-name>Koenig</vCard4:family-name>
                  <vCard4:given-name>Matthias</vCard4:given-name>
                </vCard4:hasName>
                <vCard4:hasEmail>koenigmx@hu-berlin.de</vCard4:hasEmail>
                <vCard4:organization-name>Humboldt-University Berlin, Institute for Theoretical Biology</vCard4:organization-name>
              </rdf:li>
            </rdf:Bag>
          </dcterms:creator>
          <dcterms:created rdf:parseType="Resource">
            <dcterms:W3CDTF>2019-02-13T19:13:51Z</dcterms:W3CDTF>
          </dcterms:created>
          <dcterms:modified rdf:parseType="Resource">
            <dcterms:W3CDTF>2019-02-13T19:13:51Z</dcterms:W3CDTF>
          </dcterms:modified>
          <bqmodel:is>
            <rdf:Bag>
              <rdf:li rdf:resource="http://identifiers.org/go/GO:0008152"/>
            </rdf:Bag>
          </bqmodel:is>
          <bqbiol:hasTaxon>
            <rdf:Bag>
              <rdf:li rdf:resource="http://identifiers.org/taxonomy/9606"/>
            </rdf:Bag>
          </bqbiol:hasTaxon>
        </rdf:Description>
      </rdf:RDF>
    </annotation>
    <listOfFunctionDefinitions>
      <functionDefinition id="f_oscillation">
        <math xmlns="http://www.w3.org/1998/Math/MathML" xmlns:sbml="http://www.sbml.org/sbml/level3/version2/core">
          <lambda>
            <bvar>
              <ci> x </ci>
            </bvar>
            <apply>
              <cos/>
              <apply>
                <divide/>
                <ci> x </ci>
                <cn sbml:units="dimensionless" type="integer"> 10 </cn>
              </apply>
            </apply>
          </lambda>
        </math>
      </functionDefinition>
    </listOfFunctionDefinitions>
    <listOfUnitDefinitions>
      <unitDefinition id="m2">
        <listOfUnits>
          <unit kind="metre" exponent="2" scale="0" multiplier="1"/>
        </listOfUnits>
      </unitDefinition>
      <unitDefinition id="mmole">
        <listOfUnits>
          <unit kind="mole" exponent="1" scale="-3" multiplier="1"/>
        </listOfUnits>
      </unitDefinition>
      <unitDefinition id="mM">
        <listOfUnits>
          <unit kind="mole" exponent="1" scale="-3" multiplier="1"/>
          <unit kind="litre" exponent="-1" scale="0" multiplier="1"/>
        </listOfUnits>
      </unitDefinition>
      <unitDefinition id="mmole_per_s">
        <listOfUnits>
          <unit kind="mole" exponent="1" scale="-3" multiplier="1"/>
          <unit kind="second" exponent="-1" scale="0" multiplier="1"/>
        </listOfUnits>
      </unitDefinition>
    </listOfUnitDefinitions>
    <listOfCompartments>
      <compartment metaid="meta_c" sboTerm="SBO:0000290" id="c" name="cell compartment" spatialDimensions="3" size="1e-05" units="litre" constant="true">
        <annotation>
          <rdf:RDF xmlns:rdf="http://www.w3.org/1999/02/22-rdf-syntax-ns#" xmlns:dcterms="http://purl.org/dc/terms/" xmlns:vCard="http://www.w3.org/2001/vcard-rdf/3.0#" xmlns:vCard4="http://www.w3.org/2006/vcard/ns#" xmlns:bqbiol="http://biomodels.net/biology-qualifiers/" xmlns:bqmodel="http://biomodels.net/model-qualifiers/">
            <rdf:Description rdf:about="#meta_c">
              <bqbiol:is>
                <rdf:Bag>
                  <rdf:li rdf:resource="http://identifiers.org/sbo/SBO:0000290"/>
                  <rdf:li rdf:resource="http://identifiers.org/go/GO:0005623"/>
                  <rdf:li rdf:resource="http://identifiers.org/fma/FMA:68646"/>
                </rdf:Bag>
              </bqbiol:is>
            </rdf:Description>
          </rdf:RDF>
        </annotation>
      </compartment>
    </listOfCompartments>
    <listOfSpecies>
      <species metaid="meta_glc" sboTerm="SBO:0000247" id="glc" name="glucose" compartment="c" initialConcentration="5" substanceUnits="mmole" hasOnlySubstanceUnits="false" boundaryCondition="false" constant="false" fbc:charge="0" fbc:chemicalFormula="C6H12O6">
        <annotation>
          <rdf:RDF xmlns:rdf="http://www.w3.org/1999/02/22-rdf-syntax-ns#" xmlns:dcterms="http://purl.org/dc/terms/" xmlns:vCard="http://www.w3.org/2001/vcard-rdf/3.0#" xmlns:vCard4="http://www.w3.org/2006/vcard/ns#" xmlns:bqbiol="http://biomodels.net/biology-qualifiers/" xmlns:bqmodel="http://biomodels.net/model-qualifiers/">
            <rdf:Description rdf:about="#meta_glc">
              <bqbiol:is>
                <rdf:Bag>
                  <rdf:li rdf:resource="http://identifiers.org/sbo/SBO:0000247"/>
                  <rdf:li rdf:resource="http://identifiers.org/chebi/CHEBI:4167"/>
                  <rdf:li rdf:resource="http://identifiers.org/kegg.compound/C00031"/>
                </rdf:Bag>
              </bqbiol:is>
            </rdf:Description>
          </rdf:RDF>
        </annotation>
      </species>
      <species metaid="meta_g6p" sboTerm="SBO:0000247" id="g6p" name="glucose-6-phosphate" compartment="c" initialConcentration="0.1" substanceUnits="mmole" hasOnlySubstanceUnits="false" boundaryCondition="false" constant="false" fbc:charge="-2" fbc:chemicalFormula="C6H11O9P">
        <annotation>
          <rdf:RDF xmlns:rdf="http://www.w3.org/1999/02/22-rdf-syntax-ns#" xmlns:dcterms="http://purl.org/dc/terms/" xmlns:vCard="http://www.w3.org/2001/vcard-rdf/3.0#" xmlns:vCard4="http://www.w3.org/2006/vcard/ns#" xmlns:bqbiol="http://biomodels.net/biology-qualifiers/" xmlns:bqmodel="http://biomodels.net/model-qualifiers/">
            <rdf:Description rdf:about="#meta_g6p">
              <bqbiol:is>
                <rdf:Bag>
                  <rdf:li rdf:resource="http://identifiers.org/sbo/SBO:0000247"/>
                  <rdf:li rdf:resource="http://identifiers.org/chebi/CHEBI:58225"/>
                </rdf:Bag>
              </bqbiol:is>
              <bqbiol:isVersionOf>
                <rdf:Bag>
                  <rdf:li rdf:resource="http://identifiers.org/kegg.compound/C00668"/>
                </rdf:Bag>
              </bqbiol:isVersionOf>
            </rdf:Description>
          </rdf:RDF>
        </annotation>
      </species>
      <species metaid="meta_atp" sboTerm="SBO:0000247" id="atp" name="ATP" compartment="c" initialConcentration="3" substanceUnits="mmole" hasOnlySubstanceUnits="false" boundaryCondition="false" constant="false" fbc:charge="-4" fbc:chemicalFormula="C10H12N5O13P3">
        <annotation>
          <rdf:RDF xmlns:rdf="http://www.w3.org/1999/02/22-rdf-syntax-ns#" xmlns:dcterms="http://purl.org/dc/terms/" xmlns:vCard="http://www.w3.org/2001/vcard-rdf/3.0#" xmlns:vCard4="http://www.w3.org/2006/vcard/ns#" xmlns:bqbiol="http://biomodels.net/biology-qualifiers/" xmlns:bqmodel="http://biomodels.net/model-qualifiers/">
            <rdf:Description rdf:about="#meta_atp">
              <bqbiol:is>
                <rdf:Bag>
                  <rdf:li rdf:resource="http://identifiers.org/sbo/SBO:0000247"/>
                  <rdf:li rdf:resource="http://identifiers.org/chebi/CHEBI:30616"/>
                </rdf:Bag>
              </bqbiol:is>
              <bqbiol:isVersionOf>
                <rdf:Bag>
                  <rdf:li rdf:resource="http://identifiers.org/kegg.compound/C00002"/>
                </rdf:Bag>
              </bqbiol:isVersionOf>
            </rdf:Description>
          </rdf:RDF>
        </annotation>
      </species>
      <species metaid="meta_adp" sboTerm="SBO:0000247" id="adp" name="ADP" compartment="c" initialConcentration="0.8" substanceUnits="mmole" hasOnlySubstanceUnits="false" boundaryCondition="false" constant="false" fbc:charge="-3" fbc:chemicalFormula="C10H12N5O10P2">
        <annotation>
          <rdf:RDF xmlns:rdf="http://www.w3.org/1999/02/22-rdf-syntax-ns#" xmlns:dcterms="http://purl.org/dc/terms/" xmlns:vCard="http://www.w3.org/2001/vcard-rdf/3.0#" xmlns:vCard4="http://www.w3.org/2006/vcard/ns#" xmlns:bqbiol="http://biomodels.net/biology-qualifiers/" xmlns:bqmodel="http://biomodels.net/model-qualifiers/">
            <rdf:Description rdf:about="#meta_adp">
              <bqbiol:is>
                <rdf:Bag>
                  <rdf:li rdf:resource="http://identifiers.org/sbo/SBO:0000247"/>
                  <rdf:li rdf:resource="http://identifiers.org/chebi/CHEBI:456216"/>
                </rdf:Bag>
              </bqbiol:is>
              <bqbiol:isVersionOf>
                <rdf:Bag>
                  <rdf:li rdf:resource="http://identifiers.org/kegg.compound/C00008"/>
                </rdf:Bag>
              </bqbiol:isVersionOf>
            </rdf:Description>
          </rdf:RDF>
        </annotation>
      </species>
      <species metaid="meta_phos" sboTerm="SBO:0000247" id="phos" name="P" compartment="c" initialConcentration="0" substanceUnits="mmole" hasOnlySubstanceUnits="false" boundaryCondition="true" constant="true" fbc:charge="-2" fbc:chemicalFormula="HO4P">
        <annotation>
          <rdf:RDF xmlns:rdf="http://www.w3.org/1999/02/22-rdf-syntax-ns#" xmlns:dcterms="http://purl.org/dc/terms/" xmlns:vCard="http://www.w3.org/2001/vcard-rdf/3.0#" xmlns:vCard4="http://www.w3.org/2006/vcard/ns#" xmlns:bqbiol="http://biomodels.net/biology-qualifiers/" xmlns:bqmodel="http://biomodels.net/model-qualifiers/">
            <rdf:Description rdf:about="#meta_phos">
              <bqbiol:is>
                <rdf:Bag>
                  <rdf:li rdf:resource="http://identifiers.org/sbo/SBO:0000247"/>
                  <rdf:li rdf:resource="http://identifiers.org/chebi/CHEBI:43474"/>
                </rdf:Bag>
              </bqbiol:is>
              <bqbiol:isVersionOf>
                <rdf:Bag>
                  <rdf:li rdf:resource="http://identifiers.org/kegg.compound/C00009"/>
                </rdf:Bag>
              </bqbiol:isVersionOf>
            </rdf:Description>
          </rdf:RDF>
        </annotation>
      </species>
      <species metaid="meta_hydron" sboTerm="SBO:0000247" id="hydron" name="H+" compartment="c" initialConcentration="0" substanceUnits="mmole" hasOnlySubstanceUnits="false" boundaryCondition="true" constant="true" fbc:charge="1" fbc:chemicalFormula="H">
        <annotation>
          <rdf:RDF xmlns:rdf="http://www.w3.org/1999/02/22-rdf-syntax-ns#" xmlns:dcterms="http://purl.org/dc/terms/" xmlns:vCard="http://www.w3.org/2001/vcard-rdf/3.0#" xmlns:vCard4="http://www.w3.org/2006/vcard/ns#" xmlns:bqbiol="http://biomodels.net/biology-qualifiers/" xmlns:bqmodel="http://biomodels.net/model-qualifiers/">
            <rdf:Description rdf:about="#meta_hydron">
              <bqbiol:is>
                <rdf:Bag>
                  <rdf:li rdf:resource="http://identifiers.org/sbo/SBO:0000247"/>
                  <rdf:li rdf:resource="http://identifiers.org/chebi/CHEBI:15378"/>
                  <rdf:li rdf:resource="http://identifiers.org/kegg.compound/C00080"/>
                </rdf:Bag>
              </bqbiol:is>
            </rdf:Description>
          </rdf:RDF>
        </annotation>
      </species>
      <species metaid="meta_h2o" sboTerm="SBO:0000247" id="h2o" name="H2O" compartment="c" initialConcentration="0" substanceUnits="mmole" hasOnlySubstanceUnits="false" boundaryCondition="true" constant="true" fbc:charge="0" fbc:chemicalFormula="H2O">
        <annotation>
          <rdf:RDF xmlns:rdf="http://www.w3.org/1999/02/22-rdf-syntax-ns#" xmlns:dcterms="http://purl.org/dc/terms/" xmlns:vCard="http://www.w3.org/2001/vcard-rdf/3.0#" xmlns:vCard4="http://www.w3.org/2006/vcard/ns#" xmlns:bqbiol="http://biomodels.net/biology-qualifiers/" xmlns:bqmodel="http://biomodels.net/model-qualifiers/">
            <rdf:Description rdf:about="#meta_h2o">
              <bqbiol:is>
                <rdf:Bag>
                  <rdf:li rdf:resource="http://identifiers.org/sbo/SBO:0000247"/>
                  <rdf:li rdf:resource="http://identifiers.org/chebi/CHEBI:15377"/>
                </rdf:Bag>
              </bqbiol:is>
              <bqbiol:isVersionOf>
                <rdf:Bag>
                  <rdf:li rdf:resource="http://identifiers.org/kegg.compound/C00001"/>
                </rdf:Bag>
              </bqbiol:isVersionOf>
            </rdf:Description>
          </rdf:RDF>
        </annotation>
      </species>
    </listOfSpecies>
    <listOfParameters>
      <parameter metaid="meta_Vmax_GK" sboTerm="SBO:0000186" id="Vmax_GK" name="Vmax Glucokinase" value="1e-06" units="mmole_per_s" constant="true">
        <annotation>
          <rdf:RDF xmlns:rdf="http://www.w3.org/1999/02/22-rdf-syntax-ns#" xmlns:dcterms="http://purl.org/dc/terms/" xmlns:vCard="http://www.w3.org/2001/vcard-rdf/3.0#" xmlns:vCard4="http://www.w3.org/2006/vcard/ns#" xmlns:bqbiol="http://biomodels.net/biology-qualifiers/" xmlns:bqmodel="http://biomodels.net/model-qualifiers/">
            <rdf:Description rdf:about="#meta_Vmax_GK">
              <bqbiol:is>
                <rdf:Bag>
                  <rdf:li rdf:resource="http://identifiers.org/sbo/SBO:0000186"/>
                </rdf:Bag>
              </bqbiol:is>
            </rdf:Description>
          </rdf:RDF>
        </annotation>
      </parameter>
      <parameter metaid="meta_Km_glc" sboTerm="SBO:0000027" id="Km_glc" name="Km glucose" value="0.5" units="mM" constant="true">
        <annotation>
          <rdf:RDF xmlns:rdf="http://www.w3.org/1999/02/22-rdf-syntax-ns#" xmlns:dcterms="http://purl.org/dc/terms/" xmlns:vCard="http://www.w3.org/2001/vcard-rdf/3.0#" xmlns:vCard4="http://www.w3.org/2006/vcard/ns#" xmlns:bqbiol="http://biomodels.net/biology-qualifiers/" xmlns:bqmodel="http://biomodels.net/model-qualifiers/">
            <rdf:Description rdf:about="#meta_Km_glc">
              <bqbiol:is>
                <rdf:Bag>
                  <rdf:li rdf:resource="http://identifiers.org/sbo/SBO:0000027"/>
                </rdf:Bag>
              </bqbiol:is>
            </rdf:Description>
          </rdf:RDF>
        </annotation>
      </parameter>
      <parameter metaid="meta_Km_atp" sboTerm="SBO:0000027" id="Km_atp" name="Km ATP" value="0.1" units="mM" constant="true">
        <annotation>
          <rdf:RDF xmlns:rdf="http://www.w3.org/1999/02/22-rdf-syntax-ns#" xmlns:dcterms="http://purl.org/dc/terms/" xmlns:vCard="http://www.w3.org/2001/vcard-rdf/3.0#" xmlns:vCard4="http://www.w3.org/2006/vcard/ns#" xmlns:bqbiol="http://biomodels.net/biology-qualifiers/" xmlns:bqmodel="http://biomodels.net/model-qualifiers/">
            <rdf:Description rdf:about="#meta_Km_atp">
              <bqbiol:is>
                <rdf:Bag>
                  <rdf:li rdf:resource="http://identifiers.org/sbo/SBO:0000027"/>
                </rdf:Bag>
              </bqbiol:is>
            </rdf:Description>
          </rdf:RDF>
        </annotation>
      </parameter>
      <parameter metaid="meta_Vmax_ATPASE" sboTerm="SBO:0000186" id="Vmax_ATPASE" name="Vmax ATPase" value="1e-06" units="mmole_per_s" constant="true">
        <annotation>
          <rdf:RDF xmlns:rdf="http://www.w3.org/1999/02/22-rdf-syntax-ns#" xmlns:dcterms="http://purl.org/dc/terms/" xmlns:vCard="http://www.w3.org/2001/vcard-rdf/3.0#" xmlns:vCard4="http://www.w3.org/2006/vcard/ns#" xmlns:bqbiol="http://biomodels.net/biology-qualifiers/" xmlns:bqmodel="http://biomodels.net/model-qualifiers/">
            <rdf:Description rdf:about="#meta_Vmax_ATPASE">
              <bqbiol:is>
                <rdf:Bag>
                  <rdf:li rdf:resource="http://identifiers.org/sbo/SBO:0000186"/>
                </rdf:Bag>
              </bqbiol:is>
            </rdf:Description>
          </rdf:RDF>
        </annotation>
      </parameter>
      <parameter id="a_sum" name="ATP + ADP balance" units="mM" constant="false"/>
    </listOfParameters>
    <listOfInitialAssignments>
      <initialAssignment symbol="glc">
        <math xmlns="http://www.w3.org/1998/Math/MathML" xmlns:sbml="http://www.sbml.org/sbml/level3/version2/core">
          <cn sbml:units="mM"> 4.5 </cn>
        </math>
      </initialAssignment>
    </listOfInitialAssignments>
    <listOfRules>
      <assignmentRule name="ATP + ADP balance" variable="a_sum">
        <math xmlns="http://www.w3.org/1998/Math/MathML">
          <apply>
            <plus/>
            <ci> atp </ci>
            <ci> adp </ci>
          </apply>
        </math>
      </assignmentRule>
    </listOfRules>
    <listOfConstraints>
      <constraint id="constraint_1">
        <math xmlns="http://www.w3.org/1998/Math/MathML" xmlns:sbml="http://www.sbml.org/sbml/level3/version2/core">
          <apply>
            <geq/>
            <ci> atp </ci>
            <cn sbml:units="mM" type="integer"> 0 </cn>
          </apply>
        </math>
        <message>
          <body xmlns="http://www.w3.org/1999/xhtml">ATP must be non-negative</body>
        </message>
      </constraint>
    </listOfConstraints>
    <listOfReactions>
      <reaction metaid="meta_GK" sboTerm="SBO:0000176" id="GK" name="Glucokinase" reversible="false" compartment="c">
        <annotation>
          <rdf:RDF xmlns:rdf="http://www.w3.org/1999/02/22-rdf-syntax-ns#" xmlns:dcterms="http://purl.org/dc/terms/" xmlns:vCard="http://www.w3.org/2001/vcard-rdf/3.0#" xmlns:vCard4="http://www.w3.org/2006/vcard/ns#" xmlns:bqbiol="http://biomodels.net/biology-qualifiers/" xmlns:bqmodel="http://biomodels.net/model-qualifiers/">
            <rdf:Description rdf:about="#meta_GK">
              <bqbiol:is>
                <rdf:Bag>
                  <rdf:li rdf:resource="http://identifiers.org/sbo/SBO:0000176"/>
                </rdf:Bag>
              </bqbiol:is>
              <bqbiol:isVersionOf>
                <rdf:Bag>
                  <rdf:li rdf:resource="http://identifiers.org/ec-code/2.7.1.2"/>
                  <rdf:li rdf:resource="http://identifiers.org/uniprot/P35557"/>
                  <rdf:li rdf:resource="http://identifiers.org/kegg.reaction/R01092"/>
                  <rdf:li rdf:resource="http://identifiers.org/rhea/36495"/>
                </rdf:Bag>
              </bqbiol:isVersionOf>
            </rdf:Description>
          </rdf:RDF>
        </annotation>
        <listOfReactants>
          <speciesReference species="glc" stoichiometry="1" constant="true"/>
          <speciesReference species="atp" stoichiometry="1" constant="true"/>
        </listOfReactants>
        <listOfProducts>
          <speciesReference species="g6p" stoichiometry="1" constant="true"/>
          <speciesReference species="adp" stoichiometry="1" constant="true"/>
          <speciesReference species="hydron" stoichiometry="1" constant="true"/>
        </listOfProducts>
        <kineticLaw>
          <math xmlns="http://www.w3.org/1998/Math/MathML">
            <apply>
              <times/>
              <ci> Vmax_GK </ci>
              <apply>
                <divide/>
                <ci> glc </ci>
                <apply>
                  <plus/>
                  <ci> Km_glc </ci>
                  <ci> glc </ci>
                </apply>
              </apply>
              <apply>
                <divide/>
                <ci> atp </ci>
                <apply>
                  <plus/>
                  <ci> Km_atp </ci>
                  <ci> atp </ci>
                </apply>
              </apply>
            </apply>
          </math>
        </kineticLaw>
      </reaction>
      <reaction metaid="meta_ATPASE" sboTerm="SBO:0000176" id="ATPASE" name="ATP consumption" reversible="false" compartment="c">
        <annotation>
          <rdf:RDF xmlns:rdf="http://www.w3.org/1999/02/22-rdf-syntax-ns#" xmlns:dcterms="http://purl.org/dc/terms/" xmlns:vCard="http://www.w3.org/2001/vcard-rdf/3.0#" xmlns:vCard4="http://www.w3.org/2006/vcard/ns#" xmlns:bqbiol="http://biomodels.net/biology-qualifiers/" xmlns:bqmodel="http://biomodels.net/model-qualifiers/">
            <rdf:Description rdf:about="#meta_ATPASE">
              <bqbiol:is>
                <rdf:Bag>
                  <rdf:li rdf:resource="http://identifiers.org/sbo/SBO:0000176"/>
                </rdf:Bag>
              </bqbiol:is>
            </rdf:Description>
          </rdf:RDF>
        </annotation>
        <listOfReactants>
          <speciesReference species="atp" stoichiometry="1" constant="true"/>
          <speciesReference species="h2o" stoichiometry="1" constant="true"/>
        </listOfReactants>
        <listOfProducts>
          <speciesReference species="adp" stoichiometry="1" constant="true"/>
          <speciesReference species="phos" stoichiometry="1" constant="true"/>
          <speciesReference species="hydron" stoichiometry="1" constant="true"/>
        </listOfProducts>
        <kineticLaw>
          <math xmlns="http://www.w3.org/1998/Math/MathML" xmlns:sbml="http://www.sbml.org/sbml/level3/version2/core">
            <apply>
              <times/>
              <ci> Vmax_ATPASE </ci>
              <apply>
                <divide/>
                <ci> atp </ci>
                <apply>
                  <plus/>
                  <ci> Km_atp </ci>
                  <ci> atp </ci>
                </apply>
              </apply>
              <apply>
                <ci> f_oscillation </ci>
                <apply>
                  <divide/>
                  <csymbol encoding="text" definitionURL="http://www.sbml.org/sbml/symbols/time"> time </csymbol>
                  <cn sbml:units="second" type="integer"> 1 </cn>
                </apply>
              </apply>
            </apply>
          </math>
        </kineticLaw>
      </reaction>
    </listOfReactions>
    <listOfEvents>
      <event id="event_1" name="reset concentrations" useValuesFromTriggerTime="true">
        <trigger initialValue="false" persistent="true">
          <math xmlns="http://www.w3.org/1998/Math/MathML" xmlns:sbml="http://www.sbml.org/sbml/level3/version2/core">
            <apply>
              <eq/>
              <piecewise>
                <piece>
                  <apply>
                    <minus/>
                    <csymbol encoding="text" definitionURL="http://www.sbml.org/sbml/symbols/time"> time </csymbol>
                    <apply>
                      <times/>
                      <cn sbml:units="second" type="integer"> 200 </cn>
                      <apply>
                        <ceiling/>
                        <apply>
                          <divide/>
                          <csymbol encoding="text" definitionURL="http://www.sbml.org/sbml/symbols/time"> time </csymbol>
                          <cn sbml:units="second" type="integer"> 200 </cn>
                        </apply>
                      </apply>
                    </apply>
                  </apply>
                  <apply>
                    <xor/>
                    <apply>
                      <lt/>
                      <csymbol encoding="text" definitionURL="http://www.sbml.org/sbml/symbols/time"> time </csymbol>
                      <cn type="integer"> 0 </cn>
                    </apply>
                    <apply>
                      <lt/>
                      <cn sbml:units="second" type="integer"> 200 </cn>
                      <cn type="integer"> 0 </cn>
                    </apply>
                  </apply>
                </piece>
                <otherwise>
                  <apply>
                    <minus/>
                    <csymbol encoding="text" definitionURL="http://www.sbml.org/sbml/symbols/time"> time </csymbol>
                    <apply>
                      <times/>
                      <cn sbml:units="second" type="integer"> 200 </cn>
                      <apply>
                        <floor/>
                        <apply>
                          <divide/>
                          <csymbol encoding="text" definitionURL="http://www.sbml.org/sbml/symbols/time"> time </csymbol>
                          <cn sbml:units="second" type="integer"> 200 </cn>
                        </apply>
                      </apply>
                    </apply>
                  </apply>
                </otherwise>
              </piecewise>
              <cn sbml:units="second" type="integer"> 0 </cn>
            </apply>
          </math>
        </trigger>
        <listOfEventAssignments>
          <eventAssignment variable="glc">
            <math xmlns="http://www.w3.org/1998/Math/MathML" xmlns:sbml="http://www.sbml.org/sbml/level3/version2/core">
              <cn sbml:units="mM"> 4.5 </cn>
            </math>
          </eventAssignment>
          <eventAssignment variable="atp">
            <math xmlns="http://www.w3.org/1998/Math/MathML" xmlns:sbml="http://www.sbml.org/sbml/level3/version2/core">
              <cn sbml:units="mM"> 3 </cn>
            </math>
          </eventAssignment>
          <eventAssignment variable="adp">
            <math xmlns="http://www.w3.org/1998/Math/MathML" xmlns:sbml="http://www.sbml.org/sbml/level3/version2/core">
              <cn sbml:units="mM"> 0.8 </cn>
            </math>
          </eventAssignment>
          <eventAssignment variable="g6p">
            <math xmlns="http://www.w3.org/1998/Math/MathML" xmlns:sbml="http://www.sbml.org/sbml/level3/version2/core">
              <cn sbml:units="mM"> 0.1 </cn>
            </math>
          </eventAssignment>
        </listOfEventAssignments>
      </event>
    </listOfEvents>
    <comp:listOfPorts>
      <comp:port metaid="c_port" sboTerm="SBO:0000599" comp:idRef="c" comp:id="c_port" comp:name="c_port"/>
      <comp:port metaid="glc_port" sboTerm="SBO:0000599" comp:idRef="glc" comp:id="glc_port" comp:name="glc_port"/>
      <comp:port metaid="atp_port" sboTerm="SBO:0000599" comp:idRef="atp" comp:id="atp_port" comp:name="atp_port"/>
      <comp:port metaid="adp_port" sboTerm="SBO:0000599" comp:idRef="adp" comp:id="adp_port" comp:name="adp_port"/>
      <comp:port metaid="phos_port" sboTerm="SBO:0000599" comp:idRef="phos" comp:id="phos_port" comp:name="phos_port"/>
    </comp:listOfPorts>
    <layout:listOfLayouts xmlns:xsi="http://www.w3.org/2001/XMLSchema-instance" xmlns:layout="http://www.sbml.org/sbml/level3/version1/layout/version1">
      <layout:layout layout:id="layout_1" layout:name="Layout 1">
        <layout:dimensions layout:width="700" layout:height="700" layout:depth="0"/>
        <layout:listOfSpeciesGlyphs>
          <layout:speciesGlyph layout:id="glyph_atp" layout:species="atp">
            <layout:boundingBox>
              <layout:position layout:x="450" layout:y="50" layout:z="0"/>
              <layout:dimensions layout:width="50" layout:height="20" layout:depth="0"/>
            </layout:boundingBox>
          </layout:speciesGlyph>
          <layout:speciesGlyph layout:id="glyph_adp" layout:species="adp">
            <layout:boundingBox>
              <layout:position layout:x="450" layout:y="450" layout:z="0"/>
              <layout:dimensions layout:width="50" layout:height="20" layout:depth="0"/>
            </layout:boundingBox>
          </layout:speciesGlyph>
          <layout:speciesGlyph layout:id="glyph_glc" layout:species="glc">
            <layout:boundingBox>
              <layout:position layout:x="50" layout:y="50" layout:z="0"/>
              <layout:dimensions layout:width="50" layout:height="20" layout:depth="0"/>
            </layout:boundingBox>
          </layout:speciesGlyph>
          <layout:speciesGlyph layout:id="glyph_g6p" layout:species="g6p">
            <layout:boundingBox>
              <layout:position layout:x="50" layout:y="450" layout:z="0"/>
              <layout:dimensions layout:width="50" layout:height="20" layout:depth="0"/>
            </layout:boundingBox>
          </layout:speciesGlyph>
          <layout:speciesGlyph layout:id="glyph_hydron" layout:species="hydron">
            <layout:boundingBox>
              <layout:position layout:x="250" layout:y="450" layout:z="0"/>
              <layout:dimensions layout:width="50" layout:height="20" layout:depth="0"/>
            </layout:boundingBox>
          </layout:speciesGlyph>
        </layout:listOfSpeciesGlyphs>
        <layout:listOfReactionGlyphs>
          <layout:reactionGlyph layout:id="glyph_GK" layout:reaction="GK">
            <layout:boundingBox>
              <layout:position layout:x="275" layout:y="260" layout:z="0"/>
              <layout:dimensions layout:width="0" layout:height="0" layout:depth="0"/>
            </layout:boundingBox>
            <layout:listOfSpeciesReferenceGlyphs>
              <layout:speciesReferenceGlyph layout:id="glyph_GK__glyph_atp" layout:speciesGlyph="glyph_atp" layout:role="sidesubstrate">
                <layout:curve>
                  <layout:listOfCurveSegments>
                    <layout:curveSegment xmlns:xsi="http://www.w3.org/2001/XMLSchema-instance" xsi:type="LineSegment">
                      <layout:start layout:x="275" layout:y="260" layout:z="0"/>
                      <layout:end layout:x="475" layout:y="70" layout:z="0"/>
                    </layout:curveSegment>
                  </layout:listOfCurveSegments>
                </layout:curve>
              </layout:speciesReferenceGlyph>
              <layout:speciesReferenceGlyph layout:id="glyph_GK__glyph_adp" layout:speciesGlyph="glyph_adp" layout:role="sideproduct">
                <layout:curve>
                  <layout:listOfCurveSegments>
                    <layout:curveSegment xmlns:xsi="http://www.w3.org/2001/XMLSchema-instance" xsi:type="LineSegment">
                      <layout:start layout:x="275" layout:y="260" layout:z="0"/>
                      <layout:end layout:x="475" layout:y="450" layout:z="0"/>
                    </layout:curveSegment>
                  </layout:listOfCurveSegments>
                </layout:curve>
              </layout:speciesReferenceGlyph>
              <layout:speciesReferenceGlyph layout:id="glyph_GK__glyph_glc" layout:speciesGlyph="glyph_glc" layout:role="substrate">
                <layout:curve>
                  <layout:listOfCurveSegments>
                    <layout:curveSegment xmlns:xsi="http://www.w3.org/2001/XMLSchema-instance" xsi:type="LineSegment">
                      <layout:start layout:x="275" layout:y="260" layout:z="0"/>
                      <layout:end layout:x="75" layout:y="70" layout:z="0"/>
                    </layout:curveSegment>
                  </layout:listOfCurveSegments>
                </layout:curve>
              </layout:speciesReferenceGlyph>
              <layout:speciesReferenceGlyph layout:id="glyph_GK__glyph_g6p" layout:speciesGlyph="glyph_g6p" layout:role="product">
                <layout:curve>
                  <layout:listOfCurveSegments>
                    <layout:curveSegment xmlns:xsi="http://www.w3.org/2001/XMLSchema-instance" xsi:type="LineSegment">
                      <layout:start layout:x="275" layout:y="260" layout:z="0"/>
                      <layout:end layout:x="75" layout:y="450" layout:z="0"/>
                    </layout:curveSegment>
                  </layout:listOfCurveSegments>
                </layout:curve>
              </layout:speciesReferenceGlyph>
              <layout:speciesReferenceGlyph layout:id="glyph_GK__glyph_hydron" layout:speciesGlyph="glyph_hydron" layout:role="sideproduct">
                <layout:curve>
                  <layout:listOfCurveSegments>
                    <layout:curveSegment xmlns:xsi="http://www.w3.org/2001/XMLSchema-instance" xsi:type="LineSegment">
                      <layout:start layout:x="275" layout:y="260" layout:z="0"/>
                      <layout:end layout:x="275" layout:y="450" layout:z="0"/>
                    </layout:curveSegment>
                  </layout:listOfCurveSegments>
                </layout:curve>
              </layout:speciesReferenceGlyph>
            </layout:listOfSpeciesReferenceGlyphs>
          </layout:reactionGlyph>
          <layout:reactionGlyph layout:id="glyph_ATPASE" layout:reaction="ATPASE">
            <layout:boundingBox>
              <layout:position layout:x="675" layout:y="260" layout:z="0"/>
              <layout:dimensions layout:width="0" layout:height="0" layout:depth="0"/>
            </layout:boundingBox>
            <layout:listOfSpeciesReferenceGlyphs>
              <layout:speciesReferenceGlyph layout:id="glyph_ATPASE__glyph_atp" layout:speciesGlyph="glyph_atp" layout:role="substrate">
                <layout:curve>
                  <layout:listOfCurveSegments>
                    <layout:curveSegment xmlns:xsi="http://www.w3.org/2001/XMLSchema-instance" xsi:type="LineSegment">
                      <layout:start layout:x="675" layout:y="260" layout:z="0"/>
                      <layout:end layout:x="475" layout:y="70" layout:z="0"/>
                    </layout:curveSegment>
                  </layout:listOfCurveSegments>
                </layout:curve>
              </layout:speciesReferenceGlyph>
              <layout:speciesReferenceGlyph layout:id="glyph_ATPASE__glyph_adp" layout:speciesGlyph="glyph_adp" layout:role="product">
                <layout:curve>
                  <layout:listOfCurveSegments>
                    <layout:curveSegment xmlns:xsi="http://www.w3.org/2001/XMLSchema-instance" xsi:type="LineSegment">
                      <layout:start layout:x="675" layout:y="260" layout:z="0"/>
                      <layout:end layout:x="475" layout:y="450" layout:z="0"/>
                    </layout:curveSegment>
                  </layout:listOfCurveSegments>
                </layout:curve>
              </layout:speciesReferenceGlyph>
            </layout:listOfSpeciesReferenceGlyphs>
          </layout:reactionGlyph>
        </layout:listOfReactionGlyphs>
        <layout:listOfTextGlyphs>
          <layout:textGlyph layout:id="tglyph_glyph_atp" layout:text="ATP" layout:graphicalObject="glyph_atp">
            <layout:boundingBox>
              <layout:position layout:x="450" layout:y="50" layout:z="0"/>
              <layout:dimensions layout:width="50" layout:height="20" layout:depth="0"/>
            </layout:boundingBox>
          </layout:textGlyph>
          <layout:textGlyph layout:id="tglyph_glyph_adp" layout:text="ADP" layout:graphicalObject="glyph_adp">
            <layout:boundingBox>
              <layout:position layout:x="450" layout:y="450" layout:z="0"/>
              <layout:dimensions layout:width="50" layout:height="20" layout:depth="0"/>
            </layout:boundingBox>
          </layout:textGlyph>
          <layout:textGlyph layout:id="tglyph_glyph_glc" layout:text="glucose" layout:graphicalObject="glyph_glc">
            <layout:boundingBox>
              <layout:position layout:x="50" layout:y="50" layout:z="0"/>
              <layout:dimensions layout:width="50" layout:height="20" layout:depth="0"/>
            </layout:boundingBox>
          </layout:textGlyph>
          <layout:textGlyph layout:id="tglyph_glyph_g6p" layout:text="glucose-6-phosphate" layout:graphicalObject="glyph_g6p">
            <layout:boundingBox>
              <layout:position layout:x="50" layout:y="450" layout:z="0"/>
              <layout:dimensions layout:width="50" layout:height="20" layout:depth="0"/>
            </layout:boundingBox>
          </layout:textGlyph>
          <layout:textGlyph layout:id="tglyph_glyph_hydron" layout:text="hydron" layout:graphicalObject="glyph_hydron">
            <layout:boundingBox>
              <layout:position layout:x="250" layout:y="450" layout:z="0"/>
              <layout:dimensions layout:width="50" layout:height="20" layout:depth="0"/>
            </layout:boundingBox>
          </layout:textGlyph>
          <layout:textGlyph layout:id="tglyph_glyph_GK" layout:text="GK" layout:graphicalObject="glyph_GK">
            <layout:boundingBox>
              <layout:position layout:x="275" layout:y="260" layout:z="0"/>
              <layout:dimensions layout:width="0" layout:height="0" layout:depth="0"/>
            </layout:boundingBox>
          </layout:textGlyph>
          <layout:textGlyph layout:id="tglyph_glyph_ATPASE" layout:text="ATPase" layout:graphicalObject="glyph_ATPASE">
            <layout:boundingBox>
              <layout:position layout:x="675" layout:y="260" layout:z="0"/>
              <layout:dimensions layout:width="0" layout:height="0" layout:depth="0"/>
            </layout:boundingBox>
          </layout:textGlyph>
        </layout:listOfTextGlyphs>
      </layout:layout>
    </layout:listOfLayouts>
  </model>
</sbml>
