<?xml version="1.0" encoding="UTF-8"?>
<sbml xmlns="http://www.sbml.org/sbml/level3/version1/core" xmlns:comp="http://www.sbml.org/sbml/level3/version1/comp/version1" level="3" version="1" comp:required="true">
  <model metaid="meta_8f97da59d83a4b2fa87feb01e1e8adec" sboTerm="SBO:0000293" id="ecoli_update" name="ecoli (UPDATE)" substanceUnits="mmol" timeUnits="h" volumeUnits="l" areaUnits="m2" lengthUnits="m" extentUnits="mmol">
    <notes>
      <body xmlns="http://www.w3.org/1999/xhtml">
        <h1>E.coli core DFBA model</h1>
        <p>
          <strong>Model version: 6</strong>
        </p>
        <p>
          <h2>UPDATE submodel</h2>
          <p>Submodel for dynamically updating the metabolite count.
        This updates the ode model based on the FBA fluxes.</p>
        </p>
        <h2>Description</h2>
        <div class="dc:description">
          <p>This is a metabolism model of Escherichia coli str. K-12 substr. MG1655 in
        <a href="http://sbml.org" target="_blank" title="Access the definition of the SBML file format.">SBML</a> format.</p>
        </div>
        <div class="dc:provenance">The content of this model has been carefully created in a manual research effort. This file has been exported from the software
      <a href="http://dx.doi.org/10.1186/1752-0509-7-74" title="Access publication about COBRApy." target="_blank">COBRApy</a> and further processed with the
      <a href="http://dx.doi.org/10.1093/bioinformatics/btv341" title="Access publication about JSBML." target="_blank">JSBML</a>-based
      <a href="http://github.com/SBRG/ModelPolisher/" target="_blank" title="Access ModelPolisher on Github">ModelPolisher</a> application.</div>
        <div class="dc:publisher">This file has been produced by the
      <a href="http://systemsbiology.ucsd.edu" title="Website of the Systems Biology Research Group" target="_blank">Systems Biology Research Group</a> using
      <a href="http://bigg.ucsd.edu" title="Access BiGG Models knowledge-base." target="_blank">BiGG Models knowledge-base</a> version of Nov 21, 2016, where it is currently hosted and
      identified by:
      <a href="http://identifiers.org/bigg.model/e_coli_core" title="Access to this model via BiGG Models knowledge-base." target="_blank">e_coli_core</a>.</div>
        <h2>Terms of use</h2>
        <div class="dc:rightsHolder">Copyright © 2016 The Regents of the University of California.</div>
        <div class="dc:license">
          <p>Redistribution and use of any part of this model from BiGG Models knowledge-base, with or without modification, are permitted provided that the following conditions are met:
        <ol>
            <li>Redistributions of this SBML file must retain the above copyright notice, this list of conditions and the following disclaimer.</li>
            <li>Redistributions in a different form must reproduce the above copyright notice, this list of conditions and the following disclaimer in the documentation and/or other materials provided
          with the distribution.</li>
          </ol>This model is distributed in the hope that it will be useful, but WITHOUT ANY WARRANTY; without even the implied warranty of MERCHANTABILITY or FITNESS FOR A PARTICULAR PURPOSE.</p>
          <p>For specific licensing terms about this particular model and regulations of commercial use, see
        <a href="http://identifiers.org/bigg.model/e_coli_core" title="Access to this model via BiGG Models knowledge-base." target="_blank">this model in BiGG Models knowledge-base</a>.</p>
        </div>
        <h2>References</h2>When using content from BiGG Models knowledge-base in your research works, please cite
      <dl>
          <dt>King ZA, Lu JS, Dräger A, Miller PC, Federowicz S, Lerman JA, Ebrahim A, Palsson BO, and Lewis NE. (2015).
        <dd>BiGG Models: A platform for integrating, standardizing, and sharing genome-scale models.
        <i>Nucl Acids Res</i>.
        <a href="https://dx.doi.org/10.1093/nar/gkv1049" target="_blank" title="Access the publication about BiGG Models knowledge-base">doi:10.1093/nar/gkv1049</a>
        </dd>
      </dt>
    </dl>
  </body>
</notes><annotation>
  <rdf:RDF xmlns:rdf="http://www.w3.org/1999/02/22-rdf-syntax-ns#" xmlns:dcterms="http://purl.org/dc/terms/" xmlns:vCard="http://www.w3.org/2001/vcard-rdf/3.0#" xmlns:vCard4="http://www.w3.org/2006/vcard/ns#" xmlns:bqbiol="http://biomodels.net/biology-qualifiers/" xmlns:bqmodel="http://biomodels.net/model-qualifiers/">
    <rdf:Description rdf:about="#meta_8f97da59d83a4b2fa87feb01e1e8adec">
      <dcterms:creator>
        <rdf:Bag>
          <rdf:li rdf:parseType="Resource">
            <vCard:N rdf:parseType="Resource">
              <vCard:Family>Koenig</vCard:Family>
              <vCard:Given>Matthias</vCard:Given>
            </vCard:N>
            <vCard:EMAIL>konigmatt@googlemail.com</vCard:EMAIL>
            <vCard:ORG rdf:parseType="Resource">
              <vCard:Orgname>Humboldt University Berlin</vCard:Orgname>
            </vCard:ORG>
          </rdf:li>
        </rdf:Bag>
      </dcterms:creator>
      <dcterms:created rdf:parseType="Resource">
        <dcterms:W3CDTF>2017-04-04T21:55:32Z</dcterms:W3CDTF>
      </dcterms:created>
      <dcterms:modified rdf:parseType="Resource">
        <dcterms:W3CDTF>2017-04-04T21:55:32Z</dcterms:W3CDTF>
      </dcterms:modified>
    </rdf:Description>
  </rdf:RDF>
</annotation><listOfUnitDefinitions>
  <unitDefinition id="h">
    <listOfUnits>
      <unit kind="second" exponent="1" scale="0" multiplier="3600"/>
    </listOfUnits>
  </unitDefinition>
  <unitDefinition id="g">
    <listOfUnits>
      <unit kind="gram" exponent="1" scale="0" multiplier="1"/>
    </listOfUnits>
  </unitDefinition>
  <unitDefinition id="m">
    <listOfUnits>
      <unit kind="metre" exponent="1" scale="0" multiplier="1"/>
    </listOfUnits>
  </unitDefinition>
  <unitDefinition id="m2">
    <listOfUnits>
      <unit kind="metre" exponent="2" scale="0" multiplier="1"/>
    </listOfUnits>
  </unitDefinition>
  <unitDefinition id="l">
    <listOfUnits>
      <unit kind="litre" exponent="1" scale="0" multiplier="1"/>
    </listOfUnits>
  </unitDefinition>
  <unitDefinition id="mmol">
    <listOfUnits>
      <unit kind="mole" exponent="1" scale="-3" multiplier="1"/>
    </listOfUnits>
  </unitDefinition>
  <unitDefinition id="per_h">
    <listOfUnits>
      <unit kind="second" exponent="-1" scale="0" multiplier="3600"/>
    </listOfUnits>
  </unitDefinition>
  <unitDefinition id="mmol_per_h">
    <listOfUnits>
      <unit kind="mole" exponent="1" scale="-3" multiplier="1"/>
      <unit kind="second" exponent="-1" scale="0" multiplier="3600"/>
    </listOfUnits>
  </unitDefinition>
  <unitDefinition id="mmol_per_hg">
    <listOfUnits>
      <unit kind="mole" exponent="1" scale="-3" multiplier="1"/>
      <unit kind="second" exponent="-1" scale="0" multiplier="3600"/>
      <unit kind="gram" exponent="-1" scale="0" multiplier="1"/>
    </listOfUnits>
  </unitDefinition>
  <unitDefinition id="mmol_per_l">
    <listOfUnits>
      <unit kind="mole" exponent="1" scale="-3" multiplier="1"/>
      <unit kind="litre" exponent="-1" scale="0" multiplier="1"/>
    </listOfUnits>
  </unitDefinition>
  <unitDefinition id="l_per_mmol">
    <listOfUnits>
      <unit kind="litre" exponent="1" scale="0" multiplier="1"/>
      <unit kind="mole" exponent="-1" scale="-3" multiplier="1"/>
    </listOfUnits>
  </unitDefinition>
  <unitDefinition id="g_per_l">
    <listOfUnits>
      <unit kind="gram" exponent="1" scale="0" multiplier="1"/>
      <unit kind="litre" exponent="-1" scale="0" multiplier="1"/>
    </listOfUnits>
  </unitDefinition>
  <unitDefinition id="g_per_mmol">
    <listOfUnits>
      <unit kind="gram" exponent="1" scale="0" multiplier="1"/>
      <unit kind="mole" exponent="-1" scale="-3" multiplier="1"/>
    </listOfUnits>
  </unitDefinition>
</listOfUnitDefinitions><listOfCompartments>
  <compartment id="bioreactor" name="bioreactor" spatialDimensions="3" size="1" units="l" constant="true"/>
</listOfCompartments><listOfSpecies>
  <species id="pi_e" name="Phosphate" compartment="bioreactor" initialConcentration="1" substanceUnits="mmol" hasOnlySubstanceUnits="false" boundaryCondition="false" constant="false"/>
  <species id="for_e" name="Formate" compartment="bioreactor" initialConcentration="1" substanceUnits="mmol" hasOnlySubstanceUnits="false" boundaryCondition="false" constant="false"/>
  <species id="h_e" name="H+" compartment="bioreactor" initialConcentration="1" substanceUnits="mmol" hasOnlySubstanceUnits="false" boundaryCondition="false" constant="false"/>
  <species id="o2_e" name="O2" compartment="bioreactor" initialConcentration="1" substanceUnits="mmol" hasOnlySubstanceUnits="false" boundaryCondition="false" constant="false"/>
  <species id="lac__D_e" name="D-Lactate" compartment="bioreactor" initialConcentration="1" substanceUnits="mmol" hasOnlySubstanceUnits="false" boundaryCondition="false" constant="false"/>
  <species id="pyr_e" name="Pyruvate" compartment="bioreactor" initialConcentration="1" substanceUnits="mmol" hasOnlySubstanceUnits="false" boundaryCondition="false" constant="false"/>
  <species id="etoh_e" name="Ethanol" compartment="bioreactor" initialConcentration="1" substanceUnits="mmol" hasOnlySubstanceUnits="false" boundaryCondition="false" constant="false"/>
  <species id="gln__L_e" name="L-Glutamine" compartment="bioreactor" initialConcentration="1" substanceUnits="mmol" hasOnlySubstanceUnits="false" boundaryCondition="false" constant="false"/>
  <species id="akg_e" name="2-Oxoglutarate" compartment="bioreactor" initialConcentration="1" substanceUnits="mmol" hasOnlySubstanceUnits="false" boundaryCondition="false" constant="false"/>
  <species id="co2_e" name="CO2" compartment="bioreactor" initialConcentration="1" substanceUnits="mmol" hasOnlySubstanceUnits="false" boundaryCondition="false" constant="false"/>
  <species id="acald_e" name="Acetaldehyde" compartment="bioreactor" initialConcentration="1" substanceUnits="mmol" hasOnlySubstanceUnits="false" boundaryCondition="false" constant="false"/>
  <species id="glu__L_e" name="L-Glutamate" compartment="bioreactor" initialConcentration="1" substanceUnits="mmol" hasOnlySubstanceUnits="false" boundaryCondition="false" constant="false"/>
  <species id="mal__L_e" name="L-Malate" compartment="bioreactor" initialConcentration="1" substanceUnits="mmol" hasOnlySubstanceUnits="false" boundaryCondition="false" constant="false"/>
  <species id="X" name="biomass" compartment="bioreactor" initialConcentration="1" substanceUnits="mmol" hasOnlySubstanceUnits="false" boundaryCondition="false" constant="false"/>
  <species id="fum_e" name="Fumarate" compartment="bioreactor" initialConcentration="1" substanceUnits="mmol" hasOnlySubstanceUnits="false" boundaryCondition="false" constant="false"/>
  <species id="fru_e" name="D-Fructose" compartment="bioreactor" initialConcentration="1" substanceUnits="mmol" hasOnlySubstanceUnits="false" boundaryCondition="false" constant="false"/>
  <species id="succ_e" name="Succinate" compartment="bioreactor" initialConcentration="1" substanceUnits="mmol" hasOnlySubstanceUnits="false" boundaryCondition="false" constant="false"/>
  <species id="h2o_e" name="H2O" compartment="bioreactor" initialConcentration="1" substanceUnits="mmol" hasOnlySubstanceUnits="false" boundaryCondition="false" constant="false"/>
  <species id="nh4_e" name="Ammonium" compartment="bioreactor" initialConcentration="1" substanceUnits="mmol" hasOnlySubstanceUnits="false" boundaryCondition="false" constant="false"/>
  <species id="ac_e" name="Acetate" compartment="bioreactor" initialConcentration="1" substanceUnits="mmol" hasOnlySubstanceUnits="false" boundaryCondition="false" constant="false"/>
  <species id="glc__D_e" name="D-Glucose" compartment="bioreactor" initialConcentration="1" substanceUnits="mmol" hasOnlySubstanceUnits="false" boundaryCondition="false" constant="false"/>
</listOfSpecies><listOfParameters>
  <parameter sboTerm="SBO:0000613" id="EX_pi_e" value="1" units="mmol_per_h" constant="true"/>
  <parameter sboTerm="SBO:0000613" id="EX_for_e" value="1" units="mmol_per_h" constant="true"/>
  <parameter sboTerm="SBO:0000613" id="EX_h_e" value="1" units="mmol_per_h" constant="true"/>
  <parameter sboTerm="SBO:0000613" id="EX_o2_e" value="1" units="mmol_per_h" constant="true"/>
  <parameter sboTerm="SBO:0000613" id="EX_lac__D_e" value="1" units="mmol_per_h" constant="true"/>
  <parameter sboTerm="SBO:0000613" id="EX_pyr_e" value="1" units="mmol_per_h" constant="true"/>
  <parameter sboTerm="SBO:0000613" id="EX_etoh_e" value="1" units="mmol_per_h" constant="true"/>
  <parameter sboTerm="SBO:0000613" id="EX_gln__L_e" value="1" units="mmol_per_h" constant="true"/>
  <parameter sboTerm="SBO:0000613" id="EX_akg_e" value="1" units="mmol_per_h" constant="true"/>
  <parameter sboTerm="SBO:0000613" id="EX_co2_e" value="1" units="mmol_per_h" constant="true"/>
  <parameter sboTerm="SBO:0000613" id="EX_acald_e" value="1" units="mmol_per_h" constant="true"/>
  <parameter sboTerm="SBO:0000613" id="EX_glu__L_e" value="1" units="mmol_per_h" constant="true"/>
  <parameter sboTerm="SBO:0000613" id="EX_mal__L_e" value="1" units="mmol_per_h" constant="true"/>
  <parameter sboTerm="SBO:0000613" id="EX_X" value="1" units="mmol_per_h" constant="true"/>
  <parameter sboTerm="SBO:0000613" id="EX_fum_e" value="1" units="mmol_per_h" constant="true"/>
  <parameter sboTerm="SBO:0000613" id="EX_fru_e" value="1" units="mmol_per_h" constant="true"/>
  <parameter sboTerm="SBO:0000613" id="EX_succ_e" value="1" units="mmol_per_h" constant="true"/>
  <parameter sboTerm="SBO:0000613" id="EX_h2o_e" value="1" units="mmol_per_h" constant="true"/>
  <parameter sboTerm="SBO:0000613" id="EX_nh4_e" value="1" units="mmol_per_h" constant="true"/>
  <parameter sboTerm="SBO:0000613" id="EX_ac_e" value="1" units="mmol_per_h" constant="true"/>
  <parameter sboTerm="SBO:0000613" id="EX_glc__D_e" value="1" units="mmol_per_h" constant="true"/>
</listOfParameters><listOfReactions>
  <reaction id="update_pi_e" reversible="true" fast="false">
    <listOfReactants>
      <speciesReference species="pi_e" stoichiometry="1" constant="true"/>
    </listOfReactants>
    <kineticLaw>
      <math xmlns="http://www.w3.org/1998/Math/MathML">
        <apply>
          <minus/>
          <ci> EX_pi_e </ci>
        </apply>
      </math>
    </kineticLaw>
  </reaction>
  <reaction id="update_for_e" reversible="true" fast="false">
    <listOfReactants>
      <speciesReference species="for_e" stoichiometry="1" constant="true"/>
    </listOfReactants>
    <kineticLaw>
      <math xmlns="http://www.w3.org/1998/Math/MathML">
        <apply>
          <minus/>
          <ci> EX_for_e </ci>
        </apply>
      </math>
    </kineticLaw>
  </reaction>
  <reaction id="update_h_e" reversible="true" fast="false">
    <listOfReactants>
      <speciesReference species="h_e" stoichiometry="1" constant="true"/>
    </listOfReactants>
    <kineticLaw>
      <math xmlns="http://www.w3.org/1998/Math/MathML">
        <apply>
          <minus/>
          <ci> EX_h_e </ci>
        </apply>
      </math>
    </kineticLaw>
  </reaction>
  <reaction id="update_o2_e" reversible="true" fast="false">
    <listOfReactants>
      <speciesReference species="o2_e" stoichiometry="1" constant="true"/>
    </listOfReactants>
    <kineticLaw>
      <math xmlns="http://www.w3.org/1998/Math/MathML">
        <apply>
          <minus/>
          <ci> EX_o2_e </ci>
        </apply>
      </math>
    </kineticLaw>
  </reaction>
  <reaction id="update_lac__D_e" reversible="true" fast="false">
    <listOfReactants>
      <speciesReference species="lac__D_e" stoichiometry="1" constant="true"/>
    </listOfReactants>
    <kineticLaw>
      <math xmlns="http://www.w3.org/1998/Math/MathML">
        <apply>
          <minus/>
          <ci> EX_lac__D_e </ci>
        </apply>
      </math>
    </kineticLaw>
  </reaction>
  <reaction id="update_pyr_e" reversible="true" fast="false">
    <listOfReactants>
      <speciesReference species="pyr_e" stoichiometry="1" constant="true"/>
    </listOfReactants>
    <kineticLaw>
      <math xmlns="http://www.w3.org/1998/Math/MathML">
        <apply>
          <minus/>
          <ci> EX_pyr_e </ci>
        </apply>
      </math>
    </kineticLaw>
  </reaction>
  <reaction id="update_etoh_e" reversible="true" fast="false">
    <listOfReactants>
      <speciesReference species="etoh_e" stoichiometry="1" constant="true"/>
    </listOfReactants>
    <kineticLaw>
      <math xmlns="http://www.w3.org/1998/Math/MathML">
        <apply>
          <minus/>
          <ci> EX_etoh_e </ci>
        </apply>
      </math>
    </kineticLaw>
  </reaction>
  <reaction id="update_gln__L_e" reversible="true" fast="false">
    <listOfReactants>
      <speciesReference species="gln__L_e" stoichiometry="1" constant="true"/>
    </listOfReactants>
    <kineticLaw>
      <math xmlns="http://www.w3.org/1998/Math/MathML">
        <apply>
          <minus/>
          <ci> EX_gln__L_e </ci>
        </apply>
      </math>
    </kineticLaw>
  </reaction>
  <reaction id="update_akg_e" reversible="true" fast="false">
    <listOfReactants>
      <speciesReference species="akg_e" stoichiometry="1" constant="true"/>
    </listOfReactants>
    <kineticLaw>
      <math xmlns="http://www.w3.org/1998/Math/MathML">
        <apply>
          <minus/>
          <ci> EX_akg_e </ci>
        </apply>
      </math>
    </kineticLaw>
  </reaction>
  <reaction id="update_co2_e" reversible="true" fast="false">
    <listOfReactants>
      <speciesReference species="co2_e" stoichiometry="1" constant="true"/>
    </listOfReactants>
    <kineticLaw>
      <math xmlns="http://www.w3.org/1998/Math/MathML">
        <apply>
          <minus/>
          <ci> EX_co2_e </ci>
        </apply>
      </math>
    </kineticLaw>
  </reaction>
  <reaction id="update_acald_e" reversible="true" fast="false">
    <listOfReactants>
      <speciesReference species="acald_e" stoichiometry="1" constant="true"/>
    </listOfReactants>
    <kineticLaw>
      <math xmlns="http://www.w3.org/1998/Math/MathML">
        <apply>
          <minus/>
          <ci> EX_acald_e </ci>
        </apply>
      </math>
    </kineticLaw>
  </reaction>
  <reaction id="update_glu__L_e" reversible="true" fast="false">
    <listOfReactants>
      <speciesReference species="glu__L_e" stoichiometry="1" constant="true"/>
    </listOfReactants>
    <kineticLaw>
      <math xmlns="http://www.w3.org/1998/Math/MathML">
        <apply>
          <minus/>
          <ci> EX_glu__L_e </ci>
        </apply>
      </math>
    </kineticLaw>
  </reaction>
  <reaction id="update_mal__L_e" reversible="true" fast="false">
    <listOfReactants>
      <speciesReference species="mal__L_e" stoichiometry="1" constant="true"/>
    </listOfReactants>
    <kineticLaw>
      <math xmlns="http://www.w3.org/1998/Math/MathML">
        <apply>
          <minus/>
          <ci> EX_mal__L_e </ci>
        </apply>
      </math>
    </kineticLaw>
  </reaction>
  <reaction id="update_X" reversible="true" fast="false">
    <listOfReactants>
      <speciesReference species="X" stoichiometry="1" constant="true"/>
    </listOfReactants>
    <kineticLaw>
      <math xmlns="http://www.w3.org/1998/Math/MathML">
        <apply>
          <minus/>
          <ci> EX_X </ci>
        </apply>
      </math>
    </kineticLaw>
  </reaction>
  <reaction id="update_fum_e" reversible="true" fast="false">
    <listOfReactants>
      <speciesReference species="fum_e" stoichiometry="1" constant="true"/>
    </listOfReactants>
    <kineticLaw>
      <math xmlns="http://www.w3.org/1998/Math/MathML">
        <apply>
          <minus/>
          <ci> EX_fum_e </ci>
        </apply>
      </math>
    </kineticLaw>
  </reaction>
  <reaction id="update_fru_e" reversible="true" fast="false">
    <listOfReactants>
      <speciesReference species="fru_e" stoichiometry="1" constant="true"/>
    </listOfReactants>
    <kineticLaw>
      <math xmlns="http://www.w3.org/1998/Math/MathML">
        <apply>
          <minus/>
          <ci> EX_fru_e </ci>
        </apply>
      </math>
    </kineticLaw>
  </reaction>
  <reaction id="update_succ_e" reversible="true" fast="false">
    <listOfReactants>
      <speciesReference species="succ_e" stoichiometry="1" constant="true"/>
    </listOfReactants>
    <kineticLaw>
      <math xmlns="http://www.w3.org/1998/Math/MathML">
        <apply>
          <minus/>
          <ci> EX_succ_e </ci>
        </apply>
      </math>
    </kineticLaw>
  </reaction>
  <reaction id="update_h2o_e" reversible="true" fast="false">
    <listOfReactants>
      <speciesReference species="h2o_e" stoichiometry="1" constant="true"/>
    </listOfReactants>
    <kineticLaw>
      <math xmlns="http://www.w3.org/1998/Math/MathML">
        <apply>
          <minus/>
          <ci> EX_h2o_e </ci>
        </apply>
      </math>
    </kineticLaw>
  </reaction>
  <reaction id="update_nh4_e" reversible="true" fast="false">
    <listOfReactants>
      <speciesReference species="nh4_e" stoichiometry="1" constant="true"/>
    </listOfReactants>
    <kineticLaw>
      <math xmlns="http://www.w3.org/1998/Math/MathML">
        <apply>
          <minus/>
          <ci> EX_nh4_e </ci>
        </apply>
      </math>
    </kineticLaw>
  </reaction>
  <reaction id="update_ac_e" reversible="true" fast="false">
    <listOfReactants>
      <speciesReference species="ac_e" stoichiometry="1" constant="true"/>
    </listOfReactants>
    <kineticLaw>
      <math xmlns="http://www.w3.org/1998/Math/MathML">
        <apply>
          <minus/>
          <ci> EX_ac_e </ci>
        </apply>
      </math>
    </kineticLaw>
  </reaction>
  <reaction id="update_glc__D_e" reversible="true" fast="false">
    <listOfReactants>
      <speciesReference species="glc__D_e" stoichiometry="1" constant="true"/>
    </listOfReactants>
    <kineticLaw>
      <math xmlns="http://www.w3.org/1998/Math/MathML">
        <apply>
          <minus/>
          <ci> EX_glc__D_e </ci>
        </apply>
      </math>
    </kineticLaw>
  </reaction>
</listOfReactions><comp:listOfPorts>
  <comp:port sboTerm="SBO:0000599" comp:idRef="bioreactor" comp:id="bioreactor_port"/>
  <comp:port sboTerm="SBO:0000599" comp:idRef="pi_e" comp:id="pi_e_port"/>
  <comp:port sboTerm="SBO:0000599" comp:idRef="for_e" comp:id="for_e_port"/>
  <comp:port sboTerm="SBO:0000599" comp:idRef="h_e" comp:id="h_e_port"/>
  <comp:port sboTerm="SBO:0000599" comp:idRef="o2_e" comp:id="o2_e_port"/>
  <comp:port sboTerm="SBO:0000599" comp:idRef="lac__D_e" comp:id="lac__D_e_port"/>
  <comp:port sboTerm="SBO:0000599" comp:idRef="pyr_e" comp:id="pyr_e_port"/>
  <comp:port sboTerm="SBO:0000599" comp:idRef="etoh_e" comp:id="etoh_e_port"/>
  <comp:port sboTerm="SBO:0000599" comp:idRef="gln__L_e" comp:id="gln__L_e_port"/>
  <comp:port sboTerm="SBO:0000599" comp:idRef="akg_e" comp:id="akg_e_port"/>
  <comp:port sboTerm="SBO:0000599" comp:idRef="co2_e" comp:id="co2_e_port"/>
  <comp:port sboTerm="SBO:0000599" comp:idRef="acald_e" comp:id="acald_e_port"/>
  <comp:port sboTerm="SBO:0000599" comp:idRef="glu__L_e" comp:id="glu__L_e_port"/>
  <comp:port sboTerm="SBO:0000599" comp:idRef="mal__L_e" comp:id="mal__L_e_port"/>
  <comp:port sboTerm="SBO:0000599" comp:idRef="X" comp:id="X_port"/>
  <comp:port sboTerm="SBO:0000599" comp:idRef="fum_e" comp:id="fum_e_port"/>
  <comp:port sboTerm="SBO:0000599" comp:idRef="fru_e" comp:id="fru_e_port"/>
  <comp:port sboTerm="SBO:0000599" comp:idRef="succ_e" comp:id="succ_e_port"/>
  <comp:port sboTerm="SBO:0000599" comp:idRef="h2o_e" comp:id="h2o_e_port"/>
  <comp:port sboTerm="SBO:0000599" comp:idRef="nh4_e" comp:id="nh4_e_port"/>
  <comp:port sboTerm="SBO:0000599" comp:idRef="ac_e" comp:id="ac_e_port"/>
  <comp:port sboTerm="SBO:0000599" comp:idRef="glc__D_e" comp:id="glc__D_e_port"/>
  <comp:port sboTerm="SBO:0000599" comp:idRef="EX_pi_e" comp:id="EX_pi_e_port"/>
  <comp:port sboTerm="SBO:0000599" comp:idRef="EX_for_e" comp:id="EX_for_e_port"/>
  <comp:port sboTerm="SBO:0000599" comp:idRef="EX_h_e" comp:id="EX_h_e_port"/>
  <comp:port sboTerm="SBO:0000599" comp:idRef="EX_o2_e" comp:id="EX_o2_e_port"/>
  <comp:port sboTerm="SBO:0000599" comp:idRef="EX_lac__D_e" comp:id="EX_lac__D_e_port"/>
  <comp:port sboTerm="SBO:0000599" comp:idRef="EX_pyr_e" comp:id="EX_pyr_e_port"/>
  <comp:port sboTerm="SBO:0000599" comp:idRef="EX_etoh_e" comp:id="EX_etoh_e_port"/>
  <comp:port sboTerm="SBO:0000599" comp:idRef="EX_gln__L_e" comp:id="EX_gln__L_e_port"/>
  <comp:port sboTerm="SBO:0000599" comp:idRef="EX_akg_e" comp:id="EX_akg_e_port"/>
  <comp:port sboTerm="SBO:0000599" comp:idRef="EX_co2_e" comp:id="EX_co2_e_port"/>
  <comp:port sboTerm="SBO:0000599" comp:idRef="EX_acald_e" comp:id="EX_acald_e_port"/>
  <comp:port sboTerm="SBO:0000599" comp:idRef="EX_glu__L_e" comp:id="EX_glu__L_e_port"/>
  <comp:port sboTerm="SBO:0000599" comp:idRef="EX_mal__L_e" comp:id="EX_mal__L_e_port"/>
  <comp:port sboTerm="SBO:0000599" comp:idRef="EX_X" comp:id="EX_X_port"/>
  <comp:port sboTerm="SBO:0000599" comp:idRef="EX_fum_e" comp:id="EX_fum_e_port"/>
  <comp:port sboTerm="SBO:0000599" comp:idRef="EX_fru_e" comp:id="EX_fru_e_port"/>
  <comp:port sboTerm="SBO:0000599" comp:idRef="EX_succ_e" comp:id="EX_succ_e_port"/>
  <comp:port sboTerm="SBO:0000599" comp:idRef="EX_h2o_e" comp:id="EX_h2o_e_port"/>
  <comp:port sboTerm="SBO:0000599" comp:idRef="EX_nh4_e" comp:id="EX_nh4_e_port"/>
  <comp:port sboTerm="SBO:0000599" comp:idRef="EX_ac_e" comp:id="EX_ac_e_port"/>
  <comp:port sboTerm="SBO:0000599" comp:idRef="EX_glc__D_e" comp:id="EX_glc__D_e_port"/>
</comp:listOfPorts>
</model>
</sbml>
