<?xml version="1.0" encoding="UTF-8"?>
<sbml xmlns="http://www.sbml.org/sbml/level3/version1/core" xmlns:comp="http://www.sbml.org/sbml/level3/version1/comp/version1" level="3" version="1" comp:required="true">
  <model metaid="meta_47ba066e9df54904b89d5cb33ddc8795" sboTerm="SBO:0000293" id="ecoli_bounds" name="ecoli (BOUNDS)" substanceUnits="mmol" timeUnits="h" volumeUnits="l" areaUnits="m2" lengthUnits="m" extentUnits="mmol">
    <notes>
      <body xmlns="http://www.w3.org/1999/xhtml">
        <h1>E.coli core DFBA model</h1>
        <p>
          <strong>Model version: 6</strong>
        </p>
        <p>
          <h2>BOUNDS submodel</h2>
          <p>Submodel for dynamically calculating the flux bounds.
    The dynamically changing flux bounds are the input to the
    FBA model.</p>
        </p>
        <h2>Description</h2>
        <div class="dc:description">
          <p>This is a metabolism model of Escherichia coli str. K-12 substr. MG1655 in
        <a href="http://sbml.org" target="_blank" title="Access the definition of the SBML file format.">SBML</a> format.</p>
        </div>
        <div class="dc:provenance">The content of this model has been carefully created in a manual research effort. This file has been exported from the software
      <a href="http://dx.doi.org/10.1186/1752-0509-7-74" title="Access publication about COBRApy." target="_blank">COBRApy</a> and further processed with the
      <a href="http://dx.doi.org/10.1093/bioinformatics/btv341" title="Access publication about JSBML." target="_blank">JSBML</a>-based
      <a href="http://github.com/SBRG/ModelPolisher/" target="_blank" title="Access ModelPolisher on Github">ModelPolisher</a> application.</div>
        <div class="dc:publisher">This file has been produced by the
      <a href="http://systemsbiology.ucsd.edu" title="Website of the Systems Biology Research Group" target="_blank">Systems Biology Research Group</a> using
      <a href="http://bigg.ucsd.edu" title="Access BiGG Models knowledge-base." target="_blank">BiGG Models knowledge-base</a> version of Nov 21, 2016, where it is currently hosted and
      identified by:
      <a href="http://identifiers.org/bigg.model/e_coli_core" title="Access to this model via BiGG Models knowledge-base." target="_blank">e_coli_core</a>.</div>
        <h2>Terms of use</h2>
        <div class="dc:rightsHolder">Copyright © 2016 The Regents of the University of California.</div>
        <div class="dc:license">
          <p>Redistribution and use of any part of this model from BiGG Models knowledge-base, with or without modification, are permitted provided that the following conditions are met:
        <ol>
            <li>Redistributions of this SBML file must retain the above copyright notice, this list of conditions and the following disclaimer.</li>
            <li>Redistributions in a different form must reproduce the above copyright notice, this list of conditions and the following disclaimer in the documentation and/or other materials provided
          with the distribution.</li>
          </ol>This model is distributed in the hope that it will be useful, but WITHOUT ANY WARRANTY; without even the implied warranty of MERCHANTABILITY or FITNESS FOR A PARTICULAR PURPOSE.</p>
          <p>For specific licensing terms about this particular model and regulations of commercial use, see
        <a href="http://identifiers.org/bigg.model/e_coli_core" title="Access to this model via BiGG Models knowledge-base." target="_blank">this model in BiGG Models knowledge-base</a>.</p>
        </div>
        <h2>References</h2>When using content from BiGG Models knowledge-base in your research works, please cite
      <dl>
          <dt>King ZA, Lu JS, Dräger A, Miller PC, Federowicz S, Lerman JA, Ebrahim A, Palsson BO, and Lewis NE. (2015).
        <dd>BiGG Models: A platform for integrating, standardizing, and sharing genome-scale models.
        <i>Nucl Acids Res</i>.
        <a href="https://dx.doi.org/10.1093/nar/gkv1049" target="_blank" title="Access the publication about BiGG Models knowledge-base">doi:10.1093/nar/gkv1049</a>
        </dd>
      </dt>
    </dl>
  </body>
</notes><annotation>
  <rdf:RDF xmlns:rdf="http://www.w3.org/1999/02/22-rdf-syntax-ns#" xmlns:dcterms="http://purl.org/dc/terms/" xmlns:vCard="http://www.w3.org/2001/vcard-rdf/3.0#" xmlns:vCard4="http://www.w3.org/2006/vcard/ns#" xmlns:bqbiol="http://biomodels.net/biology-qualifiers/" xmlns:bqmodel="http://biomodels.net/model-qualifiers/">
    <rdf:Description rdf:about="#meta_47ba066e9df54904b89d5cb33ddc8795">
      <dcterms:creator>
        <rdf:Bag>
          <rdf:li rdf:parseType="Resource">
            <vCard:N rdf:parseType="Resource">
              <vCard:Family>Koenig</vCard:Family>
              <vCard:Given>Matthias</vCard:Given>
            </vCard:N>
            <vCard:EMAIL>konigmatt@googlemail.com</vCard:EMAIL>
            <vCard:ORG rdf:parseType="Resource">
              <vCard:Orgname>Humboldt University Berlin</vCard:Orgname>
            </vCard:ORG>
          </rdf:li>
        </rdf:Bag>
      </dcterms:creator>
      <dcterms:created rdf:parseType="Resource">
        <dcterms:W3CDTF>2017-04-04T21:55:31Z</dcterms:W3CDTF>
      </dcterms:created>
      <dcterms:modified rdf:parseType="Resource">
        <dcterms:W3CDTF>2017-04-04T21:55:31Z</dcterms:W3CDTF>
      </dcterms:modified>
    </rdf:Description>
  </rdf:RDF>
</annotation><listOfFunctionDefinitions>
  <functionDefinition id="max" name="min">
    <math xmlns="http://www.w3.org/1998/Math/MathML">
      <lambda>
        <bvar>
          <ci> x </ci>
        </bvar>
        <bvar>
          <ci> y </ci>
        </bvar>
        <piecewise>
          <piece>
            <ci> x </ci>
            <apply>
              <gt/>
              <ci> x </ci>
              <ci> y </ci>
            </apply>
          </piece>
          <otherwise>
            <ci> y </ci>
          </otherwise>
        </piecewise>
      </lambda>
    </math>
  </functionDefinition>
  <functionDefinition id="min" name="max">
    <math xmlns="http://www.w3.org/1998/Math/MathML">
      <lambda>
        <bvar>
          <ci> x </ci>
        </bvar>
        <bvar>
          <ci> y </ci>
        </bvar>
        <piecewise>
          <piece>
            <ci> x </ci>
            <apply>
              <lt/>
              <ci> x </ci>
              <ci> y </ci>
            </apply>
          </piece>
          <otherwise>
            <ci> y </ci>
          </otherwise>
        </piecewise>
      </lambda>
    </math>
  </functionDefinition>
</listOfFunctionDefinitions><listOfUnitDefinitions>
  <unitDefinition id="h">
    <listOfUnits>
      <unit kind="second" exponent="1" scale="0" multiplier="3600"/>
    </listOfUnits>
  </unitDefinition>
  <unitDefinition id="g">
    <listOfUnits>
      <unit kind="gram" exponent="1" scale="0" multiplier="1"/>
    </listOfUnits>
  </unitDefinition>
  <unitDefinition id="m">
    <listOfUnits>
      <unit kind="metre" exponent="1" scale="0" multiplier="1"/>
    </listOfUnits>
  </unitDefinition>
  <unitDefinition id="m2">
    <listOfUnits>
      <unit kind="metre" exponent="2" scale="0" multiplier="1"/>
    </listOfUnits>
  </unitDefinition>
  <unitDefinition id="l">
    <listOfUnits>
      <unit kind="litre" exponent="1" scale="0" multiplier="1"/>
    </listOfUnits>
  </unitDefinition>
  <unitDefinition id="mmol">
    <listOfUnits>
      <unit kind="mole" exponent="1" scale="-3" multiplier="1"/>
    </listOfUnits>
  </unitDefinition>
  <unitDefinition id="per_h">
    <listOfUnits>
      <unit kind="second" exponent="-1" scale="0" multiplier="3600"/>
    </listOfUnits>
  </unitDefinition>
  <unitDefinition id="mmol_per_h">
    <listOfUnits>
      <unit kind="mole" exponent="1" scale="-3" multiplier="1"/>
      <unit kind="second" exponent="-1" scale="0" multiplier="3600"/>
    </listOfUnits>
  </unitDefinition>
  <unitDefinition id="mmol_per_hg">
    <listOfUnits>
      <unit kind="mole" exponent="1" scale="-3" multiplier="1"/>
      <unit kind="second" exponent="-1" scale="0" multiplier="3600"/>
      <unit kind="gram" exponent="-1" scale="0" multiplier="1"/>
    </listOfUnits>
  </unitDefinition>
  <unitDefinition id="mmol_per_l">
    <listOfUnits>
      <unit kind="mole" exponent="1" scale="-3" multiplier="1"/>
      <unit kind="litre" exponent="-1" scale="0" multiplier="1"/>
    </listOfUnits>
  </unitDefinition>
  <unitDefinition id="l_per_mmol">
    <listOfUnits>
      <unit kind="litre" exponent="1" scale="0" multiplier="1"/>
      <unit kind="mole" exponent="-1" scale="-3" multiplier="1"/>
    </listOfUnits>
  </unitDefinition>
  <unitDefinition id="g_per_l">
    <listOfUnits>
      <unit kind="gram" exponent="1" scale="0" multiplier="1"/>
      <unit kind="litre" exponent="-1" scale="0" multiplier="1"/>
    </listOfUnits>
  </unitDefinition>
  <unitDefinition id="g_per_mmol">
    <listOfUnits>
      <unit kind="gram" exponent="1" scale="0" multiplier="1"/>
      <unit kind="mole" exponent="-1" scale="-3" multiplier="1"/>
    </listOfUnits>
  </unitDefinition>
</listOfUnitDefinitions><listOfCompartments>
  <compartment id="bioreactor" name="bioreactor" spatialDimensions="3" size="1" units="l" constant="true"/>
</listOfCompartments><listOfSpecies>
  <species id="pi_e" name="Phosphate" compartment="bioreactor" initialConcentration="1" substanceUnits="mmol" hasOnlySubstanceUnits="false" boundaryCondition="false" constant="false"/>
  <species id="for_e" name="Formate" compartment="bioreactor" initialConcentration="1" substanceUnits="mmol" hasOnlySubstanceUnits="false" boundaryCondition="false" constant="false"/>
  <species id="h_e" name="H+" compartment="bioreactor" initialConcentration="1" substanceUnits="mmol" hasOnlySubstanceUnits="false" boundaryCondition="false" constant="false"/>
  <species id="o2_e" name="O2" compartment="bioreactor" initialConcentration="1" substanceUnits="mmol" hasOnlySubstanceUnits="false" boundaryCondition="false" constant="false"/>
  <species id="lac__D_e" name="D-Lactate" compartment="bioreactor" initialConcentration="1" substanceUnits="mmol" hasOnlySubstanceUnits="false" boundaryCondition="false" constant="false"/>
  <species id="pyr_e" name="Pyruvate" compartment="bioreactor" initialConcentration="1" substanceUnits="mmol" hasOnlySubstanceUnits="false" boundaryCondition="false" constant="false"/>
  <species id="etoh_e" name="Ethanol" compartment="bioreactor" initialConcentration="1" substanceUnits="mmol" hasOnlySubstanceUnits="false" boundaryCondition="false" constant="false"/>
  <species id="gln__L_e" name="L-Glutamine" compartment="bioreactor" initialConcentration="1" substanceUnits="mmol" hasOnlySubstanceUnits="false" boundaryCondition="false" constant="false"/>
  <species id="akg_e" name="2-Oxoglutarate" compartment="bioreactor" initialConcentration="1" substanceUnits="mmol" hasOnlySubstanceUnits="false" boundaryCondition="false" constant="false"/>
  <species id="co2_e" name="CO2" compartment="bioreactor" initialConcentration="1" substanceUnits="mmol" hasOnlySubstanceUnits="false" boundaryCondition="false" constant="false"/>
  <species id="acald_e" name="Acetaldehyde" compartment="bioreactor" initialConcentration="1" substanceUnits="mmol" hasOnlySubstanceUnits="false" boundaryCondition="false" constant="false"/>
  <species id="glu__L_e" name="L-Glutamate" compartment="bioreactor" initialConcentration="1" substanceUnits="mmol" hasOnlySubstanceUnits="false" boundaryCondition="false" constant="false"/>
  <species id="mal__L_e" name="L-Malate" compartment="bioreactor" initialConcentration="1" substanceUnits="mmol" hasOnlySubstanceUnits="false" boundaryCondition="false" constant="false"/>
  <species id="X" name="biomass" compartment="bioreactor" initialConcentration="1" substanceUnits="mmol" hasOnlySubstanceUnits="false" boundaryCondition="false" constant="false"/>
  <species id="fum_e" name="Fumarate" compartment="bioreactor" initialConcentration="1" substanceUnits="mmol" hasOnlySubstanceUnits="false" boundaryCondition="false" constant="false"/>
  <species id="fru_e" name="D-Fructose" compartment="bioreactor" initialConcentration="1" substanceUnits="mmol" hasOnlySubstanceUnits="false" boundaryCondition="false" constant="false"/>
  <species id="succ_e" name="Succinate" compartment="bioreactor" initialConcentration="1" substanceUnits="mmol" hasOnlySubstanceUnits="false" boundaryCondition="false" constant="false"/>
  <species id="h2o_e" name="H2O" compartment="bioreactor" initialConcentration="1" substanceUnits="mmol" hasOnlySubstanceUnits="false" boundaryCondition="false" constant="false"/>
  <species id="nh4_e" name="Ammonium" compartment="bioreactor" initialConcentration="1" substanceUnits="mmol" hasOnlySubstanceUnits="false" boundaryCondition="false" constant="false"/>
  <species id="ac_e" name="Acetate" compartment="bioreactor" initialConcentration="1" substanceUnits="mmol" hasOnlySubstanceUnits="false" boundaryCondition="false" constant="false"/>
  <species id="glc__D_e" name="D-Glucose" compartment="bioreactor" initialConcentration="1" substanceUnits="mmol" hasOnlySubstanceUnits="false" boundaryCondition="false" constant="false"/>
</listOfSpecies><listOfParameters>
  <parameter sboTerm="SBO:0000346" id="dt" value="0.1" units="h" constant="true"/>
  <parameter sboTerm="SBO:0000625" id="lb_EX_pi_e" value="-1000" units="mmol_per_h" constant="false"/>
  <parameter sboTerm="SBO:0000625" id="ub_EX_pi_e" value="1000" units="mmol_per_h" constant="false"/>
  <parameter sboTerm="SBO:0000625" id="lb_EX_for_e" value="0" units="mmol_per_h" constant="false"/>
  <parameter sboTerm="SBO:0000625" id="ub_EX_for_e" value="1000" units="mmol_per_h" constant="false"/>
  <parameter sboTerm="SBO:0000625" id="lb_EX_h_e" value="-1000" units="mmol_per_h" constant="false"/>
  <parameter sboTerm="SBO:0000625" id="ub_EX_h_e" value="1000" units="mmol_per_h" constant="false"/>
  <parameter sboTerm="SBO:0000625" id="lb_EX_o2_e" value="-1000" units="mmol_per_h" constant="false"/>
  <parameter sboTerm="SBO:0000625" id="ub_EX_o2_e" value="1000" units="mmol_per_h" constant="false"/>
  <parameter sboTerm="SBO:0000625" id="lb_EX_lac__D_e" value="0" units="mmol_per_h" constant="false"/>
  <parameter sboTerm="SBO:0000625" id="ub_EX_lac__D_e" value="1000" units="mmol_per_h" constant="false"/>
  <parameter sboTerm="SBO:0000625" id="lb_EX_pyr_e" value="0" units="mmol_per_h" constant="false"/>
  <parameter sboTerm="SBO:0000625" id="ub_EX_pyr_e" value="1000" units="mmol_per_h" constant="false"/>
  <parameter sboTerm="SBO:0000625" id="lb_EX_etoh_e" value="0" units="mmol_per_h" constant="false"/>
  <parameter sboTerm="SBO:0000625" id="ub_EX_etoh_e" value="1000" units="mmol_per_h" constant="false"/>
  <parameter sboTerm="SBO:0000625" id="lb_EX_gln__L_e" value="0" units="mmol_per_h" constant="false"/>
  <parameter sboTerm="SBO:0000625" id="ub_EX_gln__L_e" value="1000" units="mmol_per_h" constant="false"/>
  <parameter sboTerm="SBO:0000625" id="lb_EX_akg_e" value="0" units="mmol_per_h" constant="false"/>
  <parameter sboTerm="SBO:0000625" id="ub_EX_akg_e" value="1000" units="mmol_per_h" constant="false"/>
  <parameter sboTerm="SBO:0000625" id="lb_EX_co2_e" value="-1000" units="mmol_per_h" constant="false"/>
  <parameter sboTerm="SBO:0000625" id="ub_EX_co2_e" value="1000" units="mmol_per_h" constant="false"/>
  <parameter sboTerm="SBO:0000625" id="lb_EX_acald_e" value="0" units="mmol_per_h" constant="false"/>
  <parameter sboTerm="SBO:0000625" id="ub_EX_acald_e" value="1000" units="mmol_per_h" constant="false"/>
  <parameter sboTerm="SBO:0000625" id="lb_EX_glu__L_e" value="0" units="mmol_per_h" constant="false"/>
  <parameter sboTerm="SBO:0000625" id="ub_EX_glu__L_e" value="1000" units="mmol_per_h" constant="false"/>
  <parameter sboTerm="SBO:0000625" id="lb_EX_mal__L_e" value="0" units="mmol_per_h" constant="false"/>
  <parameter sboTerm="SBO:0000625" id="ub_EX_mal__L_e" value="1000" units="mmol_per_h" constant="false"/>
  <parameter sboTerm="SBO:0000625" id="lb_EX_X" value="0" units="mmol_per_h" constant="false"/>
  <parameter sboTerm="SBO:0000625" id="ub_EX_X" value="1000" units="mmol_per_h" constant="false"/>
  <parameter sboTerm="SBO:0000625" id="lb_EX_fum_e" value="0" units="mmol_per_h" constant="false"/>
  <parameter sboTerm="SBO:0000625" id="ub_EX_fum_e" value="1000" units="mmol_per_h" constant="false"/>
  <parameter sboTerm="SBO:0000625" id="lb_EX_fru_e" value="0" units="mmol_per_h" constant="false"/>
  <parameter sboTerm="SBO:0000625" id="ub_EX_fru_e" value="1000" units="mmol_per_h" constant="false"/>
  <parameter sboTerm="SBO:0000625" id="lb_EX_succ_e" value="0" units="mmol_per_h" constant="false"/>
  <parameter sboTerm="SBO:0000625" id="ub_EX_succ_e" value="1000" units="mmol_per_h" constant="false"/>
  <parameter sboTerm="SBO:0000625" id="lb_EX_h2o_e" value="-1000" units="mmol_per_h" constant="false"/>
  <parameter sboTerm="SBO:0000625" id="ub_EX_h2o_e" value="1000" units="mmol_per_h" constant="false"/>
  <parameter sboTerm="SBO:0000625" id="lb_EX_nh4_e" value="-1000" units="mmol_per_h" constant="false"/>
  <parameter sboTerm="SBO:0000625" id="ub_EX_nh4_e" value="1000" units="mmol_per_h" constant="false"/>
  <parameter sboTerm="SBO:0000625" id="lb_EX_ac_e" value="0" units="mmol_per_h" constant="false"/>
  <parameter sboTerm="SBO:0000625" id="ub_EX_ac_e" value="1000" units="mmol_per_h" constant="false"/>
  <parameter sboTerm="SBO:0000625" id="lb_EX_glc__D_e" value="-10" units="mmol_per_h" constant="false"/>
  <parameter sboTerm="SBO:0000625" id="ub_EX_glc__D_e" value="1000" units="mmol_per_h" constant="false"/>
  <parameter id="fbalb_EX_pi_e" value="-1000" units="mmol_per_h" constant="false"/>
  <parameter id="fbalb_EX_for_e" value="0" units="mmol_per_h" constant="false"/>
  <parameter id="fbalb_EX_h_e" value="-1000" units="mmol_per_h" constant="false"/>
  <parameter id="fbalb_EX_o2_e" value="-1000" units="mmol_per_h" constant="false"/>
  <parameter id="fbalb_EX_lac__D_e" value="0" units="mmol_per_h" constant="false"/>
  <parameter id="fbalb_EX_pyr_e" value="0" units="mmol_per_h" constant="false"/>
  <parameter id="fbalb_EX_etoh_e" value="0" units="mmol_per_h" constant="false"/>
  <parameter id="fbalb_EX_gln__L_e" value="0" units="mmol_per_h" constant="false"/>
  <parameter id="fbalb_EX_akg_e" value="0" units="mmol_per_h" constant="false"/>
  <parameter id="fbalb_EX_co2_e" value="-1000" units="mmol_per_h" constant="false"/>
  <parameter id="fbalb_EX_acald_e" value="0" units="mmol_per_h" constant="false"/>
  <parameter id="fbalb_EX_glu__L_e" value="0" units="mmol_per_h" constant="false"/>
  <parameter id="fbalb_EX_mal__L_e" value="0" units="mmol_per_h" constant="false"/>
  <parameter id="fbalb_EX_X" value="0" units="mmol_per_h" constant="false"/>
  <parameter id="fbalb_EX_fum_e" value="0" units="mmol_per_h" constant="false"/>
  <parameter id="fbalb_EX_fru_e" value="0" units="mmol_per_h" constant="false"/>
  <parameter id="fbalb_EX_succ_e" value="0" units="mmol_per_h" constant="false"/>
  <parameter id="fbalb_EX_h2o_e" value="-1000" units="mmol_per_h" constant="false"/>
  <parameter id="fbalb_EX_nh4_e" value="-1000" units="mmol_per_h" constant="false"/>
  <parameter id="fbalb_EX_ac_e" value="0" units="mmol_per_h" constant="false"/>
  <parameter id="fbalb_EX_glc__D_e" value="-10" units="mmol_per_h" constant="false"/>
</listOfParameters><listOfRules>
  <assignmentRule variable="lb_EX_pi_e">
    <math xmlns="http://www.w3.org/1998/Math/MathML">
      <apply>
        <ci> max </ci>
        <ci> fbalb_EX_pi_e </ci>
        <apply>
          <divide/>
          <apply>
            <times/>
            <apply>
              <minus/>
              <ci> pi_e </ci>
            </apply>
            <ci> bioreactor </ci>
          </apply>
          <ci> dt </ci>
        </apply>
      </apply>
    </math>
  </assignmentRule>
  <assignmentRule variable="lb_EX_for_e">
    <math xmlns="http://www.w3.org/1998/Math/MathML">
      <apply>
        <ci> max </ci>
        <ci> fbalb_EX_for_e </ci>
        <apply>
          <divide/>
          <apply>
            <times/>
            <apply>
              <minus/>
              <ci> for_e </ci>
            </apply>
            <ci> bioreactor </ci>
          </apply>
          <ci> dt </ci>
        </apply>
      </apply>
    </math>
  </assignmentRule>
  <assignmentRule variable="lb_EX_h_e">
    <math xmlns="http://www.w3.org/1998/Math/MathML">
      <apply>
        <ci> max </ci>
        <ci> fbalb_EX_h_e </ci>
        <apply>
          <divide/>
          <apply>
            <times/>
            <apply>
              <minus/>
              <ci> h_e </ci>
            </apply>
            <ci> bioreactor </ci>
          </apply>
          <ci> dt </ci>
        </apply>
      </apply>
    </math>
  </assignmentRule>
  <assignmentRule variable="lb_EX_o2_e">
    <math xmlns="http://www.w3.org/1998/Math/MathML">
      <apply>
        <ci> max </ci>
        <ci> fbalb_EX_o2_e </ci>
        <apply>
          <divide/>
          <apply>
            <times/>
            <apply>
              <minus/>
              <ci> o2_e </ci>
            </apply>
            <ci> bioreactor </ci>
          </apply>
          <ci> dt </ci>
        </apply>
      </apply>
    </math>
  </assignmentRule>
  <assignmentRule variable="lb_EX_lac__D_e">
    <math xmlns="http://www.w3.org/1998/Math/MathML">
      <apply>
        <ci> max </ci>
        <ci> fbalb_EX_lac__D_e </ci>
        <apply>
          <divide/>
          <apply>
            <times/>
            <apply>
              <minus/>
              <ci> lac__D_e </ci>
            </apply>
            <ci> bioreactor </ci>
          </apply>
          <ci> dt </ci>
        </apply>
      </apply>
    </math>
  </assignmentRule>
  <assignmentRule variable="lb_EX_pyr_e">
    <math xmlns="http://www.w3.org/1998/Math/MathML">
      <apply>
        <ci> max </ci>
        <ci> fbalb_EX_pyr_e </ci>
        <apply>
          <divide/>
          <apply>
            <times/>
            <apply>
              <minus/>
              <ci> pyr_e </ci>
            </apply>
            <ci> bioreactor </ci>
          </apply>
          <ci> dt </ci>
        </apply>
      </apply>
    </math>
  </assignmentRule>
  <assignmentRule variable="lb_EX_etoh_e">
    <math xmlns="http://www.w3.org/1998/Math/MathML">
      <apply>
        <ci> max </ci>
        <ci> fbalb_EX_etoh_e </ci>
        <apply>
          <divide/>
          <apply>
            <times/>
            <apply>
              <minus/>
              <ci> etoh_e </ci>
            </apply>
            <ci> bioreactor </ci>
          </apply>
          <ci> dt </ci>
        </apply>
      </apply>
    </math>
  </assignmentRule>
  <assignmentRule variable="lb_EX_gln__L_e">
    <math xmlns="http://www.w3.org/1998/Math/MathML">
      <apply>
        <ci> max </ci>
        <ci> fbalb_EX_gln__L_e </ci>
        <apply>
          <divide/>
          <apply>
            <times/>
            <apply>
              <minus/>
              <ci> gln__L_e </ci>
            </apply>
            <ci> bioreactor </ci>
          </apply>
          <ci> dt </ci>
        </apply>
      </apply>
    </math>
  </assignmentRule>
  <assignmentRule variable="lb_EX_akg_e">
    <math xmlns="http://www.w3.org/1998/Math/MathML">
      <apply>
        <ci> max </ci>
        <ci> fbalb_EX_akg_e </ci>
        <apply>
          <divide/>
          <apply>
            <times/>
            <apply>
              <minus/>
              <ci> akg_e </ci>
            </apply>
            <ci> bioreactor </ci>
          </apply>
          <ci> dt </ci>
        </apply>
      </apply>
    </math>
  </assignmentRule>
  <assignmentRule variable="lb_EX_co2_e">
    <math xmlns="http://www.w3.org/1998/Math/MathML">
      <apply>
        <ci> max </ci>
        <ci> fbalb_EX_co2_e </ci>
        <apply>
          <divide/>
          <apply>
            <times/>
            <apply>
              <minus/>
              <ci> co2_e </ci>
            </apply>
            <ci> bioreactor </ci>
          </apply>
          <ci> dt </ci>
        </apply>
      </apply>
    </math>
  </assignmentRule>
  <assignmentRule variable="lb_EX_acald_e">
    <math xmlns="http://www.w3.org/1998/Math/MathML">
      <apply>
        <ci> max </ci>
        <ci> fbalb_EX_acald_e </ci>
        <apply>
          <divide/>
          <apply>
            <times/>
            <apply>
              <minus/>
              <ci> acald_e </ci>
            </apply>
            <ci> bioreactor </ci>
          </apply>
          <ci> dt </ci>
        </apply>
      </apply>
    </math>
  </assignmentRule>
  <assignmentRule variable="lb_EX_glu__L_e">
    <math xmlns="http://www.w3.org/1998/Math/MathML">
      <apply>
        <ci> max </ci>
        <ci> fbalb_EX_glu__L_e </ci>
        <apply>
          <divide/>
          <apply>
            <times/>
            <apply>
              <minus/>
              <ci> glu__L_e </ci>
            </apply>
            <ci> bioreactor </ci>
          </apply>
          <ci> dt </ci>
        </apply>
      </apply>
    </math>
  </assignmentRule>
  <assignmentRule variable="lb_EX_mal__L_e">
    <math xmlns="http://www.w3.org/1998/Math/MathML">
      <apply>
        <ci> max </ci>
        <ci> fbalb_EX_mal__L_e </ci>
        <apply>
          <divide/>
          <apply>
            <times/>
            <apply>
              <minus/>
              <ci> mal__L_e </ci>
            </apply>
            <ci> bioreactor </ci>
          </apply>
          <ci> dt </ci>
        </apply>
      </apply>
    </math>
  </assignmentRule>
  <assignmentRule variable="lb_EX_X">
    <math xmlns="http://www.w3.org/1998/Math/MathML">
      <apply>
        <ci> max </ci>
        <ci> fbalb_EX_X </ci>
        <apply>
          <divide/>
          <apply>
            <times/>
            <apply>
              <minus/>
              <ci> X </ci>
            </apply>
            <ci> bioreactor </ci>
          </apply>
          <ci> dt </ci>
        </apply>
      </apply>
    </math>
  </assignmentRule>
  <assignmentRule variable="lb_EX_fum_e">
    <math xmlns="http://www.w3.org/1998/Math/MathML">
      <apply>
        <ci> max </ci>
        <ci> fbalb_EX_fum_e </ci>
        <apply>
          <divide/>
          <apply>
            <times/>
            <apply>
              <minus/>
              <ci> fum_e </ci>
            </apply>
            <ci> bioreactor </ci>
          </apply>
          <ci> dt </ci>
        </apply>
      </apply>
    </math>
  </assignmentRule>
  <assignmentRule variable="lb_EX_fru_e">
    <math xmlns="http://www.w3.org/1998/Math/MathML">
      <apply>
        <ci> max </ci>
        <ci> fbalb_EX_fru_e </ci>
        <apply>
          <divide/>
          <apply>
            <times/>
            <apply>
              <minus/>
              <ci> fru_e </ci>
            </apply>
            <ci> bioreactor </ci>
          </apply>
          <ci> dt </ci>
        </apply>
      </apply>
    </math>
  </assignmentRule>
  <assignmentRule variable="lb_EX_succ_e">
    <math xmlns="http://www.w3.org/1998/Math/MathML">
      <apply>
        <ci> max </ci>
        <ci> fbalb_EX_succ_e </ci>
        <apply>
          <divide/>
          <apply>
            <times/>
            <apply>
              <minus/>
              <ci> succ_e </ci>
            </apply>
            <ci> bioreactor </ci>
          </apply>
          <ci> dt </ci>
        </apply>
      </apply>
    </math>
  </assignmentRule>
  <assignmentRule variable="lb_EX_h2o_e">
    <math xmlns="http://www.w3.org/1998/Math/MathML">
      <apply>
        <ci> max </ci>
        <ci> fbalb_EX_h2o_e </ci>
        <apply>
          <divide/>
          <apply>
            <times/>
            <apply>
              <minus/>
              <ci> h2o_e </ci>
            </apply>
            <ci> bioreactor </ci>
          </apply>
          <ci> dt </ci>
        </apply>
      </apply>
    </math>
  </assignmentRule>
  <assignmentRule variable="lb_EX_nh4_e">
    <math xmlns="http://www.w3.org/1998/Math/MathML">
      <apply>
        <ci> max </ci>
        <ci> fbalb_EX_nh4_e </ci>
        <apply>
          <divide/>
          <apply>
            <times/>
            <apply>
              <minus/>
              <ci> nh4_e </ci>
            </apply>
            <ci> bioreactor </ci>
          </apply>
          <ci> dt </ci>
        </apply>
      </apply>
    </math>
  </assignmentRule>
  <assignmentRule variable="lb_EX_ac_e">
    <math xmlns="http://www.w3.org/1998/Math/MathML">
      <apply>
        <ci> max </ci>
        <ci> fbalb_EX_ac_e </ci>
        <apply>
          <divide/>
          <apply>
            <times/>
            <apply>
              <minus/>
              <ci> ac_e </ci>
            </apply>
            <ci> bioreactor </ci>
          </apply>
          <ci> dt </ci>
        </apply>
      </apply>
    </math>
  </assignmentRule>
  <assignmentRule variable="lb_EX_glc__D_e">
    <math xmlns="http://www.w3.org/1998/Math/MathML">
      <apply>
        <ci> max </ci>
        <ci> fbalb_EX_glc__D_e </ci>
        <apply>
          <divide/>
          <apply>
            <times/>
            <apply>
              <minus/>
              <ci> glc__D_e </ci>
            </apply>
            <ci> bioreactor </ci>
          </apply>
          <ci> dt </ci>
        </apply>
      </apply>
    </math>
  </assignmentRule>
</listOfRules><comp:listOfPorts>
  <comp:port sboTerm="SBO:0000599" comp:idRef="dt" comp:id="dt_port"/>
  <comp:port sboTerm="SBO:0000599" comp:idRef="bioreactor" comp:id="bioreactor_port"/>
  <comp:port sboTerm="SBO:0000599" comp:idRef="pi_e" comp:id="pi_e_port"/>
  <comp:port sboTerm="SBO:0000599" comp:idRef="for_e" comp:id="for_e_port"/>
  <comp:port sboTerm="SBO:0000599" comp:idRef="h_e" comp:id="h_e_port"/>
  <comp:port sboTerm="SBO:0000599" comp:idRef="o2_e" comp:id="o2_e_port"/>
  <comp:port sboTerm="SBO:0000599" comp:idRef="lac__D_e" comp:id="lac__D_e_port"/>
  <comp:port sboTerm="SBO:0000599" comp:idRef="pyr_e" comp:id="pyr_e_port"/>
  <comp:port sboTerm="SBO:0000599" comp:idRef="etoh_e" comp:id="etoh_e_port"/>
  <comp:port sboTerm="SBO:0000599" comp:idRef="gln__L_e" comp:id="gln__L_e_port"/>
  <comp:port sboTerm="SBO:0000599" comp:idRef="akg_e" comp:id="akg_e_port"/>
  <comp:port sboTerm="SBO:0000599" comp:idRef="co2_e" comp:id="co2_e_port"/>
  <comp:port sboTerm="SBO:0000599" comp:idRef="acald_e" comp:id="acald_e_port"/>
  <comp:port sboTerm="SBO:0000599" comp:idRef="glu__L_e" comp:id="glu__L_e_port"/>
  <comp:port sboTerm="SBO:0000599" comp:idRef="mal__L_e" comp:id="mal__L_e_port"/>
  <comp:port sboTerm="SBO:0000599" comp:idRef="X" comp:id="X_port"/>
  <comp:port sboTerm="SBO:0000599" comp:idRef="fum_e" comp:id="fum_e_port"/>
  <comp:port sboTerm="SBO:0000599" comp:idRef="fru_e" comp:id="fru_e_port"/>
  <comp:port sboTerm="SBO:0000599" comp:idRef="succ_e" comp:id="succ_e_port"/>
  <comp:port sboTerm="SBO:0000599" comp:idRef="h2o_e" comp:id="h2o_e_port"/>
  <comp:port sboTerm="SBO:0000599" comp:idRef="nh4_e" comp:id="nh4_e_port"/>
  <comp:port sboTerm="SBO:0000599" comp:idRef="ac_e" comp:id="ac_e_port"/>
  <comp:port sboTerm="SBO:0000599" comp:idRef="glc__D_e" comp:id="glc__D_e_port"/>
  <comp:port sboTerm="SBO:0000599" comp:idRef="lb_EX_pi_e" comp:id="lb_EX_pi_e_port"/>
  <comp:port sboTerm="SBO:0000599" comp:idRef="ub_EX_pi_e" comp:id="ub_EX_pi_e_port"/>
  <comp:port sboTerm="SBO:0000599" comp:idRef="lb_EX_for_e" comp:id="lb_EX_for_e_port"/>
  <comp:port sboTerm="SBO:0000599" comp:idRef="ub_EX_for_e" comp:id="ub_EX_for_e_port"/>
  <comp:port sboTerm="SBO:0000599" comp:idRef="lb_EX_h_e" comp:id="lb_EX_h_e_port"/>
  <comp:port sboTerm="SBO:0000599" comp:idRef="ub_EX_h_e" comp:id="ub_EX_h_e_port"/>
  <comp:port sboTerm="SBO:0000599" comp:idRef="lb_EX_o2_e" comp:id="lb_EX_o2_e_port"/>
  <comp:port sboTerm="SBO:0000599" comp:idRef="ub_EX_o2_e" comp:id="ub_EX_o2_e_port"/>
  <comp:port sboTerm="SBO:0000599" comp:idRef="lb_EX_lac__D_e" comp:id="lb_EX_lac__D_e_port"/>
  <comp:port sboTerm="SBO:0000599" comp:idRef="ub_EX_lac__D_e" comp:id="ub_EX_lac__D_e_port"/>
  <comp:port sboTerm="SBO:0000599" comp:idRef="lb_EX_pyr_e" comp:id="lb_EX_pyr_e_port"/>
  <comp:port sboTerm="SBO:0000599" comp:idRef="ub_EX_pyr_e" comp:id="ub_EX_pyr_e_port"/>
  <comp:port sboTerm="SBO:0000599" comp:idRef="lb_EX_etoh_e" comp:id="lb_EX_etoh_e_port"/>
  <comp:port sboTerm="SBO:0000599" comp:idRef="ub_EX_etoh_e" comp:id="ub_EX_etoh_e_port"/>
  <comp:port sboTerm="SBO:0000599" comp:idRef="lb_EX_gln__L_e" comp:id="lb_EX_gln__L_e_port"/>
  <comp:port sboTerm="SBO:0000599" comp:idRef="ub_EX_gln__L_e" comp:id="ub_EX_gln__L_e_port"/>
  <comp:port sboTerm="SBO:0000599" comp:idRef="lb_EX_akg_e" comp:id="lb_EX_akg_e_port"/>
  <comp:port sboTerm="SBO:0000599" comp:idRef="ub_EX_akg_e" comp:id="ub_EX_akg_e_port"/>
  <comp:port sboTerm="SBO:0000599" comp:idRef="lb_EX_co2_e" comp:id="lb_EX_co2_e_port"/>
  <comp:port sboTerm="SBO:0000599" comp:idRef="ub_EX_co2_e" comp:id="ub_EX_co2_e_port"/>
  <comp:port sboTerm="SBO:0000599" comp:idRef="lb_EX_acald_e" comp:id="lb_EX_acald_e_port"/>
  <comp:port sboTerm="SBO:0000599" comp:idRef="ub_EX_acald_e" comp:id="ub_EX_acald_e_port"/>
  <comp:port sboTerm="SBO:0000599" comp:idRef="lb_EX_glu__L_e" comp:id="lb_EX_glu__L_e_port"/>
  <comp:port sboTerm="SBO:0000599" comp:idRef="ub_EX_glu__L_e" comp:id="ub_EX_glu__L_e_port"/>
  <comp:port sboTerm="SBO:0000599" comp:idRef="lb_EX_mal__L_e" comp:id="lb_EX_mal__L_e_port"/>
  <comp:port sboTerm="SBO:0000599" comp:idRef="ub_EX_mal__L_e" comp:id="ub_EX_mal__L_e_port"/>
  <comp:port sboTerm="SBO:0000599" comp:idRef="lb_EX_X" comp:id="lb_EX_X_port"/>
  <comp:port sboTerm="SBO:0000599" comp:idRef="ub_EX_X" comp:id="ub_EX_X_port"/>
  <comp:port sboTerm="SBO:0000599" comp:idRef="lb_EX_fum_e" comp:id="lb_EX_fum_e_port"/>
  <comp:port sboTerm="SBO:0000599" comp:idRef="ub_EX_fum_e" comp:id="ub_EX_fum_e_port"/>
  <comp:port sboTerm="SBO:0000599" comp:idRef="lb_EX_fru_e" comp:id="lb_EX_fru_e_port"/>
  <comp:port sboTerm="SBO:0000599" comp:idRef="ub_EX_fru_e" comp:id="ub_EX_fru_e_port"/>
  <comp:port sboTerm="SBO:0000599" comp:idRef="lb_EX_succ_e" comp:id="lb_EX_succ_e_port"/>
  <comp:port sboTerm="SBO:0000599" comp:idRef="ub_EX_succ_e" comp:id="ub_EX_succ_e_port"/>
  <comp:port sboTerm="SBO:0000599" comp:idRef="lb_EX_h2o_e" comp:id="lb_EX_h2o_e_port"/>
  <comp:port sboTerm="SBO:0000599" comp:idRef="ub_EX_h2o_e" comp:id="ub_EX_h2o_e_port"/>
  <comp:port sboTerm="SBO:0000599" comp:idRef="lb_EX_nh4_e" comp:id="lb_EX_nh4_e_port"/>
  <comp:port sboTerm="SBO:0000599" comp:idRef="ub_EX_nh4_e" comp:id="ub_EX_nh4_e_port"/>
  <comp:port sboTerm="SBO:0000599" comp:idRef="lb_EX_ac_e" comp:id="lb_EX_ac_e_port"/>
  <comp:port sboTerm="SBO:0000599" comp:idRef="ub_EX_ac_e" comp:id="ub_EX_ac_e_port"/>
  <comp:port sboTerm="SBO:0000599" comp:idRef="lb_EX_glc__D_e" comp:id="lb_EX_glc__D_e_port"/>
  <comp:port sboTerm="SBO:0000599" comp:idRef="ub_EX_glc__D_e" comp:id="ub_EX_glc__D_e_port"/>
</comp:listOfPorts>
</model>
</sbml>
