time	[Ac]	[Glcxt]	[O2]	[X]	[dummy_S]	[fba__Ac]	[fba__Glcxt]	[fba__O2]	[fba__X]	dummy_EX_Ac	dummy_EX_Glcxt	dummy_EX_O2	dummy_EX_X	fba__v1	fba__v2	fba__v3	fba__v4	update__update_Ac	update__update_Glcxt	update__update_O2	update__update_X	vO2_transfer	EX_Ac	EX_Glcxt	EX_O2	EX_X	O2_ref	Y	bounds__Km_EX_Glcxt	bounds__Vmax_EX_Glcxt	bounds__Vmax_EX_O2	bounds__lb_default	bounds__lb_kin_EX_Glcxt	bounds__lb_kin_EX_O2	bounds__ub_default	bounds__zero	dt	fba__ub_default	fba__zero	kLa	lb_EX_Ac	lb_EX_Glcxt	lb_EX_O2	lb_EX_X	ub_EX_Ac	ub_EX_Glcxt	ub_EX_O2	ub_EX_X
0.0	0.4	10.8	0.21	0.001	0.0	0.4	10.8	0.21	0.001	0.0	0.0	0.0	0.0	0.0	0.16253869969	0.0	0.439340315934	-0.00532480462912	0.00998613037448	0.0021	-0.000601879015624	0.0	5.32480462912	-9.98613037448	-2.1	0.601879015624	0.21	0.001	0.015	10.0	15.0	-1000.0	-9.98613037448	-15.0	1000.0	0.0	0.1	1000.0	0.0	7.5	-4.0	-9.98613037448	-2.1	-0.01	1000.0	1000.0	1000.0	1000.0
0.1	0.400549082091	10.7989702523	0.209846834976	0.0010620644346	0.0	0.4	10.8	0.21	0.001	0.0	0.0	0.0	0.0	0.0	0.16253869969	0.0	0.439340315934	-0.0056552856178	0.0106059139101	0.00223033531267	-0.000639234296429	0.00114873768072	5.32480462912	-9.98613037448	-2.1	0.601879015624	0.21	0.0010620644346	0.015	10.0	15.0	-1000.0	-9.98612905376	-15.0	1000.0	0.0	0.1	1000.0	0.0	7.5	-4.00549082091	-9.98612905376	-2.09846834976	-0.010620644346	1000.0	1000.0	1000.0	1000.0
0.2	0.401132342217	10.7978765523	0.209765288069	0.00112797677338	0.0	0.4	10.8	0.21	0.001	0.0	0.0	0.0	0.0	0.0	0.16242015091	0.0	0.439398566102	-0.00600705228705	0.0112641216286	0.0023670235582	-0.000678837534574	0.00176033948605	5.32551062116	-9.98612905376	-2.09846834976	0.601818717013	0.21	0.00112797677338	0.015	10.0	15.0	-1000.0	-9.98612765074	-15.0	1000.0	0.0	0.1	1000.0	0.0	7.5	-4.01132342217	-9.98612765074	-2.09765288069	-0.0112797677338	1000.0	1000.0	1000.0	1000.0
0.3	0.401751840577	10.7967149823	0.209716885376	0.00119797560433	0.0	0.4	10.8	0.21	0.001	0.0	0.0	0.0	0.0	3.68771934633e-17	0.162357034109	0.0	0.439429542802	-0.00638028156982	0.0119631373073	0.00251293697741	-0.00072092563815	0.0021233596833	5.32588605876	-9.98612765074	-2.09765288069	0.60178657691	0.21	0.00119797560433	0.015	10.0	15.0	-1000.0	-9.98612616035	-15.0	1000.0	0.0	0.1	1000.0	0.0	7.5	-4.01751840577	-9.98612616035	-2.09716885376	-0.0119797560433	1000.0	1000.0	1000.0	1000.0
0.4	0.40240981407	10.7954813224	0.209683392296	0.00127231638089	0.0	0.4	10.8	0.21	0.001	0.0	0.0	0.0	0.0	0.0	0.162319570724	0.0	0.439447895023	-0.00677649507529	0.0127055118955	0.00266826228613	-0.000765638604159	0.00237455777709	5.32610848768	-9.98612616035	-2.09716885376	0.601767465748	0.21	0.00127231638089	0.015	10.0	15.0	-1000.0	-9.98612457711	-15.0	1000.0	0.0	0.1	1000.0	0.0	7.5	-4.0240981407	-9.98612457711	-2.09683392296	-0.0127231638089	1000.0	1000.0	1000.0	1000.0
0.5	0.403108638992	10.7941711066	0.209656261025	0.00135126871872	0.0	0.4	10.8	0.21	0.001	0.0	0.0	0.0	0.0	0.0	0.162293647288	0.0	0.439460565458	-0.00719721130038	0.0134939377622	0.00283338608844	-0.00081313164404	0.00257804230876	5.32626205335	-9.98612457711	-2.09683392296	0.601754212747	0.21	0.00135126871872	0.015	10.0	15.0	-1000.0	-9.98612289522	-15.0	1000.0	0.0	0.1	1000.0	0.0	7.5	-4.03108638992	-9.98612289522	-2.09656261025	-0.0135126871872	1000.0	1000.0	1000.0	1000.0
0.6	0.403850845832	10.7927795874	0.209631425128	0.00143511883632	0.0	0.4	10.8	0.21	0.001	0.0	0.0	0.0	0.0	2.58140354243e-16	0.162272647853	0.0	0.439470808452	-0.00764399716289	0.0143312730687	0.0030088164935	-0.000863573368774	0.00276431153781	5.32638619844	-9.98612289522	-2.09656261025	0.601743456305	0.21	0.00143511883632	0.015	10.0	15.0	-1000.0	-9.98612110852	-15.0	1000.0	0.0	0.1	1000.0	0.0	7.5	-4.03850845832	-9.98612110852	-2.09631425128	-0.0143511883632	1000.0	1000.0	1000.0	1000.0
0.7	0.404639125067	10.7913017215	0.209606925441	0.00152417058279	0.0	0.4	10.8	0.21	0.001	0.0	0.0	0.0	0.0	0.0	0.162253425022	0.0	0.439480172013	-0.00811849412879	0.0152205520297	0.00319514051408	-0.000917144647274	0.00294805918965	5.3264996848	-9.98612110852	-2.09631425128	0.601733597035	0.21	0.00152417058279	0.015	10.0	15.0	-1000.0	-9.98611921045	-15.0	1000.0	0.0	0.1	1000.0	0.0	7.5	-4.04639125067	-9.98611921045	-2.09606925441	-0.0152417058279	1000.0	1000.0	1000.0	1000.0
0.8	0.405476335506	10.7897321528	0.209581792985	0.00161874656153	0.0	0.4	10.8	0.21	0.001	0.0	0.0	0.0	0.0	0.0	0.162234462416	0.0	0.439489401768	-0.00862243413026	0.016164996135	0.00339300489832	-0.00097403843614	0.00313655261579	5.32661154943	-9.98611921045	-2.09606925441	0.601723864184	0.21	0.00161874656153	0.015	10.0	15.0	-1000.0	-9.98611719403	-15.0	1000.0	0.0	0.1	1000.0	0.0	7.5	-4.05476335506	-9.98611719403	-2.09581792985	-0.0161874656153	1000.0	1000.0	1000.0	1000.0
0.9	0.40636551406	10.7880651924	0.209555522556	0.00171918931912	0.0	0.4	10.8	0.21	0.001	0.0	0.0	0.0	0.0	7.37543869267e-17	0.16221501005	0.0	0.439498866301	-0.00915765089133	0.0171680260195	0.00360310779981	-0.00103446006939	0.00333358083288	5.32672625956	-9.98611719403	-2.09581792985	0.601713876351	0.21	0.00171918931912	0.015	10.0	15.0	-1000.0	-9.98611505186	-15.0	1000.0	0.0	0.1	1000.0	0.0	7.5	-4.0636551406	-9.98611505186	-2.09555522556	-0.0171918931912	1000.0	1000.0	1000.0	1000.0
1.0	0.407309886486	10.7862947993	0.209527824508	0.00182586259581	0.0	0.4	10.8	0.21	0.001	0.0	0.0	0.0	0.0	1.1063158039e-16	0.162194676901	0.0	0.439508757586	-0.0097260891242	0.0182332739506	0.0038261959038	-0.0010986277948	0.00354131618967	5.32684614194	-9.98611505186	-2.09555522556	0.601703434486	0.21	0.00182586259581	0.015	10.0	15.0	-1000.0	-9.98611277603	-15.0	1000.0	0.0	0.1	1000.0	0.0	7.5	-4.07309886486	-9.98611277603	-2.09527824508	-0.0182586259581	1000.0	1000.0	1000.0	1000.0
1.1	0.40831287897	10.7844145576	0.209498507606	0.00193915264482	0.0	0.4	10.8	0.21	0.001	0.0	0.0	0.0	0.0	0.0	0.162173238783	0.0	0.439519185499	-0.010329812867	0.0193645970011	0.00406306435057	-0.00116677345591	0.00376119295232	5.32697252825	-9.98611277603	-2.09527824508	0.601692424282	0.21	0.00193915264482	0.015	10.0	15.0	-1000.0	-9.98611035819	-15.0	1000.0	0.0	0.1	1000.0	0.0	7.5	-4.0831287897	-9.98611035819	-2.09498507606	-0.0193915264482	1000.0	1000.0	1000.0	1000.0
1.2	0.409378130496	10.7824176537	0.209467423642	0.00205946962798	0.0	0.4	10.8	0.21	0.001	0.0	0.0	0.0	0.0	0.0	0.162150547683	0.0	0.439530222418	-0.010971013621	0.0205660909843	0.00431455813522	-0.00123914327176	0.00399432268463	5.32710629571	-9.98611035819	-2.09498507606	0.601680770101	0.21	0.00205946962798	0.015	10.0	15.0	-1000.0	-9.9861077894	-15.0	1000.0	0.0	0.1	1000.0	0.0	7.5	-4.09378130496	-9.9861077894	-2.09467423642	-0.0205946962798	1000.0	1000.0	1000.0	1000.0
1.3	0.410509506032	10.7802968518	0.209434441142	0.00218724909466	0.0	0.4	10.8	0.21	0.001	0.0	0.0	0.0	0.0	2.2126316078e-16	0.162126488887	0.0	0.439541924312	-0.0116520186333	0.0218421052215	0.00458157432721	-0.00131599869205	0.00424169143462	5.32724812267	-9.9861077894	-2.09467423642	0.601668413199	0.21	0.00218724909466	0.015	10.0	15.0	-1000.0	-9.98610506019	-15.0	1000.0	0.0	0.1	1000.0	0.0	7.5	-4.10509506032	-9.98610506019	-2.09434441142	-0.0218724909466	1000.0	1000.0	1000.0	1000.0
1.4	0.411711110549	10.7780444675	0.209399432774	0.00232295355019	0.0	0.4	10.8	0.21	0.001	0.0	0.0	0.0	0.0	1.47508773853e-16	0.162100960636	0.0	0.439554340747	-0.012375299514	0.0231972582021	0.00486506478582	-0.00139761731834	0.00450425419638	5.32739860986	-9.98610506019	-2.09434441142	0.601655301384	0.21	0.00232295355019	0.015	10.0	15.0	-1000.0	-9.98610216047	-15.0	1000.0	0.0	0.1	1000.0	0.0	7.5	-4.11711110549	-9.98610216047	-2.09399432774	-0.0232295355019	1000.0	1000.0	1000.0	1000.0
1.5	0.412987303915	10.7756523403	0.209362269192	0.00246707411992	0.0	0.4	10.8	0.21	0.001	0.0	0.0	0.0	0.0	0.0	0.162073864376	0.0	0.439567519682	-0.0131434812994	0.0246364541989	0.00516603921321	-0.00148429388808	0.0047829810634	5.32755833854	-9.98610216047	-2.09399432774	0.601641384058	0.21	0.00246707411992	0.015	10.0	15.0	-1000.0	-9.98609907953	-15.0	1000.0	0.0	0.1	1000.0	0.0	7.5	-4.12987303915	-9.98609907953	-2.09362269192	-0.0246707411992	1000.0	1000.0	1000.0	1000.0
1.6	0.414342716729	10.7731118039	0.209322815904	0.00262013231497	0.0	0.4	10.8	0.21	0.001	0.0	0.0	0.0	0.0	0.0	0.162045099993	0.0	0.439581509807	-0.0139593520332	0.0261649008987	0.00548556847044	-0.00157634132188	0.0050788807172	5.32772789886	-9.98609907953	-2.09362269192	0.601626609801	0.21	0.00262013231497	0.015	10.0	15.0	-1000.0	-9.98609580595	-15.0	1000.0	0.0	0.1	1000.0	0.0	7.5	-4.14342716729	-9.98609580595	-2.09322815904	-0.0262013231497	1000.0	1000.0	1000.0	1000.0
1.7	0.415782267134	10.7704136551	0.209280931555	0.00278268190605	0.0	0.4	10.8	0.21	0.001	0.0	0.0	0.0	0.0	0.0	0.162014563393	0.0	0.439596361739	-0.0148258729224	0.0277881281113	0.00582478812341	-0.00167409183585	0.00539301333754	5.32790790428	-9.98609580595	-2.09322815904	0.601610925133	0.21	0.00278268190605	0.015	10.0	15.0	-1000.0	-9.98609232758	-15.0	1000.0	0.0	0.1	1000.0	0.0	7.5	-4.15782267134	-9.98609232758	-2.09280931555	-0.0278268190605	1000.0	1000.0	1000.0	1000.0
1.8	0.417311178684	10.7675481205	0.209236466849	0.00295531091193	0.0	0.4	10.8	0.21	0.001	0.0	0.0	0.0	0.0	0.0	0.161982145166	0.0	0.439612128669	-0.015746189113	0.0295120076233	0.00618490220684	-0.00177789812202	0.00572649863217	5.32809899947	-9.98609232758	-2.09280931555	0.601594273836	0.21	0.00295531091193	0.015	10.0	15.0	-1000.0	-9.98608863153	-15.0	1000.0	0.0	0.1	1000.0	0.0	7.5	-4.17311178684	-9.98608863153	-2.09236466849	-0.0295531091193	1000.0	1000.0	1000.0	1000.0
1.9	0.418934999313	10.7645048213	0.209189263777	0.00313864370948	0.0	0.4	10.8	0.21	0.001	0.0	0.0	0.0	0.0	0.0	0.161947729759	0.0	0.439628866771	-0.0167236411316	0.0313427742656	0.00656718720469	-0.00188813460047	0.0060805216747	5.32830186526	-9.98608863153	-2.09236466849	0.60157659653	0.21	0.00313864370948	0.015	10.0	15.0	-1000.0	-9.98608470403	-15.0	1000.0	0.0	0.1	1000.0	0.0	7.5	-4.18934999313	-9.98608470403	-2.09189263777	-0.0313864370948	1000.0	1000.0	1000.0	1000.0
2.0	0.420659621491	10.7612727358	0.209139154957	0.00333334327272	0.0	0.4	10.8	0.21	0.001	0.0	0.0	0.0	0.0	0.0	0.161911194874	0.0	0.439646635493	-0.0177617770361	0.033287048269	0.00697299625135	-0.002005198747	0.00645633782151	5.32851722217	-9.98608470403	-2.09189263777	0.601557830366	0.21	0.00333334327272	0.015	10.0	15.0	-1000.0	-9.98608053047	-15.0	1000.0	0.0	0.1	1000.0	0.0	7.5	-4.20659621491	-9.98608053047	-2.09139154957	-0.0333334327272	1000.0	1000.0	1000.0	1000.0
2.1	0.422491303634	10.7578401598	0.209085963025	0.00354011354861	0.0	0.4	10.8	0.21	0.001	0.0	0.0	0.0	0.0	0.0	0.161872410958	0.0	0.439665497806	-0.0188643653219	0.0353518589834	0.00740376356008	-0.00212951250081	0.0068552773111	5.32874583341	-9.98608053047	-2.09139154957	0.601537908764	0.21	0.00354011354861	0.015	10.0	15.0	-1000.0	-9.98607609528	-15.0	1000.0	0.0	0.1	1000.0	0.0	7.5	-4.22491303634	-9.98607609528	-2.09085963025	-0.0354011354861	1000.0	1000.0	1000.0	1000.0
2.2	0.424436692841	10.7541946641	0.209029500022	0.00375970197768	0.0	0.4	10.8	0.21	0.001	0.0	0.0	0.0	0.0	3.68771934633e-17	0.161831240732	0.0	0.439685520434	-0.0200354086313	0.0375446700447	0.00786100908692	-0.00226152375657	0.00727874983483	5.32898850767	-9.98607609528	-2.09085963025	0.601516761166	0.21	0.00375970197768	0.015	10.0	15.0	-1000.0	-9.98607138187	-15.0	1000.0	0.0	0.1	1000.0	0.0	7.5	-4.24436692841	-9.98607138187	-2.09029500022	-0.0375970197768	1000.0	1000.0	1000.0	1000.0
2.3	0.426502849048	10.7503230502	0.208969566771	0.00399290216841	0.0	0.4	10.8	0.21	0.001	0.0	0.0	0.0	0.0	0.0	0.161787538717	0.0	0.439706774083	-0.0212791583162	0.0398734060746	0.008346343439	-0.00240170794586	0.00772824921982	5.32924610188	-9.98607138187	-2.09029500022	0.6014943128	0.21	0.00399290216841	0.015	10.0	15.0	-1000.0	-9.98606637262	-15.0	1000.0	0.0	0.1	1000.0	0.0	7.5	-4.26502849048	-9.98606637262	-2.08969566771	-0.0399290216841	1000.0	1000.0	1000.0	1000.0
2.4	0.428697270683	10.7462113024	0.208905952227	0.00424055673426	0.0	0.4	10.8	0.21	0.001	0.0	0.0	0.0	0.0	1.1063158039e-16	0.161741150751	0.0	0.439729333672	-0.0226001299083	0.0423464810051	0.00886147303624	-0.00255056971318	0.0082053582955	5.32951952411	-9.98606637262	-2.08969566771	0.601470484423	0.21	0.00424055673426	0.015	10.0	15.0	-1000.0	-9.98606104873	-15.0	1000.0	0.0	0.1	1000.0	0.0	7.5	-4.28697270683	-9.98606104873	-2.08905952227	-0.0424055673426	1000.0	1000.0	1000.0	1000.0
2.5	0.431027921923	10.7418445376	0.208838432802	0.00450356030329	0.0	0.4	10.8	0.21	0.001	0.0	0.0	0.0	0.0	0.0	0.161691913489	0.0	0.439753278582	-0.024003119553	0.0449728281253	0.00940820553571	-0.00270864469161	0.00871175398197	5.32980973641	-9.98606104873	-2.08905952227	0.60144519207	0.21	0.00450356030329	0.015	10.0	15.0	-1000.0	-9.98605539018	-15.0	1000.0	0.0	0.1	1000.0	0.0	7.5	-4.31027921923	-9.98605539018	-2.08838432802	-0.0450356030329	1000.0	1000.0	1000.0	1000.0
2.6	0.433503261641	10.7372069516	0.20876677165	0.00478286271054	0.0	0.4	10.8	0.21	0.001	0.0	0.0	0.0	0.0	0.0	0.161639653872	0.0	0.439778692904	-0.0254932214675	0.047761931951	0.00998845552777	-0.00287650138423	0.00924921262298	5.330117758	-9.98605539018	-2.08838432802	0.601418346776	0.21	0.00478286271054	0.015	10.0	15.0	-1000.0	-9.98604937566	-15.0	1000.0	0.0	0.1	1000.0	0.0	7.5	-4.33503261641	-9.98604937566	-2.0876677165	-0.0478286271054	1000.0	1000.0	1000.0	1000.0
2.7	0.436132274154	10.7322817623	0.208690717923	0.00507947238391	0.0	0.4	10.8	0.21	0.001	0.0	0.0	0.0	0.0	1.1063158039e-16	0.161584188584	0.0	0.439805665713	-0.0270758464873	0.0507238620281	0.0106042505128	-0.00305474315687	0.00981961557907	5.33044466844	-9.98604937566	-2.0876677165	0.601389854297	0.21	0.00507947238391	0.015	10.0	15.0	-1000.0	-9.98604298247	-15.0	1000.0	0.0	0.1	1000.0	0.0	7.5	-4.36132274154	-9.98604298247	-2.08690717923	-0.0507947238391	1000.0	1000.0	1000.0	1000.0
2.8	0.43892450189	10.7270511497	0.208610005988	0.00539445993521	0.0	0.4	10.8	0.21	0.001	0.0	0.0	0.0	0.0	1.84385967317e-16	0.16152532347	0.0	0.439834291339	-0.0287567417686	0.0538693087802	0.0112577371668	-0.00324401034874	0.0104249550922	5.33079161102	-9.98604298247	-2.08690717923	0.601359614808	0.21	0.00539445993521	0.015	10.0	15.0	-1000.0	-9.98603618639	-15.0	1000.0	0.0	0.1	1000.0	0.0	7.5	-4.3892450189	-9.98603618639	-2.08610005988	-0.0539445993521	1000.0	1000.0	1000.0	1000.0
2.9	0.441890080087	10.7214961912	0.208524354609	0.00572896196818	0.0	0.4	10.8	0.21	0.001	0.0	0.0	0.0	0.0	0.0	0.161462852932	0.0	0.439864669665	-0.0305420117195	0.0572096215247	0.0119511879048	-0.00344498250738	0.0110673404319	5.33115979634	-9.98603618639	-2.08610005988	0.601327522597	0.21	0.00572896196818	0.015	10.0	15.0	-1000.0	-9.98602896165	-15.0	1000.0	0.0	0.1	1000.0	0.0	7.5	-4.41890080087	-9.98602896165	-2.08524354609	-0.0572896196818	1000.0	1000.0	1000.0	1000.0
3.0	0.445039773646	10.7155967946	0.208433466089	0.00608418511653	0.0	0.4	10.8	0.21	0.001	0.0	0.0	0.0	0.0	0.0	0.161396559295	0.0	0.439896906434	-0.0324381402365	0.0607568487817	0.0126870077475	-0.00365838075485	0.0117490043305	5.33155050598	-9.98602896165	-2.08524354609	0.601293465729	0.21	0.00608418511653	0.015	10.0	15.0	-1000.0	-9.98602128075	-15.0	1000.0	0.0	0.1	1000.0	0.0	7.5	-4.45039773646	-9.98602128075	-2.08433466089	-0.0608418511653	1000.0	1000.0	1000.0	1000.0
3.1	0.448385016291	10.7093316252	0.208337025371	0.00646141032525	0.0	0.4	10.8	0.21	0.001	0.0	0.0	0.0	0.0	0.0	0.161326212143	0.0	0.439931113566	-0.0344520143279	0.0645237810116	0.0134677414992	-0.00388497029247	0.0124723097158	5.33196509642	-9.98602128075	-2.08433466089	0.601257325709	0.21	0.00646141032525	0.015	10.0	15.0	-1000.0	-9.98601311436	-15.0	1000.0	0.0	0.1	1000.0	0.0	7.5	-4.48385016291	-9.98601311436	-2.08337025371	-0.0646141032525	1000.0	1000.0	1000.0	1000.0
3.2	0.451937952154	10.7026780301	0.2082346991	0.00686199738951	0.0	0.4	10.8	0.21	0.001	0.0	0.0	0.0	0.0	1.1063158039e-16	0.161251567625	0.0	0.439967409497	-0.0365909492111	0.0685239959224	0.0142960812424	-0.00412556305153	0.0132397567466	5.33240500311	-9.98601311436	-2.08337025371	0.601218977122	0.21	0.00686199738951	0.015	10.0	15.0	-1000.0	-9.98600443122	-15.0	1000.0	0.0	0.1	1000.0	0.0	7.5	-4.51937952154	-9.98600443122	-2.082346991	-0.0686199738951	1000.0	1000.0	1000.0	1000.0
3.3	0.455711479963	10.6956119562	0.208126134646	0.00728738976601	0.0	0.4	10.8	0.21	0.001	0.0	0.0	0.0	0.0	1.1063158039e-16	0.161172367725	0.0	0.440005919529	-0.0388627149757	0.0727719064954	0.0151748741515	-0.00438102049808	0.0140539901558	5.33287174469	-9.98600443122	-2.082346991	0.601178287254	0.21	0.00728738976601	0.015	10.0	15.0	-1000.0	-9.98599519798	-15.0	1000.0	0.0	0.1	1000.0	0.0	7.5	-4.55711479963	-9.98599519798	-2.08126134646	-0.0728738976601	1000.0	1000.0	1000.0	1000.0
3.4	0.459719299972	10.6881078651	0.208010959079	0.00773911967272	0.0	0.4	10.8	0.21	0.001	0.0	0.0	0.0	0.0	0.0	0.161088339509	0.0	0.440046776194	-0.0412755649103	0.0772828118883	0.0161071306304	-0.0046522565999	0.0149178069065	5.33336692748	-9.98599519798	-2.08126134646	0.601135115704	0.21	0.00773911967272	0.015	10.0	15.0	-1000.0	-9.98598537902	-15.0	1000.0	0.0	0.1	1000.0	0.0	7.5	-4.59719299972	-9.98598537902	-2.08010959079	-0.0773911967272	1000.0	1000.0	1000.0	1000.0
3.5	0.463975963821	10.680138641	0.207888778112	0.00821881349348	0.0	0.4	10.8	0.21	0.001	0.0	0.0	0.0	0.0	0.0	0.160999194334	0.0	0.440090119637	-0.0438382655971	0.0820729513788	0.0170960327727	-0.00494024096445	0.0158341641614	5.33389225001	-9.98598537902	-2.08010959079	0.601089313971	0.21	0.00821881349348	0.015	10.0	15.0	-1000.0	-9.98597493637	-15.0	1000.0	0.0	0.1	1000.0	0.0	7.5	-4.63975963821	-9.98597493637	-2.07888778112	-0.0821881349348	1000.0	1000.0	1000.0	1000.0
3.6	0.468496927504	10.671675494	0.207759174991	0.00872819750503	0.0	0.4	10.8	0.21	0.001	0.0	0.0	0.0	0.0	7.37543869267e-17	0.160904627022	0.0	0.440136098011	-0.0465601288854	0.0871595615249	0.0181449431444	-0.00524600215664	0.0168061875669	5.33444950789	-9.98597493637	-2.07888778112	0.601040725032	0.21	0.00872819750503	0.015	10.0	15.0	-1000.0	-9.98596382944	-15.0	1000.0	0.0	0.1	1000.0	0.0	7.5	-4.68496927504	-9.98596382944	-2.07759174991	-0.0872819750503	1000.0	1000.0	1000.0	1000.0
3.7	0.473298607632	10.6626878578	0.207621709353	0.00926910394489	0.0	0.4	10.8	0.21	0.001	0.0	0.0	0.0	0.0	0.0	0.160804315009	0.0	0.440184867886	-0.0494510458603	0.092560936725	0.019257413885	-0.00557063120601	0.0178371798502	5.33504059878	-9.98596382944	-2.07759174991	0.600989182895	0.21	0.00926910394489	0.015	10.0	15.0	-1000.0	-9.98595201489	-15.0	1000.0	0.0	0.1	1000.0	0.0	7.5	-4.73298607632	-9.98595201489	-2.07621709353	-0.0926910394489	1000.0	1000.0	1000.0	1000.0
3.8	0.478398441211	10.6531432801	0.207475916037	0.00984347743944	0.0	0.4	10.8	0.21	0.001	0.0	0.0	0.0	0.0	0.0	0.160697917456	0.0	0.440236594683	-0.0525215229319	0.0982964933699	0.0204371961196	-0.00591528531282	0.0189306297243	5.33566752756	-9.98595201489	-2.07621709353	0.600934512139	0.21	0.00984347743944	0.015	10.0	15.0	-1000.0	-9.98593944644	-15.0	1000.0	0.0	0.1	1000.0	0.0	7.5	-4.78398441211	-9.98593944644	-2.07475916037	-0.0984347743944	1000.0	1000.0	1000.0	1000.0
3.9	0.483814949138	10.6430073073	0.207321303854	0.0104533818125	0.0	0.4	10.8	0.21	0.001	0.0	0.0	0.0	0.0	2.2126316078e-16	0.160585074332	0.0	0.440291453108	-0.0557827201776	0.10438683779	0.0216882496723	-0.0062811917635	0.020090221095	5.33633241166	-9.98593944644	-2.07475916037	0.600876527439	0.21	0.0104533818125	0.015	10.0	15.0	-1000.0	-9.98592607458	-15.0	1000.0	0.0	0.1	1000.0	0.0	7.5	-4.83814949138	-9.98592607458	-2.07321303854	-0.104533818125	1000.0	1000.0	1000.0	1000.0
4.0	0.489567803664	10.6322433619	0.207157354326	0.011101007296	0.0	0.4	10.8	0.21	0.001	0.0	0.0	0.0	0.0	0.0	0.16046540546	0.0	0.440349627609	-0.059246492078	0.110853838211	0.023014753067	-0.00666965206564	0.021319842558	5.33703748663	-9.98592607458	-2.07321303854	0.600815033069	0.21	0.011101007296	0.015	10.0	15.0	-1000.0	-9.98591184639	-15.0	1000.0	0.0	0.1	1000.0	0.0	7.5	-4.89567803664	-9.98591184639	-2.07157354326	-0.11101007296	1000.0	1000.0	1000.0	1000.0
4.1	0.495677900061	10.6208126125	0.206983520377	0.0117886781648	0.0	0.4	10.8	0.21	0.001	0.0	0.0	0.0	0.0	0.0	0.16033850954	0.0	0.440411312852	-0.0629254307954	0.117720700939	0.0244211137961	-0.00708204631373	0.0226235971727	5.33778511177	-9.98591184639	-2.07157354326	0.600749822392	0.21	0.0117886781648	0.015	10.0	15.0	-1000.0	-9.98589670527	-15.0	1000.0	0.0	0.1	1000.0	0.0	7.5	-4.95677900061	-9.98589670527	-2.06983520377	-0.117886781648	1000.0	1000.0	1000.0	1000.0
4.2	0.502167432755	10.6086738359	0.206799225001	0.0125188608197	0.0	0.4	10.8	0.21	0.001	0.0	0.0	0.0	0.0	1.1063158039e-16	0.16020396314	0.0	0.440476714195	-0.0668329121534	0.125012051013	0.0259119788357	-0.00751983779664	0.0240058124935	5.33857777604	-9.98589670527	-2.06983520377	0.600680677335	0.21	0.0125188608197	0.015	10.0	15.0	-1000.0	-9.98588059062	-15.0	1000.0	0.0	0.1	1000.0	0.0	7.5	-5.02167432755	-9.98588059062	-2.06799225001	-0.125188608197	1000.0	1000.0	1000.0	1000.0
4.3	0.509059976212	10.5957832709	0.206603859889	0.013294172343	0.0	0.4	10.8	0.21	0.001	0.0	0.0	0.0	0.0	1.84385967317e-16	0.16006131966	0.0	0.440546048187	-0.0709831444862	0.132754017568	0.0274922453756	-0.00798457785862	0.0254710508353	5.33941810403	-9.98588059062	-2.06799225001	0.600607367847	0.21	0.013294172343	0.015	10.0	15.0	-1000.0	-9.98586343758	-15.0	1000.0	0.0	0.1	1000.0	0.0	7.5	-5.09059976212	-9.98586343758	-2.06603859889	-0.13294172343	1000.0	1000.0	1000.0	1000.0
4.4	0.516380570871	10.5820944637	0.206396784034	0.0141173895523	0.0	0.4	10.8	0.21	0.001	0.0	0.0	0.0	0.0	0.0	0.159910108273	0.0	0.440619543074	-0.0753912205352	0.140974324164	0.0291670717305	-0.00847791102576	0.0270241197432	5.34030886206	-9.98586343758	-2.06603859889	0.600529651347	0.21	0.0141173895523	0.015	10.0	15.0	-1000.0	-9.98584517666	-15.0	1000.0	0.0	0.1	1000.0	0.0	7.5	-5.16380570871	-9.98584517666	-2.06396784034	-0.141173895523	1000.0	1000.0	1000.0	1000.0
4.5	0.524155814432	10.5675581032	0.206177322316	0.0149914585802	0.0	0.4	10.8	0.21	0.001	0.0	0.0	0.0	0.0	0.0	0.159749832844	0.0	0.440697439312	-0.080073172583	0.149702384354	0.0309418883893	-0.00900158041011	0.0286700826309	5.34125296446	-9.98584517666	-2.06396784034	0.600447272155	0.21	0.0149914585802	0.015	10.0	15.0	-1000.0	-9.98582573339	-15.0	1000.0	0.0	0.1	1000.0	0.0	7.5	-5.24155814432	-9.98582573339	-2.06177322316	-0.149914585802	1000.0	1000.0	1000.0	1000.0
4.6	0.532413958843	10.5521218475	0.205944764061	0.0159195050076	0.0	0.4	10.8	0.21	0.001	0.0	0.0	0.0	0.0	1.1063158039e-16	0.159579970833	0.0	0.440779990084	-0.0850460310236	0.158969402767	0.0328224091505	-0.00955743340415	0.030414269546	5.34225347981	-9.98582573339	-2.06177322316	0.600359960916	0.21	0.0159195050076	0.015	10.0	15.0	-1000.0	-9.98580502788	-15.0	1000.0	0.0	0.1	1000.0	0.0	7.5	-5.32413958843	-9.98580502788	-2.05944764061	-0.159195050076	1000.0	1000.0	1000.0	1000.0
4.7	0.54118501334	10.5357301389	0.205698361599	0.0169048445802	0.0	0.4	10.8	0.21	0.001	0.0	0.0	0.0	0.0	0.0	0.159399972183	0.0	0.440867461832	-0.0903278865838	0.168808482005	0.0348146422856	-0.0101474276786	0.0322622880091	5.3433136374	-9.98580502788	-2.05944764061	0.600267434015	0.21	0.0169048445802	0.015	10.0	15.0	-1000.0	-9.98578297445	-15.0	1000.0	0.0	0.1	1000.0	0.0	7.5	-5.4118501334	-9.98578297445	-2.05698361599	-0.169048445802	1000.0	1000.0	1000.0	1000.0
4.8	0.550500853905	10.5183240089	0.205437328817	0.0179509945398	0.0	0.4	10.8	0.21	0.001	0.0	0.0	0.0	0.0	0.0	0.159209258203	0.0	0.440960134781	-0.0959379564174	0.17925473565	0.0369249016591	-0.0107736374964	0.0342200338692	5.34443683355	-9.98578297445	-2.05698361599	0.600169392985	0.21	0.0179509945398	0.015	10.0	15.0	-1000.0	-9.98575948106	-15.0	1000.0	0.0	0.1	1000.0	0.0	7.5	-5.50500853905	-9.98575948106	-2.05437328817	-0.179509945398	1000.0	1000.0	1000.0	1000.0
4.9	0.560395339568	10.4998408711	0.205160839719	0.019061685601	0.0	0.4	10.8	0.21	0.001	0.0	0.0	0.0	0.0	0.0	0.159007220447	0.0	0.441058303465	-0.101896654314	0.190345407715	0.0391598177262	-0.0114382603568	0.0362937021047	5.345626638	-9.98575948106	-2.05437328817	0.600065523912	0.21	0.019061685601	0.015	10.0	15.0	-1000.0	-9.98573444888	-15.0	1000.0	0.0	0.1	1000.0	0.0	7.5	-5.60395339568	-9.98573444888	-2.05160839719	-0.19061685601	1000.0	1000.0	1000.0	1000.0
5.0	0.570904435946	10.4802143015	0.204868027001	0.0202408746083	0.0	0.4	10.8	0.21	0.001	0.0	0.0	0.0	0.0	0.0	0.158793219597	0.0	0.441162277249	-0.108225665269	0.202119998852	0.041526348313	-0.0121436239822	0.0384897974894	5.34688680025	-9.98573444888	-2.05160839719	0.599955496846	0.21	0.0202408746083	0.015	10.0	15.0	-1000.0	-9.98570777159	-15.0	1000.0	0.0	0.1	1000.0	0.0	7.5	-5.70904435946	-9.98570777159	-2.04868027001	-0.202408746083	1000.0	1000.0	1000.0	1000.0
5.1	0.582066346494	10.4593738068	0.204557980662	0.0214927579081	0.0	0.4	10.8	0.21	0.001	0.0	0.0	0.0	0.0	0.0	0.158566584366	0.0	0.441272380836	-0.114948024688	0.214620399676	0.0440317890745	-0.0128921936629	0.0408151450314	5.34822125574	-9.98570777159	-2.04868027001	0.599838965203	0.21	0.0214927579081	0.015	10.0	15.0	-1000.0	-9.98567933484	-15.0	1000.0	0.0	0.1	1000.0	0.0	7.5	-5.82066346494	-9.98567933484	-2.04557980662	-0.214927579081	1000.0	1000.0	1000.0	1000.0
5.2	0.593921651943	10.4372445778	0.204229746656	0.02282178547	0.0	0.4	10.8	0.21	0.001	0.0	0.0	0.0	0.0	0.0	0.15832661042	0.0	0.441388954772	-0.1220882025	0.227891031552	0.0466837835086	-0.0136865799719	0.043276900079	5.34963413184	-9.98567933484	-2.04557980662	0.599715565192	0.21	0.02282178547	0.015	10.0	15.0	-1000.0	-9.98564901549	-15.0	1000.0	0.0	0.1	1000.0	0.0	7.5	-5.93921651943	-9.98564901549	-2.04229746656	-0.2282178547	1000.0	1000.0	1000.0	1000.0
5.3	0.606513458411	10.4137472295	0.203882325604	0.0242326757981	0.0	0.4	10.8	0.21	0.001	0.0	0.0	0.0	0.0	0.0	0.158072559331	0.0	0.441512355914	-0.129672192474	0.241978995226	0.0494903323905	-0.0145295468646	0.0458825579733	5.35112975367	-9.98564901549	-2.04229746656	0.599584915245	0.21	0.0242326757981	0.015	10.0	15.0	-1000.0	-9.98561668082	-15.0	1000.0	0.0	0.1	1000.0	0.0	7.5	-6.06513458411	-9.98561668082	-2.03882325604	-0.242326757981	1000.0	1000.0	1000.0	1000.0
5.4	0.619887554755	10.3887975248	0.203514671585	0.0257304316676	0.0	0.4	10.8	0.21	0.001	0.0	0.0	0.0	0.0	0.0	0.157803657588	0.0	0.441642957881	-0.137727607065	0.256934227665	0.0524598024717	-0.0154240201777	0.048639963112	5.35271264951	-9.98561668082	-2.03882325604	0.599446615468	0.21	0.0257304316676	0.015	10.0	15.0	-1000.0	-9.98558218769	-15.0	1000.0	0.0	0.1	1000.0	0.0	7.5	-6.19887554755	-9.98558218769	-2.03514671585	-0.257304316676	1000.0	1000.0	1000.0	1000.0
5.5	0.634092579708	10.3623060834	0.20312569103	0.0273203567292	0.0	0.4	10.8	0.21	0.001	0.0	0.0	0.0	0.0	0.0	0.157519095654	0.0	0.441781151472	-0.146283778092	0.272809667516	0.0556009342733	-0.0163730965394	0.051557317272	5.35438755584	-9.98558218769	-2.03514671585	0.599300247126	0.21	0.0273203567292	0.015	10.0	15.0	-1000.0	-9.98554538155	-15.0	1000.0	0.0	0.1	1000.0	0.0	7.5	-6.34092579708	-9.98554538155	-2.0312569103	-0.273203567292	1000.0	1000.0	1000.0	1000.0
5.6	0.649180199413	10.3341780724	0.202714241731	0.029008073022	0.0	0.4	10.8	0.21	0.001	0.0	0.0	0.0	0.0	1.47508773853e-16	0.157218027113	0.0	0.441927345037	-0.155371863626	0.289661429593	0.0589228487806	-0.0173800527061	0.0546431870195	5.35615942184	-9.98554538155	-2.0312569103	0.59914537215	0.21	0.029008073022	0.015	10.0	15.0	-1000.0	-9.98550609537	-15.0	1000.0	0.0	0.1	1000.0	0.0	7.5	-6.49180199413	-9.98550609537	-2.02714241731	-0.29008073022	1000.0	1000.0	1000.0	1000.0
5.7	0.665205295991	10.3043128799	0.202279131998	0.030799539437	0.0	0.4	10.8	0.21	0.001	0.0	0.0	0.0	0.0	0.0	0.156899567903	0.0	0.442081964795	-0.165024961418	0.307548988783	0.0624350528263	-0.0184483553384	0.0579065100186	5.35803341331	-9.98550609537	-2.02714241731	0.598981532698	0.21	0.030799539437	0.015	10.0	15.0	-1000.0	-9.98546414846	-15.0	1000.0	0.0	0.1	1000.0	0.0	7.5	-6.65205295991	-9.98546414846	-2.02279131998	-0.30799539437	1000.0	1000.0	1000.0	1000.0
5.8	0.682226167814	10.2726037694	0.201819119996	0.0327010711758	0.0	0.4	10.8	0.21	0.001	0.0	0.0	0.0	0.0	0.0	0.156562795664	0.0	0.442245455095	-0.175278229263	0.326535373842	0.0661474429282	-0.0195816712287	0.0613566000269	5.36001491576	-9.98546414846	-2.02279131998	0.598808250759	0.21	0.0327010711758	0.015	10.0	15.0	-1000.0	-9.98541934513	-15.0	1000.0	0.0	0.1	1000.0	0.0	7.5	-6.82226167814	-9.98541934513	-2.01819119996	-0.327010711758	1000.0	1000.0	1000.0	1000.0
5.9	0.700304742189	10.2389375145	0.201332913287	0.0347193602491	0.0	0.4	10.8	0.21	0.001	0.0	0.0	0.0	0.0	7.37543869267e-17	0.156206749223	0.0	0.4424182786	-0.186169012698	0.346687371482	0.0700703073232	-0.0207838779951	0.0650031503471	5.36210953663	-9.98541934513	-2.01819119996	0.598625027823	0.21	0.0347193602491	0.015	10.0	15.0	-1000.0	-9.98537147317	-15.0	1000.0	0.0	0.1	1000.0	0.0	7.5	-7.00304742189	-9.98537147317	-2.01332913287	-0.347193602491	1000.0	1000.0	1000.0	1000.0
6.0	0.719506801218	10.2031940127	0.200819168603	0.0368614970623	0.0	0.4	10.8	0.21	0.001	0.0	0.0	0.0	0.0	0.0	0.155830428241	0.0	0.442600916382	-0.197736980433	0.368075741225	0.0742143259168	-0.0220590752518	0.0688562354806	5.36432310654	-9.98537147317	-2.01332913287	0.598431344622	0.21	0.0368614970623	0.015	10.0	15.0	-1000.0	-9.98532030222	-15.0	1000.0	0.0	0.1	1000.0	0.0	7.5	-7.19506801218	-9.98532030222	-2.00819168603	-0.368614970623	1000.0	1000.0	1000.0	1000.0
6.1	0.739902221618	10.1652458771	0.200276491906	0.0391349931339	0.0	0.4	10.8	0.21	0.001	0.0	0.0	0.0	0.0	0.0	0.155432793036	0.0	0.44279386792	-0.210024267967	0.390775441467	0.0785905678441	-0.023411596269	0.0729263107061	5.36666167919	-9.98532030222	-2.00819168603	0.598226660956	0.21	0.0391349931339	0.015	10.0	15.0	-1000.0	-9.98526558181	-15.0	1000.0	0.0	0.1	1000.0	0.0	7.5	-7.39902221618	-9.98526558181	-2.00276491906	-0.391349931339	1000.0	1000.0	1000.0	1000.0
6.2	0.76156522934	10.1249580048	0.199703438762	0.0415478049972	0.0	0.4	10.8	0.21	0.001	0.0	0.0	0.0	0.0	0.0	0.155012764633	0.0	0.442997650982	-0.223075629809	0.414865867239	0.0832104863124	-0.0248460201343	0.0772242092842	5.3691315299	-9.98526558181	-2.00276491906	0.598010415615	0.21	0.0415478049972	0.015	10.0	15.0	-1000.0	-9.98520703933	-15.0	1000.0	0.0	0.1	1000.0	0.0	7.5	-7.6156522934	-9.98520703933	-1.99703438762	-0.415478049972	1000.0	1000.0	1000.0	1000.0
6.3	0.784574669877	10.0821871216	0.199098515071	0.0441083593354	0.0	0.4	10.8	0.21	0.001	0.0	0.0	0.0	0.0	2.95017547707e-16	0.154569225048	0.0	0.443212801371	-0.2369386008	0.440431100129	0.0880859103743	-0.0263671844255	0.0817611369661	5.37173915262	-9.98520703933	-1.99703438762	0.597782026419	0.21	0.0441083593354	0.015	10.0	15.0	-1000.0	-9.98514437752	-15.0	1000.0	0.0	0.1	1000.0	0.0	7.5	-7.84574669877	-9.98514437752	-1.99098515071	-0.441083593354	1000.0	1000.0	1000.0	1000.0
6.4	0.809014295195	10.0367813007	0.198460178205	0.0468255793996	0.0	0.4	10.8	0.21	0.001	0.0	0.0	0.0	0.0	0.0	0.154101017857	0.0	0.443439872522	-0.251663666992	0.467560170866	0.0932290332581	-0.0279801984069	0.0865486634635	5.37449125496	-9.98514437752	-1.99098515071	0.597540890379	0.21	0.0468255793996	0.015	10.0	15.0	-1000.0	-9.98507727183	-15.0	1000.0	0.0	0.1	1000.0	0.0	7.5	-8.09014295195	-9.98507727183	-1.98460178205	-0.468255793996	1000.0	1000.0	1000.0	1000.0
6.5	0.834973068284	9.98857945445	0.197786838598	0.0497089127661	0.0	0.4	10.8	0.21	0.001	0.0	0.0	0.0	0.0	2.2126316078e-16	0.153606949075	0.0	0.443679434923	-0.2673044466	0.496347335068	0.0986523968594	-0.0296904567586	0.0915987105162	5.37739475127	-9.98507727183	-1.98460178205	0.597286383998	0.21	0.0497089127661	0.015	10.0	15.0	-1000.0	-9.98500536726	-15.0	1000.0	0.0	0.1	1000.0	0.0	7.5	-8.34973068284	-9.98500536726	-1.97786838598	-0.497089127661	1000.0	1000.0	1000.0	1000.0
6.6	0.862545486366	9.93741079811	0.197076861843	0.0527683604853	0.0	0.4	10.8	0.21	0.001	0.0	0.0	0.0	0.0	0.0	0.153085788388	0.0	0.443932075357	-0.283917881535	0.526892362667	0.104368871984	-0.0315036538503	0.0969235361762	5.38045675332	-9.98500536726	-1.97786838598	0.597017863745	0.21	0.0527683604853	0.015	10.0	15.0	-1000.0	-9.98492827486	-15.0	1000.0	0.0	0.1	1000.0	0.0	7.5	-8.62545486366	-9.98492827486	-1.97076861843	-0.527683604853	1000.0	1000.0	1000.0	1000.0
6.7	0.891831923875	9.88309428406	0.196328571345	0.0560145076797	0.0	0.4	10.8	0.21	0.001	0.0	0.0	0.0	0.0	0.0	0.152536270776	0.0	0.444198395908	-0.301564440042	0.559300841534	0.110391633912	-0.0334257985698	0.102535714912	5.38368455841	-9.98492827486	-1.97076861843	0.596734666685	0.21	0.0560145076797	0.015	10.0	15.0	-1000.0	-9.98484556767	-15.0	1000.0	0.0	0.1	1000.0	0.0	7.5	-8.91831923875	-9.98484556767	-1.96328571345	-0.560145076797	1000.0	1000.0	1000.0	1000.0
6.8	0.922938996355	9.82543800461	0.195540251583	0.0594585556499	0.0	0.4	10.8	0.21	0.001	0.0	0.0	0.0	0.0	0.0	0.151957098564	0.0	0.444479012754	-0.320308330994	0.593684495841	0.11673413285	-0.0354632297164	0.108448113125	5.38708563458	-9.98484556767	-1.96328571345	0.596436111318	0.21	0.0594585556499	0.015	10.0	15.0	-1000.0	-9.98475677608	-15.0	1000.0	0.0	0.1	1000.0	0.0	7.5	-9.22938996355	-9.98475677608	-1.95540251583	-0.594585556499	1000.0	1000.0	1000.0	1000.0
6.9	0.95598038285	9.7642377541	0.194710156526	0.0631124037974	0.0	0.4	10.8	0.21	0.001	0.0	0.0	0.0	0.0	0.0	0.15134694395	0.0	0.44477455467	-0.340217990473	0.630162001471	0.123410153166	-0.0376226607333	0.114673826052	5.3906676026	-9.98475677608	-1.95540251583	0.59612149862	0.21	0.0631124037974	0.015	10.0	15.0	-1000.0	-9.98466138121	-15.0	1000.0	0.0	0.1	1000.0	0.0	7.5	-9.5598038285	-9.98466138121	-1.94710156526	-0.631124037974	1000.0	1000.0	1000.0	1000.0
7.0	0.991075954047	9.69927873856	0.193836488996	0.0669885431935	0.0	0.4	10.8	0.21	0.001	0.0	0.0	0.0	0.0	7.37543869267e-17	0.150704455516	0.0	0.445085659492	-0.361365555899	0.668857920207	0.130433497307	-0.0399111118534	0.121226332529	5.39443819304	-9.98466138121	-1.94710156526	0.595790115008	0.21	0.0669885431935	0.015	10.0	15.0	-1000.0	-9.98455881244	-15.0	1000.0	0.0	0.1	1000.0	0.0	7.5	-9.91075954047	-9.98455881244	-1.93836488996	-0.669885431935	1000.0	1000.0	1000.0	1000.0
7.1	1.02835350084	9.63033247853	0.192917454602	0.0711002366836	0.0	0.4	10.8	0.21	0.001	0.0	0.0	0.0	0.0	1.1063158039e-16	0.150028242257	0.0	0.445412981835	-0.383827897377	0.709904494746	0.137818202455	-0.0423360119641	0.128119090484	5.39840533984	-9.98455881244	-1.93836488996	0.595441224092	0.21	0.0711002366836	0.015	10.0	15.0	-1000.0	-9.98444843655	-15.0	1000.0	0.0	0.1	1000.0	0.0	7.5	-10.2835350084	-9.98444843655	-1.92917454602	-0.711002366836	1000.0	1000.0	1000.0	1000.0
7.2	1.06794871364	9.55715696135	0.191951229138	0.0754615045468	0.0	0.4	10.8	0.21	0.001	0.0	0.0	0.0	0.0	0.0	0.149316915327	0.0	0.445757172	-0.407686583164	0.753441501093	0.145578413776	-0.0449051859465	0.135365781466	5.40257692464	-9.98444843655	-1.92917454602	0.595074087327	0.21	0.0754615045468	0.015	10.0	15.0	-1000.0	-9.98432955074	-15.0	1000.0	0.0	0.1	1000.0	0.0	7.5	-10.6794871364	-9.98432955074	-1.91951229138	-0.754615045468	1000.0	1000.0	1000.0	1000.0
7.3	1.11000570281	9.4794958046	0.190935976977	0.0800871685872	0.0	0.4	10.8	0.21	0.001	0.0	0.0	0.0	0.0	2.2126316078e-16	0.1485690628	0.0	0.446118888021	-0.43302819097	0.79961668396	0.153728304485	-0.0476268741742	0.142980172673	5.40696092282	-9.98432955074	-1.91951229138	0.594687950821	0.21	0.0800871685872	0.015	10.0	15.0	-1000.0	-9.98420137277	-15.0	1000.0	0.0	0.1	1000.0	0.0	7.5	-11.1000570281	-9.98420137277	-1.90935976977	-0.800871685872	1000.0	1000.0	1000.0	1000.0
7.4	1.15467751527	9.39707743847	0.189869859216	0.0849928945356	0.0	0.4	10.8	0.21	0.001	0.0	0.0	0.0	0.0	0.0	0.147783263914	0.0	0.446498788151	-0.459944599868	0.848586174298	0.162282013543	-0.0505097517755	0.150976055883	5.41156531239	-9.98420137277	-1.90935976977	0.594282052065	0.21	0.0849928945356	0.015	10.0	15.0	-1000.0	-9.98406302955	-15.0	1000.0	0.0	0.1	1000.0	0.0	7.5	-11.5467751527	-9.98406302955	-1.89869859216	-0.849928945356	1000.0	1000.0	1000.0	1000.0
7.5	1.20212668131	9.30961424579	0.188751042804	0.0901952363665	0.0	0.4	10.8	0.21	0.001	0.0	0.0	0.0	0.0	0.0	0.146958095368	0.0	0.446897527164	-0.488533300501	0.900514924848	0.171253568308	-0.0535629482419	0.159367178969	5.41639802923	-9.98406302955	-1.89869859216	0.593855622532	0.21	0.0901952363665	0.015	10.0	15.0	-1000.0	-9.98391354365	-15.0	1000.0	0.0	0.1	1000.0	0.0	7.5	-12.0212668131	-9.98391354365	-1.88751042804	-0.901952363665	1000.0	1000.0	1000.0	1000.0
7.6	1.25252579321	9.21680165767	0.187577710707	0.0957116825869	0.0	0.4	10.8	0.21	0.001	0.0	0.0	0.0	0.0	0.0	0.146092138393	0.0	0.447315752182	-0.518897720662	0.955577164065	0.180656798968	-0.0567960676673	0.168167169695	5.42146691644	-9.98391354365	-1.88751042804	0.593407890575	0.21	0.0957116825869	0.015	10.0	15.0	-1000.0	-9.9837518173	-15.0	1000.0	0.0	0.1	1000.0	0.0	7.5	-12.5252579321	-9.9837518173	-1.87577710707	-0.957116825869	1000.0	1000.0	1000.0	1000.0
7.7	1.30605811694	9.11831720334	0.186348073127	0.101560704556	0.0	0.4	10.8	0.21	0.001	0.0	0.0	0.0	0.0	0.0	0.145183986616	0.0	0.447754097967	-0.551147566488	1.01395686868	0.190505244585	-0.0602192096284	0.177389451551	5.42677966737	-9.9837518173	-1.87577710707	0.592938084583	0.21	0.101560704556	0.015	10.0	15.0	-1000.0	-9.98357661333	-15.0	1000.0	0.0	0.1	1000.0	0.0	7.5	-13.0605811694	-9.98357661333	-1.86348073127	-1.01560704556	1000.0	1000.0	1000.0	1000.0
7.8	1.36291823866	9.01381951205	0.185060379798	0.107761806898	0.0	0.4	10.8	0.21	0.001	0.0	0.0	0.0	0.0	0.0	0.144232254742	0.0	0.448213181668	-0.585399179465	1.07584825516	0.200812050721	-0.0638429907161	0.187047151514	5.43234376181	-9.98357661333	-1.86348073127	0.59244543641	0.21	0.107761806898	0.015	10.0	15.0	-1000.0	-9.98338653245	-15.0	1000.0	0.0	0.1	1000.0	0.0	7.5	-13.6291823866	-9.98338653245	-1.85060379798	-1.07761806898	1000.0	1000.0	1000.0	1000.0
7.9	1.42331274743	8.90294726546	0.183712933371	0.114335580072	0.0	0.4	10.8	0.21	0.001	0.0	0.0	0.0	0.0	2.2126316078e-16	0.143235588079	0.0	0.448693596943	-0.621775909292	1.14145629027	0.211589858725	-0.0676785667308	0.19715299972	5.43816639495	-9.98338653245	-1.85060379798	0.591929185022	0.21	0.114335580072	0.015	10.0	15.0	-1000.0	-9.98317998576	-15.0	1000.0	0.0	0.1	1000.0	0.0	7.5	-14.2331274743	-9.98317998576	-1.83712933371	-1.14335580072	1000.0	1000.0	1000.0	1000.0
8.0	1.4874609558	8.78531809845	0.18230410384	0.12130375516	0.0	0.4	10.8	0.21	0.001	0.0	0.0	0.0	0.0	2.58140354243e-16	0.142192672887	0.0	0.449195907449	-0.66040850256	1.21099722071	0.222850686894	-0.0717376555537	0.207719221203	5.44425439828	-9.98317998576	-1.83712933371	0.591388580336	0.21	0.12130375516	0.015	10.0	15.0	-1000.0	-9.98295516158	-15.0	1000.0	0.0	0.1	1000.0	0.0	7.5	-14.874609558	-9.98295516158	-1.8230410384	-1.2130375516	1000.0	1000.0	1000.0	1000.0
8.1	1.55559565962	8.66052744657	0.180832344005	0.128689260959	0.0	0.4	10.8	0.21	0.001	0.0	0.0	0.0	0.0	1.1063158039e-16	0.141102247554	0.0	0.449720639611	-0.701435507004	1.28469912193	0.234605803929	-0.0760325607068	0.218757419963	5.45061415209	-9.98295516158	-1.8230410384	0.590822887165	0.21	0.128689260959	0.015	10.0	15.0	-1000.0	-9.98270998496	-15.0	1000.0	0.0	0.1	1000.0	0.0	7.5	-15.5559565962	-9.98270998496	-1.80832344005	-1.28689260959	1000.0	1000.0	1000.0	1000.0
8.2	1.6279639388	8.52814733824	0.179296205885	0.136516283417	0.0	0.4	10.8	0.21	0.001	0.0	0.0	0.0	0.0	7.37543869267e-17	0.139963114555	0.0	0.450268274637	-0.745003690894	1.36280246557	0.246865595251	-0.0805761956083	0.230278455859	5.4572514886	-9.98270998496	-1.80832344005	0.590231389192	0.21	0.136516283417	0.015	10.0	15.0	-1000.0	-9.982442068	-15.0	1000.0	0.0	0.1	1000.0	0.0	7.5	-16.279639388	-9.982442068	-1.79296205885	-1.36516283417	1000.0	1000.0	1000.0	1000.0
8.3	1.70482800033	8.38772512979	0.177694358004	0.144810327519	0.0	0.4	10.8	0.21	0.001	0.0	0.0	0.0	0.0	0.0	0.138774153162	0.0	0.450839239682	-0.791268476834	1.4455607053	0.259639422971	-0.0853821085271	0.242292314969	5.46417158495	-9.982442068	-1.79296205885	0.589613392844	0.21	0.144810327519	0.015	10.0	15.0	-1000.0	-9.98214864848	-15.0	1000.0	0.0	0.1	1000.0	0.0	7.5	-17.0482800033	-9.98214864848	-1.77694358004	-1.44810327519	1000.0	1000.0	1000.0	1000.0
8.4	1.78646606485	8.23878218167	0.176025603429	0.15359828167	0.0	0.4	10.8	0.21	0.001	0.0	0.0	0.0	0.0	1.84385967317e-16	0.137534332821	0.0	0.451433898076	-0.840394388911	1.53324087979	0.27293548052	-0.0904645082242	0.254807974285	5.47137884468	-9.98214864848	-1.77694358004	0.588968230896	0.21	0.15359828167	0.015	10.0	15.0	-1000.0	-9.98182651339	-15.0	1000.0	0.0	0.1	1000.0	0.0	7.5	-17.8646606485	-9.98182651339	-1.76025603429	-1.5359828167	1000.0	1000.0	1000.0	1000.0
8.5	1.87317329818	8.08081247411	0.17428889842	0.162908484662	0.0	0.4	10.8	0.21	0.001	0.0	0.0	0.0	0.0	7.37543869267e-17	0.136242727112	0.0	0.452052538477	-0.892555511653	1.62612423145	0.286760643162	-0.0958382902508	0.267833261847	5.47887676634	-9.98182651339	-1.76025603429	0.588295265589	0.21	0.162908484662	0.015	10.0	15.0	-1000.0	-9.98147190285	-15.0	1000.0	0.0	0.1	1000.0	0.0	7.5	-18.7317329818	-9.98147190285	-1.7428889842	-1.62908484662	1000.0	1000.0	1000.0	1000.0
8.6	1.96526278868	7.91328116075	0.172483371519	0.172770795274	0.0	0.4	10.8	0.21	0.001	0.0	0.0	0.0	0.0	1.47508773853e-16	0.134898528189	0.0	0.452695362776	-0.947935958665	1.72450683866	0.301120315875	-0.10151906384	0.28137471361	5.48666779685	-9.98147190285	-1.7428889842	0.587593890965	0.21	0.172770795274	0.015	10.0	15.0	-1000.0	-9.98108038843	-15.0	1000.0	0.0	0.1	1000.0	0.0	7.5	-19.6526278868	-9.98108038843	-1.72483371519	-1.72770795274	1000.0	1000.0	1000.0	1000.0
8.7	2.06306657127	7.73562305916	0.170608342853	0.183216664588	0.0	0.4	10.8	0.21	0.001	0.0	0.0	0.0	0.0	3.68771934633e-17	0.133501061547	0.0	0.453362472501	-1.00673034794	1.82870025776	0.316018280266	-0.107523179277	0.295437428602	5.49475316671	-9.98108038843	-1.72483371519	0.586863534048	0.21	0.183216664588	0.015	10.0	15.0	-1000.0	-9.98064671719	-15.0	1000.0	0.0	0.1	1000.0	0.0	7.5	-20.6306657127	-9.98064671719	-1.70608342853	-1.83216664588	1000.0	1000.0	1000.0	1000.0
8.8	2.16693669848	7.54724107745	0.168663343454	0.194279211036	0.0	0.4	10.8	0.21	0.001	0.0	0.0	0.0	0.0	0.0	0.13204980097	0.0	0.454053853355	-1.0691442797	1.93903216984	0.331456542456	-0.113867755548	0.310024924098	5.50313270266	-9.98064671719	-1.70608342853	0.586103654325	0.21	0.194279211036	0.015	10.0	15.0	-1000.0	-9.98016461014	-15.0	1000.0	0.0	0.1	1000.0	0.0	7.5	-21.6693669848	-9.98016461014	-1.68663343454	-1.94279211036	1000.0	1000.0	1000.0	1000.0
8.9	2.27724635827	7.34750457726	0.1666481343	0.205993298196	0.0	0.4	10.8	0.21	0.001	0.0	0.0	0.0	0.0	0.0	0.130544383478	0.0	0.454769357381	-1.13539481092	2.05584702458	0.347435184027	-0.120570707959	0.32513899275	5.51180461146	-9.98016461014	-1.68663343454	0.585313740859	0.21	0.205993298196	0.015	10.0	15.0	-1000.0	-9.97962649823	-15.0	1000.0	0.0	0.1	1000.0	0.0	7.5	-22.7724635827	-9.97962649823	-1.666481343	-2.05993298196	1000.0	1000.0	1000.0	1000.0
9.0	2.39440132298	7.13572908193	0.164561934846	0.218396704218	0.0	0.4	10.8	0.21	0.001	0.0	0.0	0.0	0.0	0.0	0.128984624071	0.0	0.455508681982	-1.20571693004	2.17951753654	0.363954032952	-0.127651411679	0.340785488654	5.52076522563	-9.97962649823	-1.666481343	0.584493306054	0.21	0.218396704218	0.015	10.0	15.0	-1000.0	-9.97902311802	-15.0	1000.0	0.0	0.1	1000.0	0.0	7.5	-23.9440132298	-9.97902311802	-1.64561934846	-2.18396704218	1000.0	1000.0	1000.0	1000.0
9.1	2.51881122282	6.91122881009	0.16240624059	0.231527016434	0.0	0.4	10.8	0.21	0.001	0.0	0.0	0.0	0.0	0.0	0.127369918612	0.0	0.456271642639	-1.2803472507	2.31041344945	0.381005337936	-0.135128789344	0.356953195572	5.53001230879	-9.97902311802	-1.64561934846	0.583641561251	0.21	0.231527016434	0.015	10.0	15.0	-1000.0	-9.97834319308	-15.0	1000.0	0.0	0.1	1000.0	0.0	7.5	-25.1881122282	-9.97834319308	-1.6240624059	-2.31527016434	1000.0	1000.0	1000.0	1000.0
9.2	2.65091979502	6.67326200941	0.16018133572	0.245424832441	0.0	0.4	10.8	0.21	0.001	0.0	0.0	0.0	0.0	0.0	0.125701424606	0.0	0.457057083532	-1.35953867668	2.44893320621	0.398585243843	-0.143023409213	0.3736399821	5.5395318524	-9.97834319308	-1.6240624059	0.582758508137	0.21	0.245424832441	0.015	10.0	15.0	-1000.0	-9.97757264895	-15.0	1000.0	0.0	0.1	1000.0	0.0	7.5	-26.5091979502	-9.97757264895	-1.6018133572	-2.45424832441	1000.0	1000.0	1000.0	1000.0
9.3	2.79119683243	6.42104625556	0.157887987507	0.260132828949	0.0	0.4	10.8	0.21	0.001	0.0	0.0	0.0	0.0	3.68771934633e-17	0.123979362012	0.0	0.457864164551	-1.44355866484	2.59549419922	0.416684240057	-0.151356602571	0.390840093696	5.54931367436	-9.97757264895	-1.6018133572	0.581843526563	0.21	0.260132828949	0.015	10.0	15.0	-1000.0	-9.97669376601	-15.0	1000.0	0.0	0.1	1000.0	0.0	7.5	-27.9119683243	-9.97669376601	-1.57887987507	-2.60132828949	1000.0	1000.0	1000.0	1000.0
9.4	2.94013947412	6.15375655835	0.155527336958	0.275695852004	0.0	0.4	10.8	0.21	0.001	0.0	0.0	0.0	0.0	3.68771934633e-17	0.122204324696	0.0	0.458691672095	-1.53268782311	2.75053308801	0.43529063237	-0.160150616761	0.408544972815	5.55934306579	-9.97669376601	-1.57887987507	0.580895996791	0.21	0.275695852004	0.015	10.0	15.0	-1000.0	-9.97568391643	-15.0	1000.0	0.0	0.1	1000.0	0.0	7.5	-29.4013947412	-9.97568391643	-1.55527336958	-2.75695852004	1000.0	1000.0	1000.0	1000.0
9.5	3.09827351239	5.87052346428	0.153100867953	0.29216100619	0.0	0.4	10.8	0.21	0.001	0.0	0.0	0.0	0.0	0.0	0.120377195788	0.0	0.459537995022	-1.62722008606	2.91450585045	0.454390232556	-0.169428605652	0.426743490353	5.56960049967	-9.97568391643	-1.55527336958	0.57991519081	0.21	0.29216100619	0.015	10.0	15.0	-1000.0	-9.97451373681	-15.0	1000.0	0.0	0.1	1000.0	0.0	7.5	-30.9827351239	-9.97451373681	-1.53100867953	-2.9216100619	1000.0	1000.0	1000.0	1000.0
9.6	3.26618994941	5.5703681575	0.150607067098	0.309581399931	0.0	0.4	10.8	0.21	0.001	0.0	0.0	0.0	0.0	1.1063158039e-16	0.118499123803	0.0	0.460401041375	-1.7274829789	3.08792392628	0.473971810316	-0.179216723556	0.445446996765	5.58006062147	-9.97451373681	-1.53100867953	0.578900165178	0.21	0.309581399931	0.015	10.0	15.0	-1000.0	-9.97314411588	-15.0	1000.0	0.0	0.1	1000.0	0.0	7.5	-32.6618994941	-9.97314411588	-1.50607067098	-3.09581399931	1000.0	1000.0	1000.0	1000.0
9.7	3.44444272158	5.25238673248	0.148053690362	0.328005381461	0.0	0.4	10.8	0.21	0.001	0.0	0.0	0.0	0.0	2.58140354243e-16	0.116568937382	0.0	0.461279353523	-1.83378157699	3.2712449401	0.493999284942	-0.189537349085	0.464597322283	5.5907057647	-9.97314411588	-1.50607067098	0.577848290905	0.21	0.328005381461	0.015	10.0	15.0	-1000.0	-9.97152288077	-15.0	1000.0	0.0	0.1	1000.0	0.0	7.5	-34.4444272158	-9.97152288077	-1.48053690362	-3.28005381461	1000.0	1000.0	1000.0	1000.0
9.8	3.63361809429	4.91562379668	0.145445799882	0.347483986798	0.0	0.4	10.8	0.21	0.001	0.0	0.0	0.0	0.0	0.0	0.114592639599	0.0	0.462167265219	-1.9464201735	3.46494452506	0.514462865872	-0.200414831151	0.484156500885	5.60146725446	-9.97152288077	-1.48053690362	0.576759904818	0.21	0.347483986798	0.015	10.0	15.0	-1000.0	-9.96957788584	-15.0	1000.0	0.0	0.1	1000.0	0.0	7.5	-36.3361809429	-9.96957788584	-1.45445799882	-3.47483986798	1000.0	1000.0	1000.0	1000.0
9.9	3.83439997988	4.55895734726	0.142779171417	0.368077543346	0.0	0.4	10.8	0.21	0.001	0.0	0.0	0.0	0.0	0.0	0.112574148515	0.0	0.46305909729	-2.06575285805	3.66957773641	0.535353327105	-0.211877670984	0.504156214376	5.61227625916	-9.96957788584	-1.45445799882	0.575633245806	0.21	0.368077543346	0.015	10.0	15.0	-1000.0	-9.96720564085	-15.0	1000.0	0.0	0.1	1000.0	0.0	7.5	-38.3439997988	-9.96720564085	-1.42779171417	-3.68077543346	1000.0	1000.0	1000.0	1000.0
10.0	4.04747501949	4.18127108362	0.140058843851	0.389845543212	0.0	0.4	10.8	0.21	0.001	0.0	0.0	0.0	0.0	0.0	0.110510194595	0.0	0.463951076442	-2.19213542416	3.88567069737	0.556618236403	-0.223951166262	0.524558671119	5.62308704648	-9.96720564085	-1.42779171417	0.574461271037	0.21	0.389845543212	0.015	10.0	15.0	-1000.0	-9.96425397764	-15.0	1000.0	0.0	0.1	1000.0	0.0	7.5	-40.4747501949	-9.96425397764	-1.40058843851	-3.89845543212	1000.0	1000.0	1000.0	1000.0
10.1	4.27356299813	3.78139784436	0.137288816692	0.412850030653	0.0	0.4	10.8	0.21	0.001	0.0	0.0	0.0	0.0	0.0	0.108404677903	0.0	0.464833371018	-2.32590643426	4.11374256011	0.578232979771	-0.236661346069	0.545333874806	5.63378045674	-9.96425397764	-1.40058843851	0.573238048921	0.21	0.412850030653	0.015	10.0	15.0	-1000.0	-9.96048886177	-15.0	1000.0	0.0	0.1	1000.0	0.0	7.5	-42.7356299813	-9.96048886177	-1.37288816692	-4.12850030653	1000.0	1000.0	1000.0	1000.0
10.2	4.51341543406	3.35812235355	0.134473144218	0.437155431975	0.0	0.4	10.8	0.21	0.001	0.0	0.0	0.0	0.0	1.1063158039e-16	0.106260694034	0.0	0.465692287894	-2.46738854898	4.35428181105	0.600165519665	-0.250032352884	0.566451418363	5.64419052928	-9.96048886177	-1.37288816692	0.571952981929	0.21	0.437155431975	0.015	10.0	15.0	-1000.0	-9.95553081558	-15.0	1000.0	0.0	0.1	1000.0	0.0	7.5	-45.1341543406	-9.95553081558	-1.34473144218	-4.37155431975	1000.0	1000.0	1000.0	1000.0
10.3	4.76781160028	2.91018774574	0.131616480004	0.462828204799	0.0	0.4	10.8	0.21	0.001	0.0	0.0	0.0	0.0	3.68771934633e-17	0.104081380974	0.0	0.466506549744	-2.61685815401	4.6077004552	0.622379639322	-0.264084187654	0.587876399972	5.65405938289	-9.95553081558	-1.34473144218	0.570587930718	0.21	0.462828204799	0.015	10.0	15.0	-1000.0	-9.94872124013	-15.0	1000.0	0.0	0.1	1000.0	0.0	7.5	-47.6781160028	-9.94872124013	-1.31616480004	-4.62828204799	1000.0	1000.0	1000.0	1000.0
10.4	5.03754743909	2.43631344782	0.128723414212	0.489935892419	0.0	0.4	10.8	0.21	0.001	0.0	0.0	0.0	0.0	0.0	0.10187034056	0.0	0.467240136164	-2.77448268259	4.87423561921	0.644836375876	-0.278827649298	0.609574393406	5.6629504503	-9.94872124013	-1.31616480004	0.569110476724	0.21	0.489935892419	0.015	10.0	15.0	-1000.0	-9.93880831514	-15.0	1000.0	0.0	0.1	1000.0	0.0	7.5	-50.3754743909	-9.93880831514	-1.28723414212	-4.89935892419	1000.0	1000.0	1000.0	1000.0
10.5	5.32341173389	1.93523345008	0.125799033389	0.518545108682	0.0	0.4	10.8	0.21	0.001	0.0	0.0	0.0	0.0	0.0	0.0996311255515	0.0	0.467826202154	-2.94017854474	5.15372043794	0.667488968127	-0.294252221667	0.631507249585	5.67005357011	-9.93880831514	-1.28723414212	0.567457327705	0.21	0.518545108682	0.015	10.0	15.0	-1000.0	-9.92308613105	-15.0	1000.0	0.0	0.1	1000.0	0.0	7.5	-53.2341173389	-9.92308613105	-1.25799033389	-5.18545108682	1000.0	1000.0	1000.0	1000.0
10.6	5.62612765584	1.40578916781	0.122851016025	0.548716702676	0.0	0.4	10.8	0.21	0.001	0.0	0.0	0.0	0.0	2.2126316078e-16	0.0973676729015	0.0	0.468122098045	-3.11322093876	5.4449631022	0.690280308009	-0.310293682511	0.653617379812	5.6736398283	-9.92308613105	-1.25799033389	0.565489770946	0.21	0.548716702676	0.015	10.0	15.0	-1000.0	-9.89442487077	-15.0	1000.0	0.0	0.1	1000.0	0.0	7.5	-56.2612765584	-9.89442487077	-1.22851016025	-5.48716702676	1000.0	1000.0	1000.0	1000.0
10.7	5.94615451634	0.847246016264	0.11988274682	0.580489187217	0.0	0.4	10.8	0.21	0.001	0.0	0.0	0.0	0.0	5.5315790195e-17	0.095085925716	0.0	0.467754134867	-3.29089775691	5.74360665121	0.713136864412	-0.326722569301	0.675879398847	5.66918011459	-9.89442487077	-1.22851016025	0.562840060583	0.21	0.580489187217	0.015	10.0	15.0	-1000.0	-9.82603572858	-15.0	1000.0	0.0	0.1	1000.0	0.0	7.5	-59.4615451634	-8.47246016264	-1.1988274682	-5.80489187217	1000.0	1000.0	1000.0	1000.0
10.8	6.23092160255	0.343204326077	0.117110784507	0.609504974141	0.0	0.4	10.8	0.21	0.001	0.0	0.0	0.0	0.0	0.0	0.092788503731	0.0	0.39493920527	-2.91749501035	5.16400661234	0.730691305007	-0.297272464662	0.696669116198	4.78666316787	-8.47246016264	-1.1988274682	0.487727709001	0.21	0.609504974141	0.015	10.0	15.0	-1000.0	-9.58124458841	-15.0	1000.0	0.0	0.1	1000.0	0.0	7.5	-62.3092160255	-3.43204326077	-1.17110784507	-6.09504974141	1000.0	1000.0	1000.0	1000.0
10.9	6.330948285	0.131640106903	0.115267839253	0.623345581883	0.0	0.4	10.8	0.21	0.001	0.0	0.0	0.0	0.0	0.0	0.0906430220641	0.0	0.133882489446	-1.01147530644	2.13934900343	0.730004901132	-0.13995698562	0.710491205606	1.62265577208	-3.43204326077	-1.17110784507	0.22452551151	0.21	0.623345581883	0.015	10.0	15.0	-1000.0	-8.97708748877	-15.0	1000.0	0.0	0.1	1000.0	0.0	7.5	-63.30948285	-1.31640106903	-1.15267839253	-6.23345581883	1000.0	1000.0	1000.0	1000.0
11.0	6.34961506899	0.0491098137163	0.114378901434	0.630479080179	0.0	0.4	10.8	0.21	0.001	0.0	0.0	0.0	0.0	3.68771934633e-17	0.0892165938487	0.0	0.0245664114002	-0.18772193457	0.829963335151	0.726739612661	-0.0717378044893	0.717158239246	0.29774490617	-1.31640106903	-1.15267839253	0.113783005249	0.21	0.630479080179	0.015	10.0	15.0	-1000.0	-7.66026460998	-15.0	1000.0	0.0	0.1	1000.0	0.0	7.5	-63.4961506899	-0.491098137163	-1.14378901434	-6.30479080179	1000.0	1000.0	1000.0	1000.0
11.1	6.3159024465	0.0180445295628	0.113912598079	0.634617936157	0.0	0.4	10.8	0.21	0.001	0.0	0.0	0.0	0.0	0.0135163278269	0.0519131223217	0.0	0.0	0.338218871478	0.311659686257	0.725869023679	-0.0415227026172	0.720655514409	-0.532948806215	-0.491098137163	-1.14378901434	0.0654294501486	0.21	0.634617936157	0.015	10.0	15.0	-1000.0	-5.4606707378	-15.0	1000.0	0.0	0.1	1000.0	0.0	7.5	-63.159024465	-0.180445295628	-1.13912598079	-6.34617936157	1000.0	1000.0	1000.0	1000.0
11.2	6.25193639543	0.00656724254508	0.113626568085	0.637453448632	0.0	0.4	10.8	0.21	0.001	0.0	0.0	0.0	0.0	0.0255052206546	0.0190745555632	0.0	0.0	0.641068351783	0.115025475988	0.72613978488	-0.0284175320893	0.722800739362	-1.00567085041	-0.180445295628	-1.13912598079	0.0445797762178	0.21	0.637453448632	0.015	10.0	15.0	-1000.0	-3.04500797047	-15.0	1000.0	0.0	0.1	1000.0	0.0	7.5	-62.5193639543	-0.0656724254508	-1.13626568085	-6.37453448632	1000.0	1000.0	1000.0	1000.0
11.3	6.17663739574	0.00237309423572	0.113414344676	0.639806492737	0.0	0.4	10.8	0.21	0.001	0.0	0.0	0.0	0.0	0.029902100888	0.00694211685526	0.0	0.0	0.754357343558	0.0420176441972	0.726990160083	-0.023573169732	0.72439241493	-1.17903983801	-0.0656724254508	-1.13626568085	0.0368442177433	0.21	0.639806492737	0.015	10.0	15.0	-1000.0	-1.36595945634	-15.0	1000.0	0.0	0.1	1000.0	0.0	7.5	-61.7663739574	-0.0237309423572	-1.13414344676	-6.39806492737	1000.0	1000.0	1000.0	1000.0
11.4	6.09708551848	0.000852090201966	0.113228919412	0.64198482238	0.0	0.4	10.8	0.21	0.001	0.0	0.0	0.0	0.0	0.0314780828484	0.00250855627454	0.0	0.0	0.796819239738	0.0152349048141	0.728102879222	-0.0218189064806	0.725783104409	-1.24118080671	-0.0237309423572	-1.13414344676	0.0339866391229	0.21	0.64198482238	0.015	10.0	15.0	-1000.0	-0.537525456334	-15.0	1000.0	0.0	0.1	1000.0	0.0	7.5	-60.9708551848	-0.00852090201966	-1.13228919412	-6.4198482238	1000.0	1000.0	1000.0	1000.0
11.5	6.01589659862	0.000304125073215	0.113054170312	0.644101811481	0.0	0.4	10.8	0.21	0.001	0.0	0.0	0.0	0.0	0.0320186219338	0.000900729600387	0.0	0.0	0.813174841687	0.00548832842631	0.729309521054	-0.021203413956	0.727093722661	-1.26249426285	-0.00852090201966	-1.13228919412	0.0329193515342	0.21	0.644101811481	0.015	10.0	15.0	-1000.0	-0.198720979971	-15.0	1000.0	0.0	0.1	1000.0	0.0	7.5	-60.1589659862	-0.00304125073215	-1.13054170312	-6.44101811481	1000.0	1000.0	1000.0	1000.0
11.6	5.93402476248	0.000107906566877	0.112883204199	0.646198937776	0.0	0.4	10.8	0.21	0.001	0.0	0.0	0.0	0.0	0.0321825175235	0.00032148527824	0.0	0.0	0.819998449622	0.00196525299262	0.730554847666	-0.021004052084	0.728375968505	-1.26895666595	-0.00304125073215	-1.13054170312	0.0325040028018	0.21	0.646198937776	0.015	10.0	15.0	-1000.0	-0.071423904033	-15.0	1000.0	0.0	0.1	1000.0	0.0	7.5	-59.3402476248	-0.00107906566877	-1.12883204199	-6.46198937776	1000.0	1000.0	1000.0	1000.0
11.7	5.85181636699	3.80602765126e-05	0.112713722822	0.648291241102	0.0	0.4	10.8	0.21	0.001	0.0	0.0	0.0	0.0	0.0322102373567	0.000114066138348	0.0	0.0	0.823362069679	0.000699548821639	0.731811925499	-0.0209555628306	0.729647078834	-1.27004965898	-0.00107906566877	-1.12883204199	0.0323243034951	0.21	0.648291241102	0.015	10.0	15.0	-1000.0	-0.0253092990803	-15.0	1000.0	0.0	0.1	1000.0	0.0	7.5	-58.5181636699	-0.000380602765126	-1.12713722822	-6.48291241102	1000.0	1000.0	1000.0	1000.0
11.8	5.76939635357	1.33447751159e-05	0.112544898257	0.650384140658	0.0	0.4	10.8	0.21	0.001	0.0	0.0	0.0	0.0	0.032189069137	4.02328504361e-05	0.0	0.0	0.82547730453	0.000247538002328	0.733072177581	-0.0209614268771	0.73091326307	-1.26921499607	-0.000380602765126	-1.12713722822	0.0322293019874	0.21	0.650384140658	0.015	10.0	15.0	-1000.0	-0.00888860897804	-15.0	1000.0	0.0	0.1	1000.0	0.0	7.5	-57.6939635357	-0.000133447751159	-1.12544898257	-6.50384140658	1000.0	1000.0	1000.0	1000.0
11.9	5.68680956269	4.6510152432e-06	0.112376428591	0.652479576294	0.0	0.4	10.8	0.21	0.001	0.0	0.0	0.0	0.0	0.0321504778925	1.41065276066e-05	0.0	0.0	0.827144015508	8.70719321334e-05	0.73433247529	-0.0209867344141	0.732176785567	-1.2676933433	-0.000133447751159	-1.12544898257	0.0321645844201	0.21	0.652479576294	0.015	10.0	15.0	-1000.0	-0.00309971570713	-15.0	1000.0	0.0	0.1	1000.0	0.0	7.5	-56.8680956269	-4.6510152432e-05	-1.12376428591	-6.52479576294	1000.0	1000.0	1000.0	1000.0
12.0	5.60407202401	1.61124365934e-06	0.112208413228	0.654578237432	0.0	0.4	10.8	0.21	0.001	0.0	0.0	0.0	0.0	0.0321057361327	4.91650659958e-06	0.0	0.0	0.828649688553	3.04445336016e-05	0.735591645561	-0.0210189344075	0.733436900791	-1.26592917571	-4.6510152432e-05	-1.12376428591	0.0321106526393	0.21	0.654578237432	0.015	10.0	15.0	-1000.0	-0.00107404706946	-15.0	1000.0	0.0	0.1	1000.0	0.0	7.5	-56.0407202401	-1.61124365934e-05	-1.12208413228	-6.54578237432	1000.0	1000.0	1000.0	1000.0
12.1	5.52118954038	5.54795133678e-07	0.112040505208	0.656680364924	0.0	0.4	10.8	0.21	0.001	0.0	0.0	0.0	0.0	0.032058917906	1.70321739888e-06	0.0	0.0	0.830098573095	1.0580720742e-05	0.73685061746	-0.021053580379	0.734696210943	-1.26408313303	-1.61124365934e-05	-1.12208413228	0.0320606211234	0.21	0.656680364924	0.015	10.0	15.0	-1000.0	-0.000369849743063	-15.0	1000.0	0.0	0.1	1000.0	0.0	7.5	-55.2118954038	-5.54795133678e-06	-1.12040505208	-6.56680364924	1000.0	1000.0	1000.0	1000.0
12.2	5.43816444447	1.89863782663e-07	0.111872809204	0.658786036163	0.0	0.4	10.8	0.21	0.001	0.0	0.0	0.0	0.0	0.0320113564274	5.86464200505e-07	0.0	0.0	0.831524862791	3.65491286998e-06	0.738107203154	-0.0210890209674	0.735953930973	-1.26220778393	-5.54795133678e-06	-1.12040505208	0.0320119428916	0.21	0.658786036163	0.015	10.0	15.0	-1000.0	-0.000126574252984	-15.0	1000.0	0.0	0.1	1000.0	0.0	7.5	-54.3816444447	-1.89863782663e-06	-1.11872809204	-6.58786036163	1000.0	1000.0	1000.0	1000.0
12.3	5.3549976397	6.45756674948e-08	0.111705329469	0.660895276006	0.0	0.4	10.8	0.21	0.001	0.0	0.0	0.0	0.0	0.0319635856849	2.00701673005e-07	0.0	0.0	0.832942299147	1.25480077046e-06	0.739362111162	-0.0211247154261	0.737210028982	-1.26032418355	-1.89863782663e-06	-1.11872809204	0.0319637863866	0.21	0.660895276006	0.015	10.0	15.0	-1000.0	-4.30502596633e-05	-15.0	1000.0	0.0	0.1	1000.0	0.0	7.5	-53.549976397	-6.45756674948e-07	-1.11705329469	-6.60895276006	1000.0	1000.0	1000.0	1000.0
12.4	5.27168949045	6.45756674948e-08	0.111538067557	0.663008087298	0.0	0.4	10.8	0.21	0.001	0.0	0.0	0.0	0.0	0.0319158084197	0.0	0.0	0.0	0.834356113513	0.0	0.740615368323	-0.0211604390949	0.738464493325	-1.25844032599	0.0	-1.11705329469	0.0319158084197	0.21	0.663008087298	0.015	10.0	15.0	-1000.0	-4.30502596633e-05	-15.0	1000.0	0.0	0.1	1000.0	0.0	7.5	-52.7168949045	-6.45756674948e-07	-1.11538067557	-6.63008087298	1000.0	1000.0	1000.0	1000.0
12.5	5.18824037458	6.45756674948e-08	0.111371023795	0.665124473701	0.0	0.4	10.8	0.21	0.001	0.0	0.0	0.0	0.0	0.0318680193019	0.0	0.0	0.0	0.83576614889	0.0	0.741866984812	-0.0211961995661	0.739717321539	-1.25655600107	0.0	-1.11538067557	0.0318680193019	0.21	0.665124473701	0.015	10.0	15.0	-1000.0	-4.30502596633e-05	-15.0	1000.0	0.0	0.1	1000.0	0.0	7.5	-51.8824037458	-6.45756674948e-07	-1.11371023795	-6.65124473701	1000.0	1000.0	1000.0	1000.0
12.6	5.10465047697	6.45756674948e-08	0.111204198602	0.667244430526	0.0	0.4	10.8	0.21	0.001	0.0	0.0	0.0	0.0	0.0318202925128	0.0	0.0	0.0	0.837174327889	0.0	0.74311695349	-0.0212319129569	0.740968510481	-1.25467413378	0.0	-1.11371023795	0.0318202925128	0.21	0.667244430526	0.015	10.0	15.0	-1000.0	-4.30502596633e-05	-15.0	1000.0	0.0	0.1	1000.0	0.0	7.5	-51.0465047697	-6.45756674948e-07	-1.11204198602	-6.67244430526	1000.0	1000.0	1000.0	1000.0
12.7	5.02091998325	6.45756674948e-08	0.111037592634	0.669367953065	0.0	0.4	10.8	0.21	0.001	0.0	0.0	0.0	0.0	0.0317726281721	0.0	0.0	0.0	0.838580643246	0.0	0.744365267908	-0.0212675790831	0.742218055247	-1.25279472883	0.0	-1.11204198602	0.0317726281721	0.21	0.669367953065	0.015	10.0	15.0	-1000.0	-4.30502596633e-05	-15.0	1000.0	0.0	0.1	1000.0	0.0	7.5	-50.2091998325	-6.45756674948e-07	-1.11037592634	-6.69367953065	1000.0	1000.0	1000.0	1000.0
12.8	4.93704907959	6.45756674948e-08	0.110871206535	0.671495036597	0.0	0.4	10.8	0.21	0.001	0.0	0.0	0.0	0.0	0.0317250264668	0.0	0.0	0.0	0.839985089583	0.0	0.745611923292	-0.0213031978084	0.74346595099	-1.25091779359	0.0	-1.11037592634	0.0317250264668	0.21	0.671495036597	0.015	10.0	15.0	-1000.0	-4.30502596633e-05	-15.0	1000.0	0.0	0.1	1000.0	0.0	7.5	-49.3704907959	-6.45756674948e-07	-1.10871206535	-6.71495036597	1000.0	1000.0	1000.0	1000.0
12.9	4.8530379527	6.45756674948e-08	0.110705040943	0.673625676386	0.0	0.4	10.8	0.21	0.001	0.0	0.0	0.0	0.0	0.0316774875813	0.0	0.0	0.0	0.841387661599	0.0	0.746856914937	-0.0213387689982	0.744712192927	-1.24904333533	0.0	-1.10871206535	0.0316774875813	0.21	0.673625676386	0.015	10.0	15.0	-1000.0	-4.30502596633e-05	-15.0	1000.0	0.0	0.1	1000.0	0.0	7.5	-48.530379527	-6.45756674948e-07	-1.10705040943	-6.73625676386	1000.0	1000.0	1000.0	1000.0
13.0	4.76888678981	6.45756674948e-08	0.110539096488	0.675759867684	0.0	0.4	10.8	0.21	0.001	0.0	0.0	0.0	0.0	0.031630011698	0.0	0.0	0.0	0.842788354059	0.0	0.748100238196	-0.0213742925199	0.745956776341	-1.24717136125	0.0	-1.10705040943	0.031630011698	0.21	0.675759867684	0.015	10.0	15.0	-1000.0	-4.30502596633e-05	-15.0	1000.0	0.0	0.1	1000.0	0.0	7.5	-47.6888678981	-6.45756674948e-07	-1.10539096488	-6.75759867684	1000.0	1000.0	1000.0	1000.0
13.1	4.68459577867	6.45756674948e-08	0.11037337379	0.67789760573	0.0	0.4	10.8	0.21	0.001	0.0	0.0	0.0	0.0	0.0315825989965	0.0	0.0	0.0	0.844187161801	0.0	0.749341888487	-0.0214097682425	0.747199696573	-1.24530187843	0.0	-1.10539096488	0.0315825989965	0.21	0.67789760573	0.015	10.0	15.0	-1000.0	-4.30502596633e-05	-15.0	1000.0	0.0	0.1	1000.0	0.0	7.5	-46.8459577867	-6.45756674948e-07	-1.1037337379	-6.7789760573	1000.0	1000.0	1000.0	1000.0
13.2	4.60016510753	6.45756674948e-08	0.110207873463	0.680038885749	0.0	0.4	10.8	0.21	0.001	0.0	0.0	0.0	0.0	0.0315352496544	0.0	0.0	0.0	0.84558407973	0.0	0.750581861287	-0.0214451960368	0.748440949026	-1.24343489387	0.0	-1.1037337379	0.0315352496544	0.21	0.680038885749	0.015	10.0	15.0	-1000.0	-4.30502596633e-05	-15.0	1000.0	0.0	0.1	1000.0	0.0	7.5	-46.0016510753	-6.45756674948e-07	-1.10207873463	-6.80038885749	1000.0	1000.0	1000.0	1000.0
13.3	4.51559496516	6.45756674948e-08	0.110042596111	0.682183702953	0.0	0.4	10.8	0.21	0.001	0.0	0.0	0.0	0.0	0.0314879638466	0.0	0.0	0.0	0.846979102822	0.0	0.751820152137	-0.0214805757754	0.749680529166	-1.24157041447	0.0	-1.10207873463	0.0314879638466	0.21	0.682183702953	0.015	10.0	15.0	-1000.0	-4.30502596633e-05	-15.0	1000.0	0.0	0.1	1000.0	0.0	7.5	-45.1559496516	-6.45756674948e-07	-1.10042596111	-6.82183702953	1000.0	1000.0	1000.0	1000.0
13.4	4.43088554082	6.45756674948e-08	0.10987754233	0.684332052543	0.0	0.4	10.8	0.21	0.001	0.0	0.0	0.0	0.0	0.031440741746	0.0	0.0	0.0	0.848372226122	0.0	0.753056756639	-0.0215159073325	0.750918432523	-1.23970844705	0.0	-1.10042596111	0.031440741746	0.21	0.684332052543	0.015	10.0	15.0	-1000.0	-4.30502596633e-05	-15.0	1000.0	0.0	0.1	1000.0	0.0	7.5	-44.3088554082	-6.45756674948e-07	-1.0987754233	-6.84332052543	1000.0	1000.0	1000.0	1000.0
13.5	4.34603702428	6.45756674948e-08	0.109712712709	0.686483929706	0.0	0.4	10.8	0.21	0.001	0.0	0.0	0.0	0.0	0.0313935835229	0.0	0.0	0.0	0.849763444742	0.0	0.754291670453	-0.0215511905844	0.752154654683	-1.23784899831	0.0	-1.0987754233	0.0313935835229	0.21	0.686483929706	0.015	10.0	15.0	-1000.0	-4.30502596633e-05	-15.0	1000.0	0.0	0.1	1000.0	0.0	7.5	-43.4603702428	-6.45756674948e-07	-1.09712712709	-6.86483929706	1000.0	1000.0	1000.0	1000.0
13.6	4.26104960578	6.45756674948e-08	0.109548107827	0.688639329618	0.0	0.4	10.8	0.21	0.001	0.0	0.0	0.0	0.0	0.0313464893454	0.0	0.0	0.0	0.851152753865	0.0	0.755524889304	-0.0215864254087	0.753389191296	-1.23599207489	0.0	-1.09712712709	0.0313464893454	0.21	0.688639329618	0.015	10.0	15.0	-1000.0	-4.30502596633e-05	-15.0	1000.0	0.0	0.1	1000.0	0.0	7.5	-42.6104960578	-6.45756674948e-07	-1.09548107827	-6.88639329618	1000.0	1000.0	1000.0	1000.0
13.7	4.17592347602	6.45756674948e-08	0.109383728257	0.690798247441	0.0	0.4	10.8	0.21	0.001	0.0	0.0	0.0	0.0	0.0312994593792	0.0	0.0	0.0	0.852540148739	0.0	0.756756408975	-0.021621611685	0.754622038073	-1.23413768332	0.0	-1.09548107827	0.0312994593792	0.21	0.690798247441	0.015	10.0	15.0	-1000.0	-4.30502596633e-05	-15.0	1000.0	0.0	0.1	1000.0	0.0	7.5	-41.7592347602	-6.45756674948e-07	-1.09383728257	-6.90798247441	1000.0	1000.0	1000.0	1000.0
13.8	4.0906588262	6.45756674948e-08	0.109219574562	0.692960678326	0.0	0.4	10.8	0.21	0.001	0.0	0.0	0.0	0.0	0.0312524937877	0.0	0.0	0.0	0.853925624683	0.0	0.757986225308	-0.0216567492945	0.755853190783	-1.23228583005	0.0	-1.09383728257	0.0312524937877	0.21	0.692960678326	0.015	10.0	15.0	-1000.0	-4.30502596633e-05	-15.0	1000.0	0.0	0.1	1000.0	0.0	7.5	-40.906588262	-6.45756674948e-07	-1.09219574562	-6.92960678326	1000.0	1000.0	1000.0	1000.0
13.9	4.00525584797	6.45756674948e-08	0.109055647299	0.695126617414	0.0	0.4	10.8	0.21	0.001	0.0	0.0	0.0	0.0	0.0312055927321	0.0	0.0	0.0	0.855309177081	0.0	0.759214334208	-0.0216918381202	0.757082645259	-1.23043652143	0.0	-1.09219574562	0.0312055927321	0.21	0.695126617414	0.015	10.0	15.0	-1000.0	-4.30502596633e-05	-15.0	1000.0	0.0	0.1	1000.0	0.0	7.5	-40.0525584797	-6.45756674948e-07	-1.09055647299	-6.95126617414	1000.0	1000.0	1000.0	1000.0
14.0	3.91971473345	6.45756674948e-08	0.108891947014	0.697296059831	0.0	0.4	10.8	0.21	0.001	0.0	0.0	0.0	0.0	0.0311587563711	0.0	0.0	0.0	0.856690801385	0.0	0.760440731638	-0.0217268780468	0.758310397392	-1.22858976371	0.0	-1.09055647299	0.0311587563711	0.21	0.697296059831	0.015	10.0	15.0	-1000.0	-4.30502596633e-05	-15.0	1000.0	0.0	0.1	1000.0	0.0	7.5	-39.1971473345	-6.45756674948e-07	-1.08891947014	-6.97296059831	1000.0	1000.0	1000.0	1000.0
14.1	3.8340356752	6.45756674948e-08	0.108728474249	0.699469000695	0.0	0.4	10.8	0.21	0.001	0.0	0.0	0.0	0.0	0.0311119848613	0.0	0.0	0.0	0.858070493115	0.0	0.761665413619	-0.0217618689606	0.75953644313	-1.22674556308	0.0	-1.08891947014	0.0311119848613	0.21	0.699469000695	0.015	10.0	15.0	-1000.0	-4.30502596633e-05	-15.0	1000.0	0.0	0.1	1000.0	0.0	7.5	-38.340356752	-6.45756674948e-07	-1.08728474249	-6.99469000695	1000.0	1000.0	1000.0	1000.0
14.2	3.74821886622	6.45756674948e-08	0.108565229535	0.70164543511	0.0	0.4	10.8	0.21	0.001	0.0	0.0	0.0	0.0	0.0310652783569	0.0	0.0	0.0	0.859448247855	0.0	0.762888376235	-0.0217968107496	0.760760778486	-1.22490392561	0.0	-1.08728474249	0.0310652783569	0.21	0.70164543511	0.015	10.0	15.0	-1000.0	-4.30502596633e-05	-15.0	1000.0	0.0	0.1	1000.0	0.0	7.5	-37.4821886622	-6.45756674948e-07	-1.08565229535	-7.0164543511	1000.0	1000.0	1000.0	1000.0
14.3	3.66226449996	6.45756674948e-08	0.108402213396	0.70382535817	0.0	0.4	10.8	0.21	0.001	0.0	0.0	0.0	0.0	0.0310186370101	0.0	0.0	0.0	0.860824061259	0.0	0.764109615624	-0.0218317033036	0.761983399528	-1.22306485731	0.0	-1.08565229535	0.0310186370101	0.21	0.70382535817	0.015	10.0	15.0	-1000.0	-4.30502596633e-05	-15.0	1000.0	0.0	0.1	1000.0	0.0	7.5	-36.6226449996	-6.45756674948e-07	-1.08402213396	-7.0382535817	1000.0	1000.0	1000.0	1000.0
14.4	3.5761727703	6.45756674948e-08	0.108239426349	0.706008764958	0.0	0.4	10.8	0.21	0.001	0.0	0.0	0.0	0.0	0.0309720609704	0.0	0.0	0.0	0.862197929043	0.0	0.765329127987	-0.0218665465139	0.763204302384	-1.22122836406	0.0	-1.08402213396	0.0309720609704	0.21	0.706008764958	0.015	10.0	15.0	-1000.0	-4.30502596633e-05	-15.0	1000.0	0.0	0.1	1000.0	0.0	7.5	-35.761727703	-6.45756674948e-07	-1.08239426349	-7.06008764958	1000.0	1000.0	1000.0	1000.0
14.5	3.48994387153	6.45756674948e-08	0.108076868901	0.708195650547	0.0	0.4	10.8	0.21	0.001	0.0	0.0	0.0	0.0	0.0309255503854	0.0	0.0	0.0	0.863569846992	0.0	0.76654690958	-0.0219013402737	0.764423483241	-1.2193944517	0.0	-1.08239426349	0.0309255503854	0.21	0.708195650547	0.015	10.0	15.0	-1000.0	-4.30502596633e-05	-15.0	1000.0	0.0	0.1	1000.0	0.0	7.5	-34.8994387153	-6.45756674948e-07	-1.08076868901	-7.08195650547	1000.0	1000.0	1000.0	1000.0
14.6	3.40357799838	6.45756674948e-08	0.107914541554	0.710386009998	0.0	0.4	10.8	0.21	0.001	0.0	0.0	0.0	0.0	0.0308791054003	0.0	0.0	0.0	0.864939810954	0.0	0.767762956718	-0.0219360844777	0.765640938346	-1.21756312594	0.0	-1.08076868901	0.0308791054003	0.21	0.710386009998	0.015	10.0	15.0	-1000.0	-4.30502596633e-05	-15.0	1000.0	0.0	0.1	1000.0	0.0	7.5	-34.0357799838	-6.45756674948e-07	-1.07914541554	-7.10386009998	1000.0	1000.0	1000.0	1000.0
14.7	3.31707534597	6.45756674948e-08	0.1077524448	0.712579838363	0.0	0.4	10.8	0.21	0.001	0.0	0.0	0.0	0.0	0.0308327261582	0.0	0.0	0.0	0.866307816842	0.0	0.768977265774	-0.0219707790221	0.766856664002	-1.21573439242	0.0	-1.07914541554	0.0308327261582	0.21	0.712579838363	0.015	10.0	15.0	-1000.0	-4.30502596633e-05	-15.0	1000.0	0.0	0.1	1000.0	0.0	7.5	-33.1707534597	-6.45756674948e-07	-1.077524448	-7.12579838363	1000.0	1000.0	1000.0	1000.0
14.8	3.23043610984	6.45756674948e-08	0.107590579124	0.714777130681	0.0	0.4	10.8	0.21	0.001	0.0	0.0	0.0	0.0	0.0307864127999	0.0	0.0	0.0	0.867673860635	0.0	0.770189833179	-0.0220054238051	0.76807065657	-1.2139082567	0.0	-1.077524448	0.0307864127999	0.21	0.714777130681	0.015	10.0	15.0	-1000.0	-4.30502596633e-05	-15.0	1000.0	0.0	0.1	1000.0	0.0	7.5	-32.3043610984	-6.45756674948e-07	-1.07590579124	-7.14777130681	1000.0	1000.0	1000.0	1000.0
14.9	3.14366048593	6.45756674948e-08	0.107428945004	0.716977881985	0.0	0.4	10.8	0.21	0.001	0.0	0.0	0.0	0.0	0.030740165464	0.0	0.0	0.0	0.869037938376	0.0	0.771400655419	-0.0220400187263	0.769282912471	-1.21208472425	0.0	-1.07590579124	0.030740165464	0.21	0.716977881985	0.015	10.0	15.0	-1000.0	-4.30502596633e-05	-15.0	1000.0	0.0	0.1	1000.0	0.0	7.5	-31.4366048593	-6.45756674948e-07	-1.07428945004	-7.16977881985	1000.0	1000.0	1000.0	1000.0
15.0	3.05674867057	6.45756674948e-08	0.107267542909	0.719182087295	0.0	0.4	10.8	0.21	0.001	0.0	0.0	0.0	0.0	0.0306939842868	0.0	0.0	0.0	0.870400046171	0.0	0.772609729038	-0.0220745636868	0.770493428181	-1.21026380043	0.0	-1.07428945004	0.0306939842868	0.21	0.719182087295	0.015	10.0	15.0	-1000.0	-4.30502596633e-05	-15.0	1000.0	0.0	0.1	1000.0	0.0	7.5	-30.5674867057	-6.45756674948e-07	-1.07267542909	-7.19182087295	1000.0	1000.0	1000.0	1000.0
15.1	2.96970086046	6.45756674948e-08	0.107106373302	0.721389741622	0.0	0.4	10.8	0.21	0.001	0.0	0.0	0.0	0.0	0.0306478694026	0.0	0.0	0.0	0.871760180189	0.0	0.773817050637	-0.0221090585896	0.771702200235	-1.20844549055	0.0	-1.07267542909	0.0306478694026	0.21	0.721389741622	0.015	10.0	15.0	-1000.0	-4.30502596633e-05	-15.0	1000.0	0.0	0.1	1000.0	0.0	7.5	-29.6970086046	-6.45756674948e-07	-1.07106373302	-7.21389741622	1000.0	1000.0	1000.0	1000.0
15.2	2.88251725271	6.45756674948e-08	0.106945436637	0.723600839967	0.0	0.4	10.8	0.21	0.001	0.0	0.0	0.0	0.0	0.0306018209434	0.0	0.0	0.0	0.873118336664	0.0	0.775022616871	-0.0221435033392	0.772909225225	-1.2066297998	0.0	-1.07106373302	0.0306018209434	0.21	0.723600839967	0.015	10.0	15.0	-1000.0	-4.30502596633e-05	-15.0	1000.0	0.0	0.1	1000.0	0.0	7.5	-28.8251725271	-6.45756674948e-07	-1.06945436637	-7.23600839967	1000.0	1000.0	1000.0	1000.0
15.3	2.79519804479	6.45756674948e-08	0.10678473336	0.725815377322	0.0	0.4	10.8	0.21	0.001	0.0	0.0	0.0	0.0	0.030555839039	0.0	0.0	0.0	0.874474511891	0.0	0.776226424453	-0.0221778978415	0.7741144998	-1.20481673331	0.0	-1.06945436637	0.030555839039	0.21	0.725815377322	0.015	10.0	15.0	-1000.0	-4.30502596633e-05	-15.0	1000.0	0.0	0.1	1000.0	0.0	7.5	-27.9519804479	-6.45756674948e-07	-1.0678473336	-7.25815377322	1000.0	1000.0	1000.0	1000.0
15.4	2.70774343452	6.45756674948e-08	0.106624263911	0.728033348671	0.0	0.4	10.8	0.21	0.001	0.0	0.0	0.0	0.0	0.0305099238171	0.0	0.0	0.0	0.875828702229	0.0	0.77742847015	-0.0222122420043	0.775318020665	-1.20300629611	0.0	-1.0678473336	0.0305099238171	0.21	0.728033348671	0.015	10.0	15.0	-1000.0	-4.30502596633e-05	-15.0	1000.0	0.0	0.1	1000.0	0.0	7.5	-27.0774343452	-6.45756674948e-07	-1.06624263911	-7.28033348671	1000.0	1000.0	1000.0	1000.0
15.5	2.62015362012	6.45756674948e-08	0.106464028722	0.730254748985	0.0	0.4	10.8	0.21	0.001	0.0	0.0	0.0	0.0	0.0304640754032	0.0	0.0	0.0	0.877180904097	0.0	0.778628750783	-0.0222465357367	0.776519784582	-1.20119849315	0.0	-1.06624263911	0.0304640754032	0.21	0.730254748985	0.015	10.0	15.0	-1000.0	-4.30502596633e-05	-15.0	1000.0	0.0	0.1	1000.0	0.0	7.5	-26.2015362012	-6.45756674948e-07	-1.06464028722	-7.30254748985	1000.0	1000.0	1000.0	1000.0
15.6	2.53242880012	6.45756674948e-08	0.106304028217	0.732479573231	0.0	0.4	10.8	0.21	0.001	0.0	0.0	0.0	0.0	0.0304182939207	0.0	0.0	0.0	0.878531113976	0.0	0.77982726323	-0.0222807789494	0.77771978837	-1.19939332929	0.0	-1.06464028722	0.0304182939207	0.21	0.732479573231	0.015	10.0	15.0	-1000.0	-4.30502596633e-05	-15.0	1000.0	0.0	0.1	1000.0	0.0	7.5	-25.3242880012	-6.45756674948e-07	-1.06304028217	-7.32479573231	1000.0	1000.0	1000.0	1000.0
15.7	2.44456917345	6.45756674948e-08	0.106144262813	0.734707816362	0.0	0.4	10.8	0.21	0.001	0.0	0.0	0.0	0.0	0.0303725794907	0.0	0.0	0.0	0.879879328408	0.0	0.78102400442	-0.0223149715549	0.778918028905	-1.19759080932	0.0	-1.06304028217	0.0303725794907	0.21	0.734707816362	0.015	10.0	15.0	-1000.0	-4.30502596633e-05	-15.0	1000.0	0.0	0.1	1000.0	0.0	7.5	-24.4456917345	-6.45756674948e-07	-1.06144262813	-7.34707816362	1000.0	1000.0	1000.0	1000.0
15.8	2.35657493936	6.45756674948e-08	0.105984732918	0.736939473326	0.0	0.4	10.8	0.21	0.001	0.0	0.0	0.0	0.0	0.0303269322322	0.0	0.0	0.0	0.881225543996	0.0	0.782218971338	-0.0223491134668	0.780114503118	-1.19579093792	0.0	-1.06144262813	0.0303269322322	0.21	0.736939473326	0.015	10.0	15.0	-1000.0	-4.30502596633e-05	-15.0	1000.0	0.0	0.1	1000.0	0.0	7.5	-23.5657493936	-6.45756674948e-07	-1.05984732918	-7.36939473326	1000.0	1000.0	1000.0	1000.0
15.9	2.26844629742	6.45756674948e-08	0.105825438934	0.739174539061	0.0	0.4	10.8	0.21	0.001	0.0	0.0	0.0	0.0	0.0302813522622	0.0	0.0	0.0	0.8825697574	0.0	0.783412161019	-0.0223832046006	0.781309207997	-1.1939937197	0.0	-1.05984732918	0.0302813522622	0.21	0.739174539061	0.015	10.0	15.0	-1000.0	-4.30502596633e-05	-15.0	1000.0	0.0	0.1	1000.0	0.0	7.5	-22.6844629742	-6.45756674948e-07	-1.05825438934	-7.39174539061	1000.0	1000.0	1000.0	1000.0
16.0	2.18018344757	6.45756674948e-08	0.105666381255	0.741413008497	0.0	0.4	10.8	0.21	0.001	0.0	0.0	0.0	0.0	0.0302358396953	0.0	0.0	0.0	0.88391196534	0.0	0.784603570553	-0.022417244873	0.782502140589	-1.19219915919	0.0	-1.05825438934	0.0302358396953	0.21	0.741413008497	0.015	10.0	15.0	-1000.0	-4.30502596633e-05	-15.0	1000.0	0.0	0.1	1000.0	0.0	7.5	-21.8018344757	-6.45756674948e-07	-1.05666381255	-7.41413008497	1000.0	1000.0	1000.0	1000.0
16.1	2.09178659005	6.45756674948e-08	0.105507560267	0.743654876555	0.0	0.4	10.8	0.21	0.001	0.0	0.0	0.0	0.0	0.0301903946442	0.0	0.0	0.0	0.885252164596	0.0	0.78579319708	-0.0224512342023	0.783693297996	-1.19040726082	0.0	-1.05666381255	0.0301903946442	0.21	0.743654876555	0.015	10.0	15.0	-1000.0	-4.30502596633e-05	-15.0	1000.0	0.0	0.1	1000.0	0.0	7.5	-20.9178659005	-6.45756674948e-07	-1.05507560267	-7.43654876555	1000.0	1000.0	1000.0	1000.0
16.2	2.00325592545	6.45756674948e-08	0.10534897635	0.745900138147	0.0	0.4	10.8	0.21	0.001	0.0	0.0	0.0	0.0	0.0301450172192	0.0	0.0	0.0	0.886590352001	0.0	0.786981037789	-0.0224851725083	0.784882677376	-1.18861802895	0.0	-1.05507560267	0.0301450172192	0.21	0.745900138147	0.015	10.0	15.0	-1000.0	-4.30502596633e-05	-15.0	1000.0	0.0	0.1	1000.0	0.0	7.5	-20.0325592545	-6.45756674948e-07	-1.0534897635	-7.45900138147	1000.0	1000.0	1000.0	1000.0
16.3	1.91459165466	6.45756674948e-08	0.105190629873	0.74814878818	0.0	0.4	10.8	0.21	0.001	0.0	0.0	0.0	0.0	0.0300997075285	0.0	0.0	0.0	0.887926524446	0.0	0.788167089922	-0.022519059712	0.786070275949	-1.18683146785	0.0	-1.0534897635	0.0300997075285	0.21	0.74814878818	0.015	10.0	15.0	-1000.0	-4.30502596633e-05	-15.0	1000.0	0.0	0.1	1000.0	0.0	7.5	-19.1459165466	-6.45756674948e-07	-1.05190629873	-7.4814878818	1000.0	1000.0	1000.0	1000.0
16.4	1.82579397889	6.45756674948e-08	0.105032521201	0.75040082155	0.0	0.4	10.8	0.21	0.001	0.0	0.0	0.0	0.0	0.0300544656781	0.0	0.0	0.0	0.889260678875	0.0	0.789351350764	-0.0225528957361	0.787256090993	-1.18504758169	0.0	-1.05190629873	0.0300544656781	0.21	0.75040082155	0.015	10.0	15.0	-1000.0	-4.30502596633e-05	-15.0	1000.0	0.0	0.1	1000.0	0.0	7.5	-18.2579397889	-6.45756674948e-07	-1.05032521201	-7.5040082155	1000.0	1000.0	1000.0	1000.0
16.5	1.73686309965	6.45756674948e-08	0.104874650687	0.752656233146	0.0	0.4	10.8	0.21	0.001	0.0	0.0	0.0	0.0	0.0300092917717	0.0	0.0	0.0	0.890592812283	0.0	0.790533817649	-0.0225866805043	0.788440119847	-1.18326637456	0.0	-1.05032521201	0.0300092917717	0.21	0.752656233146	0.015	10.0	15.0	-1000.0	-4.30502596633e-05	-15.0	1000.0	0.0	0.1	1000.0	0.0	7.5	-17.3686309965	-6.45756674948e-07	-1.04874650687	-7.52656233146	1000.0	1000.0	1000.0	1000.0
16.6	1.6477992188	6.45756674948e-08	0.104717018678	0.75491501785	0.0	0.4	10.8	0.21	0.001	0.0	0.0	0.0	0.0	0.0299641859106	0.0	0.0	0.0	0.891922921715	0.0	0.791714487954	-0.0226204139415	0.789622359914	-1.18148785045	0.0	-1.04874650687	0.0299641859106	0.21	0.75491501785	0.015	10.0	15.0	-1000.0	-4.30502596633e-05	-15.0	1000.0	0.0	0.1	1000.0	0.0	7.5	-16.477992188	-6.45756674948e-07	-1.04717018678	-7.5491501785	1000.0	1000.0	1000.0	1000.0
16.7	1.55860253845	6.45756674948e-08	0.104559625512	0.757177170534	0.0	0.4	10.8	0.21	0.001	0.0	0.0	0.0	0.0	0.0299191481938	0.0	0.0	0.0	0.89325100426	0.0	0.792893359095	-0.0226540959741	0.790802808663	-1.17971201328	0.0	-1.04717018678	0.0299191481938	0.21	0.757177170534	0.015	10.0	15.0	-1000.0	-4.30502596633e-05	-15.0	1000.0	0.0	0.1	1000.0	0.0	7.5	-15.5860253845	-6.45756674948e-07	-1.04559625512	-7.57177170534	1000.0	1000.0	1000.0	1000.0
16.8	1.46927326106	6.45756674948e-08	0.104402471515	0.759442686065	0.0	0.4	10.8	0.21	0.001	0.0	0.0	0.0	0.0	0.0298741787176	0.0	0.0	0.0	0.89457705705	0.0	0.794070428525	-0.0226877265293	0.791981463635	-1.17793886684	0.0	-1.04559625512	0.0298741787176	0.21	0.759442686065	0.015	10.0	15.0	-1000.0	-4.30502596633e-05	-15.0	1000.0	0.0	0.1	1000.0	0.0	7.5	-14.6927326106	-6.45756674948e-07	-1.04402471515	-7.59442686065	1000.0	1000.0	1000.0	1000.0
16.9	1.37981158938	6.45756674948e-08	0.104245557006	0.761711559301	0.0	0.4	10.8	0.21	0.001	0.0	0.0	0.0	0.0	0.0298292775758	0.0	0.0	0.0	0.895901077248	0.0	0.795245693728	-0.0227213055351	0.793158322452	-1.17616841481	0.0	-1.04402471515	0.0298292775758	0.21	0.761711559301	0.015	10.0	15.0	-1000.0	-4.30502596633e-05	-15.0	1000.0	0.0	0.1	1000.0	0.0	7.5	-13.7981158938	-6.45756674948e-07	-1.04245557006	-7.61711559301	1000.0	1000.0	1000.0	1000.0
17.0	1.2902177265	6.45756674948e-08	0.10408888229	0.76398378509	0.0	0.4	10.8	0.21	0.001	0.0	0.0	0.0	0.0	0.029784444859	0.0	0.0	0.0	0.897223062042	0.0	0.796419152206	-0.0227548329202	0.794333382823	-1.17440066079	0.0	-1.04245557006	0.029784444859	0.21	0.76398378509	0.015	10.0	15.0	-1000.0	-4.30502596633e-05	-15.0	1000.0	0.0	0.1	1000.0	0.0	7.5	-12.902177265	-6.45756674948e-07	-1.0408888229	-7.6398378509	1000.0	1000.0	1000.0	1000.0
17.1	1.20049187579	6.45756674948e-08	0.103932447658	0.766259358276	0.0	0.4	10.8	0.21	0.001	0.0	0.0	0.0	0.0	0.0297396806543	0.0	0.0	0.0	0.898543008631	0.0	0.797590801473	-0.0227883086135	0.795506642566	-1.1726356082	0.0	-1.0408888229	0.0297396806543	0.21	0.766259358276	0.015	10.0	15.0	-1000.0	-4.30502596633e-05	-15.0	1000.0	0.0	0.1	1000.0	0.0	7.5	-12.0049187579	-6.45756674948e-07	-1.03932447658	-7.66259358276	1000.0	1000.0	1000.0	1000.0
17.2	1.11063424099	6.45756674948e-08	0.103776253383	0.76853827369	0.0	0.4	10.8	0.21	0.001	0.0	0.0	0.0	0.0	0.0296949850451	0.0	0.0	0.0	0.899860914203	0.0	0.798760639034	-0.0228217325438	0.796678099629	-1.17087326033	0.0	-1.03932447658	0.0296949850451	0.21	0.76853827369	0.015	10.0	15.0	-1000.0	-4.30502596633e-05	-15.0	1000.0	0.0	0.1	1000.0	0.0	7.5	-11.1063424099	-6.45756674948e-07	-1.03776253383	-7.6853827369	1000.0	1000.0	1000.0	1000.0
17.3	1.02064502623	6.45756674948e-08	0.103620299716	0.770820526157	0.0	0.4	10.8	0.21	0.001	0.0	0.0	0.0	0.0	0.0296503581094	0.0	0.0	0.0	0.901176775901	0.0	0.799928662352	-0.0228551046386	0.79784775213	-1.16911362025	0.0	-1.03776253383	0.0296503581094	0.21	0.770820526157	0.015	10.0	15.0	-1000.0	-4.30502596633e-05	-15.0	1000.0	0.0	0.1	1000.0	0.0	7.5	-10.2064502623	-6.45756674948e-07	-1.03620299716	-7.70820526157	1000.0	1000.0	1000.0	1000.0
17.4	0.930524436009	6.45756674948e-08	0.103464586877	0.773106110489	0.0	0.4	10.8	0.21	0.001	0.0	0.0	0.0	0.0	0.0296057999189	0.0	0.0	0.0	0.902490590779	0.0	0.801094868812	-0.0228884248232	0.799015598425	-1.1673566908	0.0	-1.03620299716	0.0296057999189	0.21	0.773106110489	0.015	10.0	15.0	-1000.0	-4.30502596633e-05	-15.0	1000.0	0.0	0.1	1000.0	0.0	7.5	-9.30524436009	-6.45756674948e-07	-1.03464586877	-7.73106110489	1000.0	1000.0	1000.0	1000.0
17.5	0.840272675352	6.45756674948e-08	0.103309115038	0.775395021488	0.0	0.4	10.8	0.21	0.001	0.0	0.0	0.0	0.0	0.0295613105362	0.0	0.0	0.0	0.903802355716	0.0	0.802259255645	-0.0229216930184	0.800181637212	-1.16560247444	0.0	-1.03464586877	0.0295613105362	0.21	0.775395021488	0.015	10.0	15.0	-1000.0	-4.30502596633e-05	-15.0	1000.0	0.0	0.1	1000.0	0.0	7.5	-8.40272675352	-6.45756674948e-07	-1.03309115038	-7.75395021488	1000.0	1000.0	1000.0	1000.0
17.6	0.749889949884	6.45756674948e-08	0.103153884304	0.777687253937	0.0	0.4	10.8	0.21	0.001	0.0	0.0	0.0	0.0	0.029516890011	0.0	0.0	0.0	0.905112067287	0.0	0.803421819808	-0.0229549091374	0.80134586772	-1.16385097313	0.0	-1.03309115038	0.029516890011	0.21	0.777687253937	0.015	10.0	15.0	-1000.0	-4.30502596633e-05	-15.0	1000.0	0.0	0.1	1000.0	0.0	7.5	-7.49889949884	-6.45756674948e-07	-1.03153884304	-7.77687253937	1000.0	1000.0	1000.0	1000.0
17.7	0.659376466068	6.45756674948e-08	0.102998894661	0.7799828026	0.0	0.4	10.8	0.21	0.001	0.0	0.0	0.0	0.0	0.0294725383726	0.0	0.0	0.0	0.906419721528	0.0	0.804582557785	-0.0229880730796	0.802508290043	-1.16210218803	0.0	-1.03153884304	0.0294725383726	0.21	0.7799828026	0.015	10.0	15.0	-1000.0	-4.30502596633e-05	-15.0	1000.0	0.0	0.1	1000.0	0.0	7.5	-6.59376466068	-6.45756674948e-07	-1.02998894661	-7.799828026	1000.0	1000.0	1000.0	1000.0
17.8	0.568732431585	6.45756674948e-08	0.102844145898	0.782281662212	0.0	0.4	10.8	0.21	0.001	0.0	0.0	0.0	0.0	0.0294282556174	0.0	0.0	0.0	0.907725313525	0.0	0.805741465213	-0.0230211847204	0.803668905761	-1.16035611899	0.0	-1.02998894661	0.0294282556174	0.21	0.782281662212	0.015	10.0	15.0	-1000.0	-4.30502596633e-05	-15.0	1000.0	0.0	0.1	1000.0	0.0	7.5	-5.68732431585	-6.45756674948e-07	-1.02844145898	-7.82281662212	1000.0	1000.0	1000.0	1000.0
17.9	0.477958056068	6.45756674948e-08	0.102689637446	0.784583827455	0.0	0.4	10.8	0.21	0.001	0.0	0.0	0.0	0.0	0.0293840416853	0.0	0.0	0.0	0.909028836643	0.0	0.806898536203	-0.0230542438915	0.804827719154	-1.15861276365	0.0	-1.02844145898	0.0293840416853	0.21	0.784583827455	0.015	10.0	15.0	-1000.0	-4.30502596633e-05	-15.0	1000.0	0.0	0.1	1000.0	0.0	7.5	-4.77958056068	-6.45756674948e-07	-1.02689637446	-7.84583827455	1000.0	1000.0	1000.0	1000.0
18.0	0.387053552573	6.45756674948e-08	0.102535368048	0.786889292925	0.0	0.4	10.8	0.21	0.001	0.0	0.0	0.0	0.0	0.0293398964132	0.0	0.0	0.0	0.910330281027	0.0	0.808053762007	-0.0230872503431	0.805984739636	-1.15687211557	0.0	-1.02689637446	0.0293398964132	0.21	0.786889292925	0.015	10.0	15.0	-1000.0	-4.30502596633e-05	-15.0	1000.0	0.0	0.1	1000.0	0.0	7.5	-3.87053552573	-6.45756674948e-07	-1.02535368048	-7.86889292925	1000.0	1000.0	1000.0	1000.0
18.1	0.296019140759	6.45756674948e-08	0.102381335099	0.789198053052	0.0	0.4	10.8	0.21	0.001	0.0	0.0	0.0	0.0	0.0292958194424	0.0	0.0	0.0	0.911629630571	0.0	0.809207128329	-0.0231202036665	0.80713998676	-1.15513416061	0.0	-1.02535368048	0.0292958194424	0.21	0.789198053052	0.015	10.0	15.0	-1000.0	-4.30502596633e-05	-15.0	1000.0	0.0	0.1	1000.0	0.0	7.5	-2.96019140759	-6.45756674948e-07	-1.02381335099	-7.89198053052	1000.0	1000.0	1000.0	1000.0
18.2	0.204855054409	6.45756674948e-08	0.102227533269	0.791510101907	0.0	0.4	10.8	0.21	0.001	0.0	0.0	0.0	0.0	0.0292518100282	0.0	0.0	0.0	0.912926856667	0.0	0.810358609773	-0.0231531031364	0.808293500481	-1.15339886941	0.0	-1.02381335099	0.0292518100282	0.21	0.791510101907	0.015	10.0	15.0	-1000.0	-4.30502596633e-05	-15.0	1000.0	0.0	0.1	1000.0	0.0	7.5	-2.04855054409	-6.45756674948e-07	-1.02227533269	-7.91510101907	1000.0	1000.0	1000.0	1000.0
18.3	0.113561619568	6.45756674948e-08	0.102073756691	0.793825431221	0.0	0.4	10.8	0.21	0.001	0.0	0.0	0.0	0.0	0.0292078666483	0.0	0.0	0.0	0.914221903504	0.0	0.8115081568	-0.0231859473372	0.809446824816	-1.15166618194	0.0	-1.02227533269	0.0292078666483	0.21	0.793825431221	0.015	10.0	15.0	-1000.0	-4.30502596633e-05	-15.0	1000.0	0.0	0.1	1000.0	0.0	7.5	-1.13561619568	-6.45756674948e-07	-1.02073756691	-7.93825431221	1000.0	1000.0	1000.0	1000.0
18.4	0.0232819988772	6.45756674948e-08	0.102633942134	0.796115048788	0.0	0.4	10.8	0.21	0.001	0.0	0.0	0.0	0.0	0.0288008165275	0.0	0.0	0.0	0.904081143027	0.0	0.802506720922	-0.0229287634549	0.805245433993	-1.13561619568	0.0	-1.00802857846	0.0288008165275	0.21	0.796115048788	0.015	10.0	15.0	-1000.0	-4.30502596633e-05	-15.0	1000.0	0.0	0.1	1000.0	0.0	7.5	-0.232819988772	-6.45756674948e-07	-1.02633942134	-7.96115048788	1000.0	1000.0	1000.0	1000.0
18.5	0.00474137505852	6.45756674948e-08	0.147699910295	0.796585264964	0.0	0.4	10.8	0.21	0.001	0.0	0.0	0.0	0.0	0.00590464085142	0.0	0.0	0.0	0.185460972445	0.0	0.1646242464	-0.00470354989715	0.467250672791	-0.232819988772	0.0	-0.2066624298	0.00590464085142	0.21	0.796585264964	0.015	10.0	15.0	-1000.0	-4.30502596633e-05	-15.0	1000.0	0.0	0.1	1000.0	0.0	7.5	-0.0474137505852	-6.45756674948e-07	-1.47699910295	-7.96585264964	1000.0	1000.0	1000.0	1000.0
18.6	0.000964238380999	6.45756674948e-08	0.178223150927	0.796681058438	0.0	0.4	10.8	0.21	0.001	0.0	0.0	0.0	0.0	0.00120247909169	0.0	0.0	0.0	0.0377736370007	0.0	0.033529731043	-0.000957992315515	0.238326368047	-0.0474137505852	0.0	-0.042086768209	0.00120247909169	0.21	0.796681058438	0.015	10.0	15.0	-1000.0	-4.30502596633e-05	-15.0	1000.0	0.0	0.1	1000.0	0.0	7.5	-0.00964238380999	-6.45756674948e-07	-1.78223150927	-7.96681058438	1000.0	1000.0	1000.0	1000.0
18.7	0.000196038527238	6.45756674948e-08	0.194515706781	0.796700541062	0.0	0.4	10.8	0.21	0.001	0.0	0.0	0.0	0.0	0.000244544352269	0.0	0.0	0.0	0.00768209239854	0.0	0.00681900162184	-0.000194828617767	0.116132199139	-0.00964238380999	0.0	-0.00855905232943	0.000244544352269	0.21	0.796700541062	0.015	10.0	15.0	-1000.0	-4.30502596633e-05	-15.0	1000.0	0.0	0.1	1000.0	0.0	7.5	-0.00196038527238	-6.45756674948e-07	-1.94515706781	-7.96700541062	1000.0	1000.0	1000.0	1000.0
18.8	3.98541376334e-05	6.45756674948e-08	0.202599908751	0.796704502117	0.0	0.4	10.8	0.21	0.001	0.0	0.0	0.0	0.0	4.97181149476e-05	0.0	0.0	0.0	0.00156184777239	0.0	0.00138637261054	-3.96106460155e-05	0.0555006843708	-0.00196038527238	0.0	-0.00174013402316	4.97181149476e-05	0.21	0.796704502117	0.015	10.0	15.0	-1000.0	-4.30502596633e-05	-15.0	1000.0	0.0	0.1	1000.0	0.0	7.5	-0.000398541376334	-6.45756674948e-07	-2.02599908751	-7.96704502117	1000.0	1000.0	1000.0	1000.0
18.9	8.10215059954e-06	6.45756674948e-08	0.206489983342	0.796705307392	0.0	0.4	10.8	0.21	0.001	0.0	0.0	0.0	0.0	1.01075672415e-05	0.0	0.0	0.0	0.000317520029741	0.0	0.000281846336316	-8.05275246616e-06	0.0263251249355	-0.000398541376334	0.0	-0.000353764853454	1.01075672415e-05	0.21	0.796705307392	0.015	10.0	15.0	-1000.0	-4.30502596633e-05	-15.0	1000.0	0.0	0.1	1000.0	0.0	7.5	-8.10215059954e-05	-6.45756674948e-07	-2.06489983342	-7.96705307392	1000.0	1000.0	1000.0	1000.0
19.0	1.64712354466e-06	6.45756674948e-08	0.208339614358	0.7967054711	0.0	0.4	10.8	0.21	0.001	0.0	0.0	0.0	0.0	2.05481881804e-06	0.0	0.0	0.0	6.45502771033e-05	0.0	5.72979888059e-05	-1.63708539445e-06	0.0124528923175	-8.10215059954e-05	0.0	-7.19186586315e-05	2.05481881804e-06	0.21	0.7967054711	0.015	10.0	15.0	-1000.0	-4.30502596633e-05	-15.0	1000.0	0.0	0.1	1000.0	0.0	7.5	-1.64712354466e-05	-6.45756674948e-07	-2.08339614358	-7.967054711	1000.0	1000.0	1000.0	1000.0
19.1	3.34851177119e-07	6.45756674948e-08	0.209216856877	0.796705504381	0.0	0.4	10.8	0.21	0.001	0.0	0.0	0.0	0.0	4.17733589821e-07	0.0	0.0	0.0	1.31227239443e-05	0.0	1.16483727631e-05	-3.32810650375e-07	0.005873573424	-1.64712354466e-05	0.0	-1.46206756437e-05	4.17733589821e-07	0.21	0.796705504381	0.015	10.0	15.0	-1000.0	-4.30502596633e-05	-15.0	1000.0	0.0	0.1	1000.0	0.0	7.5	-3.34851177119e-06	-6.45756674948e-07	-2.09216856877	-7.96705504381	1000.0	1000.0	1000.0	1000.0
19.2	6.80733999911e-08	6.45756674948e-08	0.209629787134	0.796705511147	0.0	0.4	10.8	0.21	0.001	0.0	0.0	0.0	0.0	8.4922946264e-08	0.0	0.0	0.0	2.66777778225e-06	0.0	2.3680502759e-06	-6.76585793114e-08	0.00277659649843	-3.34851177119e-06	0.0	-2.97230311924e-06	8.4922946264e-08	0.21	0.796705511147	0.015	10.0	15.0	-1000.0	-4.30502596633e-05	-15.0	1000.0	0.0	0.1	1000.0	0.0	7.5	-6.80733999911e-07	-6.45756674948e-07	-2.09629787134	-7.96705511147	1000.0	1000.0	1000.0	1000.0
19.3	6.80733999911e-08	6.45756674948e-08	0.209823733755	0.796705511147	0.0	0.4	10.8	0.21	0.001	0.0	0.0	0.0	0.0	0.0	0.0	0.0	0.0	0.0	0.0	0.0	0.0	0.00132199683736	0.0	0.0	0.0	0.0	0.21	0.796705511147	0.015	10.0	15.0	-1000.0	-4.30502596633e-05	-15.0	1000.0	0.0	0.1	1000.0	0.0	7.5	-6.80733999911e-07	-6.45756674948e-07	-2.09823733755	-7.96705511147	1000.0	1000.0	1000.0	1000.0
19.4	6.80733999911e-08	6.45756674948e-08	0.209915606993	0.796705511147	0.0	0.4	10.8	0.21	0.001	0.0	0.0	0.0	0.0	0.0	0.0	0.0	0.0	0.0	0.0	0.0	0.0	0.000632947555109	0.0	0.0	0.0	0.0	0.21	0.796705511147	0.015	10.0	15.0	-1000.0	-4.30502596633e-05	-15.0	1000.0	0.0	0.1	1000.0	0.0	7.5	-6.80733999911e-07	-6.45756674948e-07	-2.09915606993	-7.96705511147	1000.0	1000.0	1000.0	1000.0
19.5	6.80733999911e-08	6.45756674948e-08	0.209958988764	0.796705511147	0.0	0.4	10.8	0.21	0.001	0.0	0.0	0.0	0.0	0.0	0.0	0.0	0.0	0.0	0.0	0.0	0.0	0.000307584270194	0.0	0.0	0.0	0.0	0.21	0.796705511147	0.015	10.0	15.0	-1000.0	-4.30502596633e-05	-15.0	1000.0	0.0	0.1	1000.0	0.0	7.5	-6.80733999911e-07	-6.45756674948e-07	-2.09958988764	-7.96705511147	1000.0	1000.0	1000.0	1000.0
19.6	6.80733999911e-08	6.45756674948e-08	0.209979631174	0.796705511147	0.0	0.4	10.8	0.21	0.001	0.0	0.0	0.0	0.0	0.0	0.0	0.0	0.0	0.0	0.0	0.0	0.0	0.000152766193623	0.0	0.0	0.0	0.0	0.21	0.796705511147	0.015	10.0	15.0	-1000.0	-4.30502596633e-05	-15.0	1000.0	0.0	0.1	1000.0	0.0	7.5	-6.80733999911e-07	-6.45756674948e-07	-2.09979631174	-7.96705511147	1000.0	1000.0	1000.0	1000.0
19.7	6.80733999911e-08	6.45756674948e-08	0.209989690503	0.796705511147	0.0	0.4	10.8	0.21	0.001	0.0	0.0	0.0	0.0	0.0	0.0	0.0	0.0	0.0	0.0	0.0	0.0	7.73212265036e-05	0.0	0.0	0.0	0.0	0.21	0.796705511147	0.015	10.0	15.0	-1000.0	-4.30502596633e-05	-15.0	1000.0	0.0	0.1	1000.0	0.0	7.5	-6.80733999911e-07	-6.45756674948e-07	-2.09989690503	-7.96705511147	1000.0	1000.0	1000.0	1000.0
19.8	6.80733999911e-08	6.45756674948e-08	0.209994715566	0.796705511147	0.0	0.4	10.8	0.21	0.001	0.0	0.0	0.0	0.0	0.0	0.0	0.0	0.0	0.0	0.0	0.0	0.0	3.96332573852e-05	0.0	0.0	0.0	0.0	0.21	0.796705511147	0.015	10.0	15.0	-1000.0	-4.30502596633e-05	-15.0	1000.0	0.0	0.1	1000.0	0.0	7.5	-6.80733999911e-07	-6.45756674948e-07	-2.09994715566	-7.96705511147	1000.0	1000.0	1000.0	1000.0
19.9	6.80733999911e-08	6.45756674948e-08	0.209997255431	0.796705511147	0.0	0.4	10.8	0.21	0.001	0.0	0.0	0.0	0.0	0.0	0.0	0.0	0.0	0.0	0.0	0.0	0.0	2.05842678284e-05	0.0	0.0	0.0	0.0	0.21	0.796705511147	0.015	10.0	15.0	-1000.0	-4.30502596633e-05	-15.0	1000.0	0.0	0.1	1000.0	0.0	7.5	-6.80733999911e-07	-6.45756674948e-07	-2.09997255431	-7.96705511147	1000.0	1000.0	1000.0	1000.0
20.0	6.80733999911e-08	6.45756674948e-08	0.209998555396	0.796705511147	0.0	0.4	10.8	0.21	0.001	0.0	0.0	0.0	0.0	0.0	0.0	0.0	0.0	0.0	0.0	0.0	0.0	1.08345286468e-05	0.0	0.0	0.0	0.0	0.21	0.796705511147	0.015	10.0	15.0	-1000.0	-4.30502596633e-05	-15.0	1000.0	0.0	0.1	1000.0	0.0	7.5	-6.80733999911e-07	-6.45756674948e-07	-2.09998555396	-7.96705511147	1000.0	1000.0	1000.0	1000.0
