<?xml version='1.0' encoding='UTF-8' standalone='no'?>
<sbml xmlns="http://www.sbml.org/sbml/level2/version4" level="2" version="4">
  <model name="SABIOmdl30May2016554">
<notes><body xmlns="http://www.w3.org/1999/xhtml">
<p>
This model has been created with the help of the SABIO-RK Database
(http://sabio.h-its.org/) 
 (c) 2005-2016 HITS gGmbH http://www.h-its.org

</p><br/>
To cite SABIO-RK Database, please use
"http://www.ncbi.nlm.nih.gov/pubmed/22102587"
<br/>
SABIO-RK - database for biochemical reaction kinetics. Wittig U, Kania R, Golebiewski M, Rey M, Shi L, Jong L, Algaa E, Weidemann A, Sauer-Danzwith H, Mir S, Krebs O, Bittkowski M, Wetsch E, Rojas I, Mueller W. Nucleic Acids Res. 2012;40(Database issue)790-6
</body></notes>
      <listOfFunctionDefinitions>
      <functionDefinition id="KL_22401" sboTerm="SBO:0000029">
        <math xmlns="http://www.w3.org/1998/Math/MathML">        
          <lambda>
            <bvar>
              <ci> Vmax </ci>
            </bvar>
            <bvar>
              <ci> E </ci>
            </bvar>
            <bvar>
              <ci> A </ci>
            </bvar>
            <bvar>
              <ci> Km </ci>
            </bvar>
            <bvar>
              <ci> B </ci>
            </bvar>
            <apply>
              <divide/>
              <apply>
                <times/>
                <ci> Vmax </ci>
                <ci> A </ci>
              </apply>
              <apply>
                <plus/>
                <ci> Km </ci>
                <ci> A </ci>
              </apply>
            </apply>
          </lambda>
        </math>
      </functionDefinition>
      <functionDefinition id="KL_2616" sboTerm="SBO:0000439">
        <math xmlns="http://www.w3.org/1998/Math/MathML">        
          <lambda>
            <bvar>
              <ci> P </ci>
            </bvar>
            <bvar>
              <ci> Kp </ci>
            </bvar>
            <bvar>
              <ci> Ks </ci>
            </bvar>
            <bvar>
              <ci> Keq </ci>
            </bvar>
            <bvar>
              <ci> V </ci>
            </bvar>
            <bvar>
              <ci> S </ci>
            </bvar>
            <apply>
              <divide/>
              <apply>
                <times/>
                <ci> V </ci>
                <apply>
                  <minus/>
                  <ci> S </ci>
                  <apply>
                    <divide/>
                    <ci> P </ci>
                    <ci> Keq </ci>
                  </apply>
                </apply>
              </apply>
              <apply>
                <times/>
                <ci> Ks </ci>
                <apply>
                  <plus/>
                  <apply>
                    <plus/>
                    <cn type="integer"> 1 </cn>
                    <apply>
                      <divide/>
                      <ci> S </ci>
                      <ci> Ks </ci>
                    </apply>
                  </apply>
                  <apply>
                    <divide/>
                    <ci> P </ci>
                    <ci> Kp </ci>
                  </apply>
                </apply>
              </apply>
            </apply>
          </lambda>
        </math>
      </functionDefinition>
      <functionDefinition id="KL_4642" sboTerm="SBO:0000433">
        <math xmlns="http://www.w3.org/1998/Math/MathML">        
          <lambda>
            <bvar>
              <ci> Kb </ci>
            </bvar>
            <bvar>
              <ci> V </ci>
            </bvar>
            <bvar>
              <ci> B </ci>
            </bvar>
            <bvar>
              <ci> A </ci>
            </bvar>
            <bvar>
              <ci> Kia </ci>
            </bvar>
            <bvar>
              <ci> Ka </ci>
            </bvar>
            <apply>
              <divide/>
              <apply>
                <times/>
                <apply>
                  <times/>
                  <ci> V </ci>
                  <ci> A </ci>
                </apply>
                <ci> B </ci>
              </apply>
              <apply>
                <plus/>
                <apply>
                  <plus/>
                  <apply>
                    <plus/>
                    <apply>
                      <times/>
                      <ci> Kia </ci>
                      <ci> Kb </ci>
                    </apply>
                    <apply>
                      <times/>
                      <ci> Ka </ci>
                      <ci> B </ci>
                    </apply>
                  </apply>
                  <apply>
                    <times/>
                    <ci> Kb </ci>
                    <ci> A </ci>
                  </apply>
                </apply>
                <apply>
                  <times/>
                  <ci> A </ci>
                  <ci> B </ci>
                </apply>
              </apply>
            </apply>
          </lambda>
        </math>
      </functionDefinition>
    </listOfFunctionDefinitions>
    <listOfUnitDefinitions>
      <unitDefinition id="moldivs" name="mol/s">
        <listOfUnits>
          <unit scale="0" exponent="1" multiplier="1" kind="mole"/>
          <unit scale="0" exponent="-1" multiplier="1" kind="second"/>
        </listOfUnits>
      </unitDefinition>
      <unitDefinition id="M" name="M">
        <listOfUnits>
          <unit scale="0" exponent="-1" multiplier="1" kind="litre"/>
          <unit scale="0" exponent="1" multiplier="1" kind="mole"/>
        </listOfUnits>
      </unitDefinition>
      <unitDefinition id="molswedgeonegwedgeone" name="mol*s^(-1)*g^(-1)">
        <listOfUnits>
          <unit scale="0" exponent="-1" multiplier="1" kind="gram"/>
          <unit scale="0" exponent="1" multiplier="1" kind="mole"/>
          <unit scale="0" exponent="-1" multiplier="1" kind="second"/>
        </listOfUnits>
      </unitDefinition>
      <unitDefinition id="katgwedgeone" name="katal*g^(-1)">
        <listOfUnits>
          <unit scale="0" exponent="-1" multiplier="1" kind="gram"/>
          <unit scale="0" exponent="1" multiplier="1" kind="katal"/>
        </listOfUnits>
      </unitDefinition>
    </listOfUnitDefinitions>
    <listOfCompartments>
      <compartment id="compart_Cell" constant="true" name="Cell"/>
    </listOfCompartments>
    <listOfSpecies>
      <species id="SPC_34_Cell" initialConcentration="1" constant="false" hasOnlySubstanceUnits="false" name="ATP" metaid="META_SPC_34_Cell" boundaryCondition="false" compartment="compart_Cell">
        <annotation>
          <rdf:RDF xmlns:rdf="http://www.w3.org/1999/02/22-rdf-syntax-ns#" xmlns:bqbiol="http://biomodels.net/biology-qualifiers/" xmlns:bqmodel="http://biomodels.net/model-qualifiers/">
            <rdf:Description rdf:about="#META_SPC_34_Cell">
              <bqbiol:is>
                <rdf:Bag>
                  <rdf:li rdf:resource="http://identifiers.org/chebi/CHEBI:15422"/>
                  <rdf:li rdf:resource="http://identifiers.org/chebi/CHEBI:30616"/>
                  <rdf:li rdf:resource="http://identifiers.org/kegg.compound/C00002"/>
                </rdf:Bag>
              </bqbiol:is>
            </rdf:Description>
          </rdf:RDF>
        </annotation>
</species>
      <species id="SPC_1407_Cell" initialConcentration="1" constant="false" hasOnlySubstanceUnits="false" name="D-Glucose" metaid="META_SPC_1407_Cell" boundaryCondition="false" compartment="compart_Cell">
        <annotation>
          <rdf:RDF xmlns:rdf="http://www.w3.org/1999/02/22-rdf-syntax-ns#" xmlns:bqbiol="http://biomodels.net/biology-qualifiers/" xmlns:bqmodel="http://biomodels.net/model-qualifiers/">
            <rdf:Description rdf:about="#META_SPC_1407_Cell">
              <bqbiol:is>
                <rdf:Bag>
                  <rdf:li rdf:resource="http://identifiers.org/chebi/CHEBI:4167"/>
                  <rdf:li rdf:resource="http://identifiers.org/chebi/CHEBI:17634"/>
                  <rdf:li rdf:resource="http://identifiers.org/kegg.compound/C00031"/>
                </rdf:Bag>
              </bqbiol:is>
            </rdf:Description>
          </rdf:RDF>
        </annotation>
</species>
      <species id="SPC_35_Cell" initialConcentration="1" constant="false" hasOnlySubstanceUnits="false" name="ADP" metaid="META_SPC_35_Cell" boundaryCondition="false" compartment="compart_Cell">
        <annotation>
          <rdf:RDF xmlns:rdf="http://www.w3.org/1999/02/22-rdf-syntax-ns#" xmlns:bqbiol="http://biomodels.net/biology-qualifiers/" xmlns:bqmodel="http://biomodels.net/model-qualifiers/">
            <rdf:Description rdf:about="#META_SPC_35_Cell">
              <bqbiol:is>
                <rdf:Bag>
                  <rdf:li rdf:resource="http://identifiers.org/chebi/CHEBI:16761"/>
                  <rdf:li rdf:resource="http://identifiers.org/kegg.compound/C00008"/>
                </rdf:Bag>
              </bqbiol:is>
            </rdf:Description>
          </rdf:RDF>
        </annotation>
</species>
      <species id="SPC_1405_Cell" initialConcentration="1" constant="false" hasOnlySubstanceUnits="false" name="D-Glucose 6-phosphate" metaid="META_SPC_1405_Cell" boundaryCondition="false" compartment="compart_Cell">
        <annotation>
          <rdf:RDF xmlns:rdf="http://www.w3.org/1999/02/22-rdf-syntax-ns#" xmlns:bqbiol="http://biomodels.net/biology-qualifiers/" xmlns:bqmodel="http://biomodels.net/model-qualifiers/">
            <rdf:Description rdf:about="#META_SPC_1405_Cell">
              <bqbiol:is>
                <rdf:Bag>
                  <rdf:li rdf:resource="http://identifiers.org/chebi/CHEBI:4170"/>
                  <rdf:li rdf:resource="http://identifiers.org/chebi/CHEBI:14314"/>
                  <rdf:li rdf:resource="http://identifiers.org/chebi/CHEBI:15954"/>
                  <rdf:li rdf:resource="http://identifiers.org/kegg.compound/C00092"/>
                </rdf:Bag>
              </bqbiol:is>
            </rdf:Description>
          </rdf:RDF>
        </annotation>
</species>
      <species id="ENZ_118323_Cell" initialConcentration="1" constant="false" hasOnlySubstanceUnits="false" name="glucokinase(Enzyme) wildtype isoform B1" metaid="META_ENZ_118323_Cell" boundaryCondition="false" compartment="compart_Cell">
        <annotation bqbiol="http://biomodels.net/biology-qualifiers/" rdf="http://www.w3.org/1999/02/22-rdf-syntax-ns#/">
<sbrk:sabiork xmlns:sbrk="http://sabiork.h-its.org">
<sbrk:modifierType>Modifier-Catalyst</sbrk:modifierType>
</sbrk:sabiork>                  <rdf:RDF xmlns:rdf="http://www.w3.org/1999/02/22-rdf-syntax-ns#" xmlns:bqbiol="http://biomodels.net/biology-qualifiers/" xmlns:bqmodel="http://biomodels.net/model-qualifiers/">
            <rdf:Description rdf:about="#META_ENZ_118323_Cell">
              <bqbiol:is>
                <rdf:Bag>
                  <rdf:li rdf:resource="http://identifiers.org/uniprot/P17712"/>
                </rdf:Bag>
              </bqbiol:is>
            </rdf:Description>
          </rdf:RDF>
        </annotation>
</species>
      <species id="SPC_1374_Cell" initialConcentration="1" constant="false" hasOnlySubstanceUnits="false" name="D-Fructose 6-phosphate" metaid="META_SPC_1374_Cell" boundaryCondition="false" compartment="compart_Cell">
        <annotation>
          <rdf:RDF xmlns:rdf="http://www.w3.org/1999/02/22-rdf-syntax-ns#" xmlns:bqbiol="http://biomodels.net/biology-qualifiers/" xmlns:bqmodel="http://biomodels.net/model-qualifiers/">
            <rdf:Description rdf:about="#META_SPC_1374_Cell">
              <bqbiol:is>
                <rdf:Bag>
                  <rdf:li rdf:resource="http://identifiers.org/chebi/CHEBI:15946"/>
                  <rdf:li rdf:resource="http://identifiers.org/kegg.compound/C00085"/>
                </rdf:Bag>
              </bqbiol:is>
            </rdf:Description>
          </rdf:RDF>
        </annotation>
</species>
      <species id="ENZ_140578_Cell" initialConcentration="1" constant="false" hasOnlySubstanceUnits="false" name="glucose-6-phosphate isomerase(Enzyme) wildtype" metaid="META_ENZ_140578_Cell" boundaryCondition="false" compartment="compart_Cell"/>
      <species id="SPC_1465_Cell" initialConcentration="1" constant="false" hasOnlySubstanceUnits="false" name="D-Fructose 1,6-bisphosphate" metaid="META_SPC_1465_Cell" boundaryCondition="false" compartment="compart_Cell">
        <annotation>
          <rdf:RDF xmlns:rdf="http://www.w3.org/1999/02/22-rdf-syntax-ns#" xmlns:bqbiol="http://biomodels.net/biology-qualifiers/" xmlns:bqmodel="http://biomodels.net/model-qualifiers/">
            <rdf:Description rdf:about="#META_SPC_1465_Cell">
              <bqbiol:is>
                <rdf:Bag>
                  <rdf:li rdf:resource="http://identifiers.org/chebi/CHEBI:16905"/>
                  <rdf:li rdf:resource="http://identifiers.org/chebi/CHEBI:37736"/>
                  <rdf:li rdf:resource="http://identifiers.org/kegg.compound/C00354"/>
                </rdf:Bag>
              </bqbiol:is>
            </rdf:Description>
          </rdf:RDF>
        </annotation>
</species>
      <species id="ENZ_141430_Cell" initialConcentration="1" constant="false" hasOnlySubstanceUnits="false" name="6-phosphofructokinase(Enzyme) wildtype" metaid="META_ENZ_141430_Cell" boundaryCondition="false" compartment="compart_Cell">
        <annotation bqbiol="http://biomodels.net/biology-qualifiers/" rdf="http://www.w3.org/1999/02/22-rdf-syntax-ns#/">
<sbrk:sabiork xmlns:sbrk="http://sabiork.h-its.org">
<sbrk:modifierType>Modifier-Catalyst</sbrk:modifierType>
</sbrk:sabiork>                  <rdf:RDF xmlns:rdf="http://www.w3.org/1999/02/22-rdf-syntax-ns#" xmlns:bqbiol="http://biomodels.net/biology-qualifiers/" xmlns:bqmodel="http://biomodels.net/model-qualifiers/">
            <rdf:Description rdf:about="#META_ENZ_141430_Cell">
              <bqbiol:hasPart>
                <rdf:Bag>
                  <rdf:li rdf:resource="http://identifiers.org/uniprot/P47858"/>
                </rdf:Bag>
              </bqbiol:hasPart>
              <bqbiol:hasPart>
                <rdf:Bag>
                  <rdf:li rdf:resource="http://identifiers.org/uniprot/P30835"/>
                </rdf:Bag>
              </bqbiol:hasPart>
              <bqbiol:hasPart>
                <rdf:Bag>
                  <rdf:li rdf:resource="http://identifiers.org/uniprot/P47860"/>
                </rdf:Bag>
              </bqbiol:hasPart>
            </rdf:Description>
          </rdf:RDF>
        </annotation>
</species>
    </listOfSpecies>
    <listOfReactions>
      <reaction id="REAC_0" metaid="META_REAC_0" reversible="true" fast="false">
        <annotation>
          <rdf:RDF xmlns:rdf="http://www.w3.org/1999/02/22-rdf-syntax-ns#" xmlns:bqbiol="http://biomodels.net/biology-qualifiers/" xmlns:bqmodel="http://biomodels.net/model-qualifiers/">
            <rdf:Description rdf:about="#META_REAC_0">
              <bqbiol:isVersionOf>
                <rdf:Bag>
                  <rdf:li rdf:resource="http://identifiers.org/ec-code/2.7.1.2"/>
                </rdf:Bag>
              </bqbiol:isVersionOf>
              <bqbiol:is>
                <rdf:Bag>
                  <rdf:li rdf:resource="http://identifiers.org/kegg.reaction/R00299"/>
                </rdf:Bag>
              </bqbiol:is>
              <bqbiol:hasTaxon>
                <rdf:Bag>
                  <rdf:li rdf:resource="http://identifiers.org/taxonomy/10116"/>
                </rdf:Bag>
              </bqbiol:hasTaxon>
              <bqbiol:is>
                <rdf:Bag>
                  <rdf:li rdf:resource="http://identifiers.org/sabiork.reaction/793"/>
                </rdf:Bag>
              </bqbiol:is>
            </rdf:Description>
          </rdf:RDF>
        </annotation>
        <listOfReactants>
          <speciesReference species="SPC_34_Cell" sboTerm="SBO:0000015" stoichiometry="1"/>
          <speciesReference species="SPC_1407_Cell" sboTerm="SBO:0000015" stoichiometry="1"/>
        </listOfReactants>
        <listOfProducts>
          <speciesReference species="SPC_35_Cell" sboTerm="SBO:0000011" stoichiometry="1"/>
          <speciesReference species="SPC_1405_Cell" sboTerm="SBO:0000011" stoichiometry="1"/>
        </listOfProducts>
        <listOfModifiers>
          <modifierSpeciesReference species="ENZ_118323_Cell" sboTerm="SBO:0000460"/>
        </listOfModifiers>
        <kineticLaw metaid="META_KL_22401" sboTerm="SBO:0000029">
          <annotation sbrk="http://sabiork.h-its.org" bqbiol="http://biomodels.net/biology-qualifiers/" rdf="http://www.w3.org/1999/02/22-rdf-syntax-ns#/">
<sbrk:sabiork xmlns:sbrk="http://sabiork.h-its.org">
<sbrk:kineticLawID>22401</sbrk:kineticLawID>
<sbrk:experimentalConditions>
<sbrk:temperature>
<sbrk:startValueTemperature>30.0</sbrk:startValueTemperature>
<sbrk:temperatureUnit>°C</sbrk:temperatureUnit>
</sbrk:temperature>
<sbrk:pH>
<sbrk:startValuepH>7.6</sbrk:startValuepH>
</sbrk:pH>
<sbrk:buffer> 50 mM HEPES-HCl, 100 mM KCl, 7.4 mM MgCl2, 15 mM 2-Mercaptoethanol, 0.05 % BSA, 0.5 mM NAD+, 0.70 U/ml Glucose-6-phosphate dehydrogenase</sbrk:buffer>
</sbrk:experimentalConditions>
</sbrk:sabiork>
                      <rdf:RDF xmlns:rdf="http://www.w3.org/1999/02/22-rdf-syntax-ns#" xmlns:bqbiol="http://biomodels.net/biology-qualifiers/" xmlns:bqmodel="http://biomodels.net/model-qualifiers/">
              <rdf:Description rdf:about="#META_KL_22401">
                <bqbiol:isDescribedBy>
                  <rdf:Bag>
                    <rdf:li rdf:resource="http://identifiers.org/pubmed/2016311"/>
                  </rdf:Bag>
                </bqbiol:isDescribedBy>
                <bqbiol:isDescribedBy>
                  <rdf:Bag>
                    <rdf:li rdf:resource="http://identifiers.org/sabiork.kineticrecord/22401"/>
                  </rdf:Bag>
                </bqbiol:isDescribedBy>
              </rdf:Description>
            </rdf:RDF>
          </annotation>
          <math xmlns="http://www.w3.org/1998/Math/MathML">          
            <apply>
              <ci> KL_22401 </ci>
              <ci> Vmax </ci>
              <ci> ENZ_118323_Cell </ci>
              <ci> SPC_1407_Cell </ci>
              <ci> Km_SPC_1407_Cell </ci>
              <ci> SPC_34_Cell </ci>
            </apply>
          </math>
                  <listOfParameters>
            <parameter id="Vmax" name="Vmax" value="1.17222222E-10" sboTerm="SBO:0000186" units="moldivs"/>
            <parameter id="Km_SPC_1407_Cell" name="Km_DGlucose" value="0.01552" sboTerm="SBO:0000027" units="M"/>
          </listOfParameters>
        </kineticLaw>
      </reaction>
      <reaction id="REAC_1" metaid="META_REAC_1" reversible="true" fast="false">
        <annotation>
          <rdf:RDF xmlns:rdf="http://www.w3.org/1999/02/22-rdf-syntax-ns#" xmlns:bqbiol="http://biomodels.net/biology-qualifiers/" xmlns:bqmodel="http://biomodels.net/model-qualifiers/">
            <rdf:Description rdf:about="#META_REAC_1">
              <bqbiol:isVersionOf>
                <rdf:Bag>
                  <rdf:li rdf:resource="http://identifiers.org/ec-code/5.3.1.9"/>
                </rdf:Bag>
              </bqbiol:isVersionOf>
              <bqbiol:is>
                <rdf:Bag>
                  <rdf:li rdf:resource="http://identifiers.org/kegg.reaction/R00771"/>
                </rdf:Bag>
              </bqbiol:is>
              <bqbiol:hasTaxon>
                <rdf:Bag>
                  <rdf:li rdf:resource="http://identifiers.org/taxonomy/10116"/>
                </rdf:Bag>
              </bqbiol:hasTaxon>
              <bqbiol:is>
                <rdf:Bag>
                  <rdf:li rdf:resource="http://identifiers.org/sabiork.reaction/1123"/>
                </rdf:Bag>
              </bqbiol:is>
            </rdf:Description>
          </rdf:RDF>
        </annotation>
        <listOfReactants>
          <speciesReference species="SPC_1405_Cell" sboTerm="SBO:0000015" stoichiometry="1"/>
        </listOfReactants>
        <listOfProducts>
          <speciesReference species="SPC_1374_Cell" sboTerm="SBO:0000011" stoichiometry="1"/>
        </listOfProducts>
        <listOfModifiers>
          <modifierSpeciesReference species="ENZ_140578_Cell" sboTerm="SBO:0000460"/>
        </listOfModifiers>
        <kineticLaw metaid="META_KL_2616" sboTerm="SBO:0000439">
          <annotation sbrk="http://sabiork.h-its.org" bqbiol="http://biomodels.net/biology-qualifiers/" rdf="http://www.w3.org/1999/02/22-rdf-syntax-ns#/">
<sbrk:sabiork xmlns:sbrk="http://sabiork.h-its.org">
<sbrk:kineticLawID>2616</sbrk:kineticLawID>
<sbrk:experimentalConditions>
<sbrk:temperature>
<sbrk:startValueTemperature>35.0</sbrk:startValueTemperature>
<sbrk:temperatureUnit>°C</sbrk:temperatureUnit>
</sbrk:temperature>
<sbrk:pH>
<sbrk:startValuepH>7.4</sbrk:startValuepH>
</sbrk:pH>
<sbrk:buffer> 50 mM Hepes / 10 mM sodium phosphate, 100 mM KCl, 10 mM MgCl2, 1 mg/ml trypsin inhibitor, 1 mM ATP, 0.28 mM NADH, 2.5 mM phosphocreatine, 15 µM fructose 2,6-bisphosphate, 5 U/ml creatine kinase, 1 U/ml fructose-bisphosphate aldolase, 5 U/ml triose-phosphate isomerase, 3 U/ml glycerol 3-phosphate dehydrogenase</sbrk:buffer>
</sbrk:experimentalConditions>
</sbrk:sabiork>
                      <rdf:RDF xmlns:rdf="http://www.w3.org/1999/02/22-rdf-syntax-ns#" xmlns:bqbiol="http://biomodels.net/biology-qualifiers/" xmlns:bqmodel="http://biomodels.net/model-qualifiers/">
              <rdf:Description rdf:about="#META_KL_2616">
                <bqbiol:isDescribedBy>
                  <rdf:Bag>
                    <rdf:li rdf:resource="http://identifiers.org/pubmed/1435758"/>
                  </rdf:Bag>
                </bqbiol:isDescribedBy>
                <bqbiol:isDescribedBy>
                  <rdf:Bag>
                    <rdf:li rdf:resource="http://identifiers.org/sabiork.kineticrecord/2616"/>
                  </rdf:Bag>
                </bqbiol:isDescribedBy>
              </rdf:Description>
            </rdf:RDF>
          </annotation>
          <math xmlns="http://www.w3.org/1998/Math/MathML">          
            <apply>
              <ci> KL_2616 </ci>
              <ci> SPC_1374_Cell </ci>
              <ci> Kp_SPC_1374_Cell </ci>
              <ci> Ks_SPC_1405_Cell </ci>
              <ci> Keq </ci>
              <ci> V </ci>
              <ci> SPC_1405_Cell </ci>
            </apply>
          </math>
                  <listOfParameters>
            <parameter id="Kp_SPC_1374_Cell" name="Kp_DFructose_6phosphate" value="0.0002" sboTerm="SBO:0000027" units="M"/>
            <parameter id="Ks_SPC_1405_Cell" name="Ks_DGlucose_6phosphate" value="0.0002" sboTerm="SBO:0000027" units="M"/>
            <parameter id="Keq" name="Keq" value="0.4" sboTerm="SBO:0000281"/>
            <parameter id="V" name="V" value="4.5E-6" sboTerm="SBO:0000186" units="molswedgeonegwedgeone"/>
          </listOfParameters>
        </kineticLaw>
      </reaction>
      <reaction id="REAC_2" metaid="META_REAC_2" reversible="true" fast="false">
        <annotation>
          <rdf:RDF xmlns:rdf="http://www.w3.org/1999/02/22-rdf-syntax-ns#" xmlns:bqbiol="http://biomodels.net/biology-qualifiers/" xmlns:bqmodel="http://biomodels.net/model-qualifiers/">
            <rdf:Description rdf:about="#META_REAC_2">
              <bqbiol:isVersionOf>
                <rdf:Bag>
                  <rdf:li rdf:resource="http://identifiers.org/ec-code/2.7.1.11"/>
                </rdf:Bag>
              </bqbiol:isVersionOf>
              <bqbiol:is>
                <rdf:Bag>
                  <rdf:li rdf:resource="http://identifiers.org/kegg.reaction/R00756"/>
                </rdf:Bag>
              </bqbiol:is>
              <bqbiol:hasTaxon>
                <rdf:Bag>
                  <rdf:li rdf:resource="http://identifiers.org/taxonomy/10116"/>
                </rdf:Bag>
              </bqbiol:hasTaxon>
              <bqbiol:is>
                <rdf:Bag>
                  <rdf:li rdf:resource="http://identifiers.org/sabiork.reaction/1113"/>
                </rdf:Bag>
              </bqbiol:is>
            </rdf:Description>
          </rdf:RDF>
        </annotation>
        <listOfReactants>
          <speciesReference species="SPC_34_Cell" sboTerm="SBO:0000015" stoichiometry="1"/>
          <speciesReference species="SPC_1374_Cell" sboTerm="SBO:0000015" stoichiometry="1"/>
        </listOfReactants>
        <listOfProducts>
          <speciesReference species="SPC_35_Cell" sboTerm="SBO:0000011" stoichiometry="1"/>
          <speciesReference species="SPC_1465_Cell" sboTerm="SBO:0000011" stoichiometry="1"/>
        </listOfProducts>
        <listOfModifiers>
          <modifierSpeciesReference species="ENZ_141430_Cell" sboTerm="SBO:0000460"/>
        </listOfModifiers>
        <kineticLaw metaid="META_KL_4642" sboTerm="SBO:0000433">
          <annotation sbrk="http://sabiork.h-its.org" bqbiol="http://biomodels.net/biology-qualifiers/" rdf="http://www.w3.org/1999/02/22-rdf-syntax-ns#/">
<sbrk:sabiork xmlns:sbrk="http://sabiork.h-its.org">
<sbrk:kineticLawID>4642</sbrk:kineticLawID>
<sbrk:experimentalConditions>
<sbrk:pH>
<sbrk:startValuepH>8.0</sbrk:startValuepH>
</sbrk:pH>
<sbrk:temperature>
<sbrk:startValueTemperature>30.0</sbrk:startValueTemperature>
<sbrk:temperatureUnit>°C</sbrk:temperatureUnit>
</sbrk:temperature>
<sbrk:buffer> 50 mM triethanolamine chloride, 3 mM MgCl2, 5 mM mercaptoethanol, 0.16 mM NADH, 0.64 mM AMP, 3.3 µg/ml aldolase, 0.2 µg/ml triose phosphate isomerase, 1.48 µg/ml alpha-glycerophosphate dehydrogenase</sbrk:buffer>
</sbrk:experimentalConditions>
</sbrk:sabiork>
                      <rdf:RDF xmlns:rdf="http://www.w3.org/1999/02/22-rdf-syntax-ns#" xmlns:bqbiol="http://biomodels.net/biology-qualifiers/" xmlns:bqmodel="http://biomodels.net/model-qualifiers/">
              <rdf:Description rdf:about="#META_KL_4642">
                <bqbiol:isDescribedBy>
                  <rdf:Bag>
                    <rdf:li rdf:resource="http://identifiers.org/pubmed/4279251"/>
                  </rdf:Bag>
                </bqbiol:isDescribedBy>
                <bqbiol:isDescribedBy>
                  <rdf:Bag>
                    <rdf:li rdf:resource="http://identifiers.org/sabiork.kineticrecord/4642"/>
                  </rdf:Bag>
                </bqbiol:isDescribedBy>
              </rdf:Description>
            </rdf:RDF>
          </annotation>
          <math xmlns="http://www.w3.org/1998/Math/MathML">          
            <apply>
              <ci> KL_4642 </ci>
              <ci> Kb_SPC_34_Cell </ci>
              <ci> V </ci>
              <ci> SPC_34_Cell </ci>
              <ci> SPC_1374_Cell </ci>
              <ci> Kia_SPC_1374_Cell </ci>
              <ci> Ka_SPC_1374_Cell </ci>
            </apply>
          </math>
                  <listOfParameters>
            <parameter id="Kb_SPC_34_Cell" name="Kb_ATP" value="0.000111" sboTerm="SBO:0000027" units="M"/>
            <parameter id="V" name="V" value="0.0014483623" sboTerm="SBO:0000186" units="katgwedgeone"/>
            <parameter id="Kia_SPC_1374_Cell" name="Kia_DFructose_6phosphate" value="1.2E-5" sboTerm="SBO:0000282" units="M"/>
            <parameter id="Ka_SPC_1374_Cell" name="Ka_DFructose_6phosphate" value="7.7E-5" sboTerm="SBO:0000027" units="M"/>
          </listOfParameters>
        </kineticLaw>
      </reaction>
    </listOfReactions>
  </model>
</sbml>