<?xml version="1.0" encoding="UTF-8"?>
<sbml xmlns="http://www.sbml.org/sbml/level3/version1/core" xmlns:comp="http://www.sbml.org/sbml/level3/version1/comp/version1" xmlns:distrib="http://www.sbml.org/sbml/level3/version1/distrib/version1" level="3" version="1" comp:required="true" distrib:required="true">
  <notes>
    <body xmlns="http://www.w3.org/1999/xhtml">
      <p>Created with <a href="https://github.com/matthiaskoenig/sbmlutils">https://github.com/matthiaskoenig/sbmlutils</a>.
<a href="https://doi.org/10.5281/zenodo.5525390">
        <img src="https://zenodo.org/badge/DOI/10.5281/zenodo.5525390.svg" alt="DOI"/></a></p>
      </body>
    </notes>
  <model metaid="meta_model_binomial" id="model_binomial" name="Model sampling from distrib distributions">
    <notes>
      <body xmlns="http://www.w3.org/1999/xhtml">
        <h1>Distrib example</h1>
        <p>Example creating distrib model with distribution elements.</p>
        <h2>Terms of use</h2>
        <p>The content of this model has been carefully created in a manual research effort.
This file has been created by <a href="https://livermetabolism.com">Matthias König</a>
using <a>
          <a href="https://github.com/matthiaskoenig/sbmlutils">sbmlutils</a>
        </a>.
For questions contact koenigmx@hu-berlin.de.</p>
        <a href="https://livermetabolism.com">
          <img src="https://livermetabolism.com/img/people/koenig.png" width="80"/>
        </a>
Copyright © 2021 Matthias König.
<a rel="license" href="http://creativecommons.org/licenses/by/4.0/">
          <img alt="Creative Commons License" style="border-width:0" src="https://i.creativecommons.org/l/by/4.0/88x31.png"/></a>
          <br/>This work is licensed under a <a rel="license" href="http://creativecommons.org/licenses/by/4.0/">Creative Commons Attribution 4.0 International License</a>.
<p>Redistribution and use of any part of this model, with or without modification,
are permitted provided that the following conditions are met:</p>
          <ol>
            <li>Redistributions of this SBML file must retain the above copyright notice, this
list of conditions and the following disclaimer.</li>
            <li>Redistributions in a different form must reproduce the above copyright notice,
this list of conditions and the following disclaimer in the documentation and/or
other materials provided with the distribution.</li>
          </ol>
          <p>This model is distributed in the hope that it will be useful, but WITHOUT ANY
WARRANTY; without even the implied warranty of MERCHANTABILITY or FITNESS
FOR A PARTICULAR PURPOSE.</p></body>
        </notes>
    <annotation>
      <rdf:RDF xmlns:rdf="http://www.w3.org/1999/02/22-rdf-syntax-ns#" xmlns:dcterms="http://purl.org/dc/terms/" xmlns:vCard="http://www.w3.org/2001/vcard-rdf/3.0#" xmlns:vCard4="http://www.w3.org/2006/vcard/ns#" xmlns:bqbiol="http://biomodels.net/biology-qualifiers/" xmlns:bqmodel="http://biomodels.net/model-qualifiers/">
        <rdf:Description rdf:about="#meta_model_binomial">
          <dcterms:creator>
            <rdf:Bag>
              <rdf:li rdf:parseType="Resource">
                <vCard:N rdf:parseType="Resource">
                  <vCard:Family>König</vCard:Family>
                  <vCard:Given>Matthias</vCard:Given>
                </vCard:N>
                <vCard:EMAIL>koenigmx@hu-berlin.de</vCard:EMAIL>
                <vCard:ORG rdf:parseType="Resource">
                  <vCard:Orgname>Humboldt-University Berlin, Institute for Theoretical Biology</vCard:Orgname>
                </vCard:ORG>
              </rdf:li>
            </rdf:Bag>
          </dcterms:creator>
          <dcterms:created rdf:parseType="Resource">
            <dcterms:W3CDTF>1900-01-01T00:00:00Z</dcterms:W3CDTF>
          </dcterms:created>
          <dcterms:modified rdf:parseType="Resource">
            <dcterms:W3CDTF>1900-01-01T00:00:00Z</dcterms:W3CDTF>
          </dcterms:modified>
        </rdf:Description>
      </rdf:RDF>
    </annotation>
    <listOfParameters>
      <parameter id="p_binomial_1" value="NaN" units="dimensionless" constant="true"/>
      <parameter id="p_binomial_2" value="NaN" units="dimensionless" constant="true"/>
    </listOfParameters>
    <listOfInitialAssignments>
      <initialAssignment symbol="p_binomial_1">
        <math xmlns="http://www.w3.org/1998/Math/MathML">
          <apply>
            <csymbol encoding="text" definitionURL="http://www.sbml.org/sbml/symbols/distrib/binomial"> binomial </csymbol>
            <cn type="integer"> 100 </cn>
            <cn> 0.3 </cn>
          </apply>
        </math>
      </initialAssignment>
      <initialAssignment symbol="p_binomial_2">
        <math xmlns="http://www.w3.org/1998/Math/MathML">
          <apply>
            <csymbol encoding="text" definitionURL="http://www.sbml.org/sbml/symbols/distrib/binomial"> binomial </csymbol>
            <cn type="integer"> 100 </cn>
            <cn> 0.3 </cn>
            <cn type="integer"> 0 </cn>
            <cn type="integer"> 2 </cn>
          </apply>
        </math>
      </initialAssignment>
    </listOfInitialAssignments>
  </model>
</sbml>
