Time	bounds_k1 (1)	bounds_ub_R1 (1)	C (1)	model_C (1)	model_D (1)	ub_R1 (1)	update_C (1)	update_R3 (1)	vR3 (1)
0	-0.2	1	0	0	0	1	0	0.1	1
0.1	-0.2	0.9801986733	0	0	0	0.9801986733	0	0.1	1
0.2	-0.2	0.9801986733	0.01960397347	0.01960397347	3.96E-04	0.9801986733	0.01960397347	0.1	0.980198673
0.3	-0.2	0.9607894392	0.1960397347	0.1960397347	0.003960265339	0.9607894392	0.1960397347	0.1	0.980198673
0.4	-0.2	0.9607894392	0.1960397347	0.1960397347	0.004356291873	0.9607894392	0.1960397347	0.1	0.960789439
0.5	-0.2	0.9417645336	0.2113736766	0.2113736766	0.008230296851	0.9417645336	0.2113736766	0.1	0.960789439
0.6	-0.2	0.9417645336	0.3843157756	0.3843157756	0.01211998553	0.9417645336	0.3843157756	0.1	0.941764534
0.7	-0.2	0.9231163464	0.3805107945	0.3805107945	0.0159171248	0.9231163464	0.3805107945	0.1	0.941764534
0.8	-0.2	0.9231163464	0.395541104	0.395541104	0.02011044587	0.9231163464	0.395541104	0.1	0.923116346
0.9	-0.2	0.904837418	0.5613290827	0.5613290827	0.02725672446	0.904837418	0.5613290827	0.1	0.923116346
1	-0.2	0.904837418	0.5575994453	0.5575994453	0.03137470186	0.904837418	0.5575994453	0.1	0.904837418
1.1	-0.2	0.8869204367	0.5686763489	0.5686763489	0.03874474875	0.8869204367	0.5686763489	0.1	0.904837418
1.2	-0.2	0.8869204367	0.7311815057	0.7311815057	0.04614554808	0.8869204367	0.7311815057	0.1	0.886920437
1.3	-0.2	0.8693582354	0.7239423239	0.7239423239	0.0533693538	0.8693582354	0.7239423239	0.1	0.886920437
1.4	-0.2	0.8693582354	0.7347998901	0.7347998901	0.06098949051	0.8693582354	0.7347998901	0.1	0.869358235
1.5	-0.2	0.852143789	0.890574789	0.890574789	0.07136015793	0.852143789	0.890574789	0.1	0.869358235
1.6	-0.2	0.852143789	0.8834789526	0.8834789526	0.07883694924	0.852143789	0.8834789526	0.1	0.852143789
1.7	-0.2	0.8352702114	0.8906786351	0.8906786351	0.08935305989	0.8352702114	0.8906786351	0.1	0.852143789
1.8	-0.2	0.8352702114	1.043368984	1.043368984	0.09991440087	0.8352702114	1.043368984	0.1	0.835270211
1.9	-0.2	0.8187307531	1.033038939	1.033038939	0.1102218308	0.8187307531	1.033038939	0.1	0.835270211
2	-0.2	0.8187307531	1.040096059	1.040096059	0.120925735	0.8187307531	1.040096059	0.1	0.818730753
2.1	-0.2	0.802518798	1.186455045	1.186455045	0.1341898126	0.802518798	1.186455045	0.1	0.818730753
2.2	-0.2	0.802518798	1.176329548	1.176329548	0.1446891682	0.802518798	1.176329548	0.1	0.802518798
2.3	-0.2	0.7866278611	1.180004537	1.180004537	0.1580274854	0.7866278611	1.180004537	0.1	0.802518798
2.4	-0.2	0.7866278611	1.32346542	1.32346542	0.1714249432	0.7866278611	1.32346542	0.1	0.786627861
2.5	-0.2	0.7710515858	1.310362235	1.310362235	0.1844985585	0.7710515858	1.310362235	0.1	0.786627861
2.6	-0.2	0.7710515858	1.313964453	1.313964453	0.1979687859	0.7710515858	1.313964453	0.1	0.771051586
2.7	-0.2	0.7557837415	1.451469366	1.451469366	0.2138201847	0.7557837415	1.451469366	0.1	0.771051586
2.8	-0.2	0.7557837415	1.438625641	1.438625641	0.2270309516	0.7557837415	1.438625641	0.1	0.755783741
2.9	-0.2	0.7408182207	1.439102962	1.439102962	0.242891993	0.7408182207	1.439102962	0.1	0.755783741
3	-0.2	0.7408182207	1.573885096	1.573885096	0.2588255396	0.7408182207	1.573885096	0.1	0.740818221
3.1	-0.2	0.7261490371	1.558302589	1.558302589	0.2743717935	0.7261490371	1.558302589	0.1	0.740818221
3.2	-0.2	0.7261490371	1.558770458	1.558770458	0.2903147917	0.7261490371	1.558770458	0.1	0.726149037
3.3	-0.2	0.7117703228	1.68794989	1.68794989	0.3084706431	0.7117703228	1.68794989	0.1	0.726149037
3.4	-0.2	0.7117703228	1.672675938	1.672675938	0.324105087	0.7117703228	1.672675938	0.1	0.711770323
3.5	-0.2	0.6976763261	1.6702588	1.6702588	0.3422121091	0.6976763261	1.6702588	0.1	0.711770323
3.6	-0.2	0.6976763261	1.796880307	1.796880307	0.3604044771	0.6976763261	1.796880307	0.1	0.697676326
3.7	-0.2	0.6838614092	1.779090001	1.779090001	0.3781521111	0.6838614092	1.779090001	0.1	0.697676326
3.8	-0.2	0.6838614092	1.776720725	1.776720725	0.3962966166	0.6838614092	1.776720725	0.1	0.683861409
3.9	-0.2	0.670320046	1.898071975	1.898071975	0.4164957085	0.670320046	1.898071975	0.1	0.683861409
4	-0.2	0.670320046	1.88063394	1.88063394	0.4342879423	0.670320046	1.88063394	0.1	0.670320046
4.1	-0.2	0.6570468198	1.875603307	1.875603307	0.4543854086	0.6570468198	1.875603307	0.1	0.670320046
4.2	-0.2	0.6570468198	1.994551641	1.994551641	0.4745805582	0.6570468198	1.994551641	0.1	0.65704682
4.3	-0.2	0.6440364211	1.974804257	1.974804257	0.4942791009	0.6440364211	1.974804257	0.1	0.65704682
4.4	-0.2	0.6440364211	1.969873237	1.969873237	0.5143746373	0.6440364211	1.969873237	0.1	0.644036421
4.5	-0.2	0.6312836455	2.083864157	2.083864157	0.5363759493	0.6312836455	2.083864157	0.1	0.644036421
4.6	-0.2	0.6312836455	2.064507797	2.064507797	0.5560804613	0.6312836455	2.064507797	0.1	0.631283646
4.7	-0.2	0.6187833918	2.057123862	2.057123862	0.5779326079	0.6187833918	2.057123862	0.1	0.631283646
4.8	-0.2	0.6187833918	2.168857611	2.168857611	0.5998942913	0.6187833918	2.168857611	0.1	0.618783392
4.9	-0.2	0.6065306597	2.147384482	2.147384482	0.621312652	0.6065306597	2.147384482	0.1	0.618783392
5	-0.2	0.6065306597	2.140146759	2.140146759	0.6431281237	0.6065306597	2.140146759	0.1	0.60653066
5.1	-0.2	0.594520548	2.247217485	2.247217485	0.6667094566	0.594520548	2.247217485	0.1	0.60653066
5.2	-0.2	0.594520548	2.226169552	2.226169552	0.6880997318	0.594520548	2.226169552	0.1	0.594520548
5.3	-0.2	0.5827482524	2.216673124	2.216673124	0.7114892241	0.5827482524	2.216673124	0.1	0.594520548
5.4	-0.2	0.5827482524	2.321623707	2.321623707	0.7349996417	0.5827482524	2.321623707	0.1	0.582748252
5.5	-0.2	0.5712090638	2.298638092	2.298638092	0.7579247938	0.5712090638	2.298638092	0.1	0.582748252
5.6	-0.2	0.5712090638	2.289329705	2.289329705	0.7812471696	0.5712090638	2.289329705	0.1	0.571209064
5.7	-0.2	0.5598983666	2.38989429	2.38989429	0.8062038609	0.5598983666	2.38989429	0.1	0.571209064
5.8	-0.2	0.5598983666	2.367363821	2.367363821	0.8290710911	0.5598983666	2.367363821	0.1	0.559898367
5.9	-0.2	0.5488116361	2.355977613	2.355977613	0.8537977658	0.5488116361	2.355977613	0.1	0.559898367
6	-0.2	0.5488116361	2.454550886	2.454550886	0.8786563081	0.5488116361	2.454550886	0.1	0.548811636
6.1	-0.2	0.5379444376	2.430249204	2.430249204	0.9028920563	0.5379444376	2.430249204	0.1	0.548811636
6.2	-0.2	0.5379444376	2.419088458	2.419088458	0.9275251366	0.5379444376	2.419088458	0.1	0.537944438
6.3	-0.2	0.527292424	2.513536409	2.513536409	0.95366886	0.527292424	2.513536409	0.1	0.537944438
6.4	-0.2	0.527292424	2.489715933	2.489715933	0.9778207348	0.527292424	2.489715933	0.1	0.527292424
6.5	-0.2	0.5168513345	2.476645782	2.476645782	1.003700424	0.5168513345	2.476645782	0.1	0.527292424
6.6	-0.2	0.5168513345	2.569223539	2.569223539	1.029722493	0.5168513345	2.569223539	0.1	0.516851334
6.7	-0.2	0.5066169924	2.543786521	2.543786521	1.05508832	0.5066169924	2.543786521	0.1	0.516851334
6.8	-0.2	0.5066169924	2.530975177	2.530975177	1.080851583	0.5066169924	2.530975177	0.1	0.506616992
6.9	-0.2	0.4965853038	2.619672902	2.619672902	1.108009223	0.4965853038	2.619672902	0.1	0.506616992
7	-0.2	0.4965853038	2.594739572	2.594739572	1.1332688	0.4965853038	2.594739572	0.1	0.496585304
7.1	-0.2	0.486752256	2.580175571	2.580175571	1.160132227	0.486752256	2.580175571	0.1	0.496585304
7.2	-0.2	0.486752256	2.667116964	2.667116964	1.187148136	0.486752256	2.667116964	0.1	0.486752256
7.3	-0.2	0.4771139155	2.640710737	2.640710737	1.213478123	0.4771139155	2.640710737	0.1	0.486752256
7.4	-0.2	0.4771139155	2.626435123	2.626435123	1.240205645	0.4771139155	2.626435123	0.1	0.477113916
7.5	-0.2	0.467666427	2.709727293	2.709727293	1.268218245	0.467666427	2.709727293	0.1	0.477113916
7.6	-0.2	0.467666427	2.683843944	2.683843944	1.294422889	0.467666427	2.683843944	0.1	0.467666427
7.7	-0.2	0.4584060113	2.667961509	2.667961509	1.322114643	0.4584060113	2.667961509	0.1	0.467666427
7.8	-0.2	0.4584060113	2.749604383	2.749604383	1.349968582	0.4584060113	2.749604383	0.1	0.458406011
7.9	-0.2	0.4493289641	2.722381476	2.722381476	1.377110397	0.4493289641	2.722381476	0.1	0.458406011
8	-0.2	0.4493289641	2.706813534	2.706813534	1.404649843	0.4493289641	2.706813534	0.1	0.449328964
8.1	-0.2	0.4404316545	2.785024361	2.785024361	1.433371621	0.4404316545	2.785024361	0.1	0.449328964
8.2	-0.2	0.4404316545	2.758340504	2.758340504	1.460372017	0.4404316545	2.758340504	0.1	0.440431655
8.3	-0.2	0.4317105234	2.741301365	2.741301365	1.488749582	0.4317105234	2.741301365	0.1	0.440431655
8.4	-0.2	0.4317105234	2.817963515	2.817963515	1.517298657	0.4317105234	2.817963515	0.1	0.431710523
8.5	-0.2	0.4231620823	2.790063807	2.790063807	1.545112609	0.4231620823	2.790063807	0.1	0.431710523
8.6	-0.2	0.4231620823	2.773362066	2.773362066	1.573324287	0.4231620823	2.773362066	0.1	0.423162082
8.7	-0.2	0.4147829117	2.846796515	2.846796515	1.602621714	0.4147829117	2.846796515	0.1	0.423162082
8.8	-0.2	0.4147829117	2.819449258	2.819449258	1.63028094	0.4147829117	2.819449258	0.1	0.414782912
8.9	-0.2	0.4065696597	2.8014024	2.8014024	1.659213796	0.4065696597	2.8014024	0.1	0.414782912
9	-0.2	0.4065696597	2.873382749	2.873382749	1.688327122	0.4065696597	2.873382749	0.1	0.40656966
9.1	-0.2	0.3985190411	2.844934355	2.844934355	1.716685282	0.3985190411	2.844934355	0.1	0.40656966
9.2	-0.2	0.3985190411	2.827244848	2.827244848	1.745441256	0.3985190411	2.827244848	0.1	0.398519041
9.3	-0.2	0.3906278354	2.896189767	2.896189767	1.775192197	0.3906278354	2.896189767	0.1	0.398519041
9.4	-0.2	0.3906278354	2.868304688	2.868304688	1.803384855	0.3906278354	2.868304688	0.1	0.390627835
9.5	-0.2	0.382892886	2.849387216	2.849387216	1.832753637	0.382892886	2.849387216	0.1	0.390627835
9.6	-0.2	0.382892886	2.916966934	2.916966934	1.862311496	0.382892886	2.916966934	0.1	0.382892886
9.7	-0.2	0.3753110989	2.888087027	2.888087027	1.891096865	0.3753110989	2.888087027	0.1	0.382892886
9.8	-0.2	0.3753110989	2.869544146	2.869544146	1.920280133	0.3753110989	2.869544146	0.1	0.375311099
9.9	-0.2	0.3678794412	2.934269339	2.934269339	1.950373037	0.3678794412	2.934269339	0.1	0.375311099
10	-0.2	0.3678794412	2.905961292	2.905961292	1.978984445	0.3678794412	2.905961292	0.1	0.367879441
10.1	-0.2	0.3605949402	2.886299253	2.886299253	2.00868015	0.3605949402	2.886299253	0.1	0.367879441
10.2	-0.2	0.3605949402	2.949742801	2.949742801	2.038573202	0.3605949402	2.949742801	0.1	0.36059494
10.3	-0.2	0.353454682	2.920538391	2.920538391	2.067678939	0.353454682	2.920538391	0.1	0.36059494
10.4	-0.2	0.353454682	2.901265687	2.901265687	2.097182657	0.353454682	2.901265687	0.1	0.353454682
10.5	-0.2	0.3464558103	2.962024917	2.962024917	2.127515812	0.3464558103	2.962024917	0.1	0.353454682
10.6	-0.2	0.3464558103	2.933398793	2.933398793	2.156441243	0.3464558103	2.933398793	0.1	0.34645581
10.7	-0.2	0.3395955256	2.913107939	2.913107939	2.186364496	0.3395955256	2.913107939	0.1	0.34645581
10.8	-0.2	0.3395955256	2.972664056	2.972664056	2.216493041	0.3395955256	2.972664056	0.1	0.339595526
10.9	-0.2	0.3328710837	2.94323271	2.94323271	2.24582174	0.3328710837	2.94323271	0.1	0.339595526
11	-0.2	0.3328710837	2.923343642	2.923343642	2.275548499	0.3328710837	2.923343642	0.1	0.332871084
11.1	-0.2	0.3262797946	2.980375581	2.980375581	2.306029321	0.3262797946	2.980375581	0.1	0.332871084
11.2	-0.2	0.3262797946	2.951527014	2.951527014	2.3351733	0.3262797946	2.951527014	0.1	0.326279795
11.3	-0.2	0.3198190218	2.930713519	2.930713519	2.365233661	0.3198190218	2.930713519	0.1	0.326279795
11.4	-0.2	0.3198190218	2.986616149	2.986616149	2.395506949	0.3198190218	2.986616149	0.1	0.319819022
11.5	-0.2	0.3134861809	2.957046668	2.957046668	2.424969967	0.3134861809	2.957046668	0.1	0.319819022
11.6	-0.2	0.3134861809	2.936645308	2.936645308	2.454831119	0.3134861809	2.936645308	0.1	0.313486181
11.7	-0.2	0.3072787386	2.990174423	2.990174423	2.485375497	0.3072787386	2.990174423	0.1	0.313486181
11.8	-0.2	0.3072787386	2.961190457	2.961190457	2.514651134	0.3072787386	2.961190457	0.1	0.307278739
11.9	-0.2	0.3011942119	2.939951582	2.939951582	2.544766458	0.3011942119	2.939951582	0.1	0.307278739
12	-0.2	0.3011942119	2.99242075	2.99242075	2.575102043	0.3011942119	2.99242075	0.1	0.301194212
12.1	-0.2	0.2952301669	2.9627938	2.9627938	2.604618863	0.2952301669	2.9627938	0.1	0.301194212
12.2	-0.2	0.2952301669	2.941975483	2.941975483	2.63453389	0.2952301669	2.941975483	0.1	0.295230167
12.3	-0.2	0.2893842179	2.992212883	2.992212883	2.665065573	0.2893842179	2.992212883	0.1	0.295230167
12.4	-0.2	0.2893842179	2.963172586	2.963172586	2.694393947	0.2893842179	2.963172586	0.1	0.289384218
12.5	-0.2	0.2836540265	2.941597309	2.941597309	2.724489781	0.2836540265	2.941597309	0.1	0.289384218
12.6	-0.2	0.2836540265	2.990839942	2.990839942	2.754812922	0.2836540265	2.990839942	0.1	0.283654026
12.7	-0.2	0.2780373005	2.961228642	2.961228642	2.784310567	0.2780373005	2.961228642	0.1	0.283654026
12.8	-0.2	0.2780373005	2.940080585	2.940080585	2.81420649	0.2780373005	2.940080585	0.1	0.2780373
12.9	-0.2	0.272531793	2.987224803	2.987224803	2.844656511	0.272531793	2.987224803	0.1	0.2780373
13	-0.2	0.272531793	2.958199847	2.958199847	2.873966091	0.272531793	2.958199847	0.1	0.272531793
13.1	-0.2	0.267135302	2.936369447	2.936369447	2.903975109	0.267135302	2.936369447	0.1	0.272531793
13.2	-0.2	0.267135302	2.982580147	2.982580147	2.934218206	0.267135302	2.982580147	0.1	0.267135302
13.3	-0.2	0.2618456686	2.953050626	2.953050626	2.963630689	0.2618456686	2.953050626	0.1	0.267135302
13.4	-0.2	0.2618456686	2.931652497	2.931652497	2.993441515	0.2618456686	2.931652497	0.1	0.261845669
13.5	-0.2	0.256660777	2.975890237	2.975890237	3.023747659	0.256660777	2.975890237	0.1	0.261845669
13.6	-0.2	0.256660777	2.946945439	2.946945439	3.052973762	0.256660777	2.946945439	0.1	0.256660777
13.7	-0.2	0.2515785531	2.924934043	2.924934043	3.082835247	0.2515785531	2.924934043	0.1	0.256660777
13.8	-0.2	0.2515785531	2.968295818	2.968295818	3.112937315	0.2515785531	2.968295818	0.1	0.251578553
13.9	-0.2	0.2465969639	2.93890772	2.93890772	3.142205121	0.2465969639	2.93890772	0.1	0.251578553
14	-0.2	0.2465969639	2.91733218	2.91733218	3.171871335	0.2465969639	2.91733218	0.1	0.246596964
14.1	-0.2	0.2417140169	2.958839015	2.958839015	3.201977634	0.2417140169	2.958839015	0.1	0.246596964
14.2	-0.2	0.2417140169	2.930032841	2.930032841	3.231061924	0.2417140169	2.930032841	0.1	0.241714017
14.3	-0.2	0.2369277587	2.907907935	2.907907935	3.260721271	0.2369277587	2.907907935	0.1	0.241714017
14.4	-0.2	0.2369277587	2.948592881	2.948592881	3.290627452	0.2369277587	2.948592881	0.1	0.236927759
14.5	-0.2	0.2322362747	2.919399855	2.919399855	3.31969706	0.2322362747	2.919399855	0.1	0.236927759
14.6	-0.2	0.2322362747	2.897713052	2.897713052	3.349165138	0.2322362747	2.897713052	0.1	0.232236275
14.7	-0.2	0.2276376884	2.936654085	2.936654085	3.379021408	0.2276376884	2.936654085	0.1	0.232236275
14.8	-0.2	0.2276376884	2.90803912	2.90803912	3.407911425	0.2276376884	2.90803912	0.1	0.227637688
14.9	-0.2	0.2231301601	2.885862027	2.885862027	3.437319688	0.2231301601	2.885862027	0.1	0.227637688
15	-0.2	0.2231301601	2.924031976	2.924031976	3.46698079	0.2231301601	2.924031976	0.1	0.22313016
15.1	-0.2	0.218711887	2.895082119	2.895082119	3.495804226	0.218711887	2.895082119	0.1	0.22313016
15.2	-0.2	0.218711887	2.873344162	2.873344162	3.525026192	0.218711887	2.873344162	0.1	0.218711887
15.3	-0.2	0.2143811014	2.909874641	2.909874641	3.554587593	0.2143811014	2.909874641	0.1	0.218711887
15.4	-0.2	0.2143811014	2.88149803	2.88149803	3.583236314	0.2143811014	2.88149803	0.1	0.214381101
15.5	-0.2	0.2101360712	2.859324356	2.859324356	3.612349777	0.2101360712	2.859324356	0.1	0.214381101
15.6	-0.2	0.2101360712	2.895131482	2.895131482	3.641721849	0.2101360712	2.895131482	0.1	0.210136071
15.7	-0.2	0.2059750982	2.86646776	2.86646776	3.670256266	0.2059750982	2.86646776	0.1	0.210136071
15.8	-0.2	0.2059750982	2.844733154	2.844733154	3.699189271	0.2059750982	2.844733154	0.1	0.205975098
15.9	-0.2	0.201896518	2.878999058	2.878999058	3.728415905	0.201896518	2.878999058	0.1	0.205975098
16	-0.2	0.201896518	2.850902915	2.850902915	3.75678133	0.201896518	2.850902915	0.1	0.201896518
16.1	-0.2	0.1978986991	2.828782967	2.828782967	3.785561112	0.1978986991	2.828782967	0.1	0.201896518
16.2	-0.2	0.1978986991	2.86237036	2.86237036	3.814605047	0.1978986991	2.86237036	0.1	0.197898699
16.3	-0.2	0.1939800423	2.834030995	2.834030995	3.842812336	0.1939800423	2.834030995	0.1	0.197898699
16.4	-0.2	0.1939800423	2.812349052	2.812349052	3.871418266	0.1939800423	2.812349052	0.1	0.193980042
16.5	-0.2	0.1901389801	2.844487638	2.844487638	3.900274798	0.1901389801	2.844487638	0.1	0.193980042
16.6	-0.2	0.1901389801	2.81670943	2.81670943	3.928319571	0.1901389801	2.81670943	0.1	0.19013898
16.7	-0.2	0.186373976	2.794688605	2.794688605	3.956731252	0.186373976	2.794688605	0.1	0.19013898
16.8	-0.2	0.186373976	2.826190805	2.826190805	3.985412413	0.186373976	2.826190805	0.1	0.186373976
16.9	-0.2	0.1826835241	2.798209642	2.798209642	4.013258837	0.1826835241	2.798209642	0.1	0.186373976
17	-0.2	0.1826835241	2.776624858	2.776624858	4.041503956	0.1826835241	2.776624858	0.1	0.182683524
17.1	-0.2	0.1790661479	2.806765183	2.806765183	4.069959255	0.1790661479	2.806765183	0.1	0.182683524
17.2	-0.2	0.1790661479	2.779338083	2.779338083	4.097650309	0.1790661479	2.779338083	0.1	0.179066148
17.3	-0.2	0.1755204006	2.757457232	2.757457232	4.125663586	0.1755204006	2.757457232	0.1	0.179066148
17.4	-0.2	0.1755204006	2.787000738	2.787000738	4.153951459	0.1755204006	2.787000738	0.1	0.175520401
17.5	-0.2	0.1720448638	2.759407582	2.759407582	4.181407317	0.1720448638	2.759407582	0.1	0.175520401
17.6	-0.2	0.1720448638	2.737960001	2.737960001	4.20926192	0.1720448638	2.737960001	0.1	0.172044864
17.7	-0.2	0.1686381473	2.766223399	2.766223399	4.237288736	0.1686381473	2.766223399	0.1	0.172044864
17.8	-0.2	0.1686381473	2.739176624	2.739176624	4.264596958	0.1686381473	2.739176624	0.1	0.168638147
17.9	-0.2	0.1652988882	2.71747239	2.71747239	4.29218532	0.1652988882	2.71747239	0.1	0.168638147
18	-0.2	0.1652988882	2.745176135	2.745176135	4.320053195	0.1652988882	2.745176135	0.1	0.165298888
18.1	-0.2	0.1620257509	2.71799707	2.71799707	4.347092503	0.1620257509	2.71799707	0.1	0.165298888
18.2	-0.2	0.1620257509	2.696722609	2.696722609	4.374530605	0.1620257509	2.696722609	0.1	0.162025751
18.3	-0.2	0.1588174261	2.723223155	2.723223155	4.40210526	0.1588174261	2.723223155	0.1	0.162025751
18.4	-0.2	0.1588174261	2.696582272	2.696582272	4.42900518	0.1588174261	2.696582272	0.1	0.158817426
18.5	-0.2	0.1556726304	2.675087409	2.675087409	4.45614561	0.1556726304	2.675087409	0.1	0.158817426
18.6	-0.2	0.1556726304	2.701063209	2.701063209	4.483570277	0.1556726304	2.701063209	0.1	0.15567263
18.7	-0.2	0.1525901058	2.674320892	2.674320892	4.510170476	0.1525901058	2.674320892	0.1	0.15567263
18.8	-0.2	0.1525901058	2.653251655	2.653251655	4.537169516	0.1525901058	2.653251655	0.1	0.152590106
18.9	-0.2	0.1495686192	2.678096595	2.678096595	4.564271616	0.1495686192	2.678096595	0.1	0.152590106
19	-0.2	0.1495686192	2.651883811	2.651883811	4.590741122	0.1495686192	2.651883811	0.1	0.149568619
19.1	-0.2	0.1466069621	2.630627476	2.630627476	4.617413816	0.1466069621	2.630627476	0.1	0.149568619
19.2	-0.2	0.1466069621	2.654980454	2.654980454	4.644375285	0.1466069621	2.654980454	0.1	0.146606962
19.3	-0.2	0.1437039498	2.628694386	2.628694386	4.670516965	0.1437039498	2.628694386	0.1	0.146606962
19.4	-0.2	0.1437039498	2.607858954	2.607858954	4.697057531	0.1437039498	2.607858954	0.1	0.14370395
19.5	-0.2	0.1408584209	2.631149108	2.631149108	4.723669703	0.1408584209	2.631149108	0.1	0.14370395
19.6	-0.2	0.1408584209	2.60538354	2.60538354	4.749689769	0.1408584209	2.60538354	0.1	0.140858421
19.7	-0.2	0.1380692373	2.584391571	2.584391571	4.775877876	0.1380692373	2.584391571	0.1	0.140858421
19.8	-0.2	0.1380692373	2.607220549	2.607220549	4.802359118	0.1380692373	2.607220549	0.1	0.138069237
19.9	-0.2	0.1353352832	2.581407336	2.581407336	4.828025763	0.1353352832	2.581407336	0.1	0.138069237
20	-0.2	0.1353352832	2.560831037	2.560831037	4.854091337	0.1353352832	2.560831037	0.1	0.135335283
20.1	-0.2	0.1326554651	2.58266118	2.58266118	4.88019898	0.1326554651	2.58266118	0.1	0.135335283
20.2	-0.2	0.1326554651	2.557359103	2.557359103	4.905753418	0.1326554651	2.557359103	0.1	0.132655465
20.3	-0.2	0.1300287109	2.536654278	2.536654278	4.931442795	0.1300287109	2.536654278	0.1	0.132655465
20.4	-0.2	0.1300287109	2.558052155	2.558052155	4.957429499	0.1300287109	2.558052155	0.1	0.130028711
20.5	-0.2	0.1274539699	2.532725742	2.532725742	4.982607249	0.1274539699	2.532725742	0.1	0.130028711
20.6	-0.2	0.1274539699	2.5124309	2.5124309	5.00818397	0.1274539699	2.5124309	0.1	0.12745397
20.7	-0.2	0.1249302122	2.532890123	2.532890123	5.033775024	0.1249302122	2.532890123	0.1	0.12745397
20.8	-0.2	0.1249302122	2.508065206	2.508065206	5.058850248	0.1249302122	2.508065206	0.1	0.124930212
20.9	-0.2	0.1224564283	2.487667478	2.487667478	5.084029241	0.1224564283	2.487667478	0.1	0.124930212
21	-0.2	0.1224564283	2.507721581	2.507721581	5.109509584	0.1224564283	2.507721581	0.1	0.122456428
21.1	-0.2	0.1200316285	2.482893473	2.482893473	5.134187016	0.1200316285	2.482893473	0.1	0.122456428
21.2	-0.2	0.1200316285	2.462899647	2.462899647	5.159263457	0.1200316285	2.462899647	0.1	0.120031629
21.3	-0.2	0.117654843	2.482071692	2.482071692	5.18432819	0.117654843	2.482071692	0.1	0.120031629
21.4	-0.2	0.117654843	2.457735214	2.457735214	5.208913002	0.117654843	2.457735214	0.1	0.117654843
21.5	-0.2	0.115325121	2.437661935	2.437661935	5.233572228	0.115325121	2.437661935	0.1	0.117654843
21.6	-0.2	0.115325121	2.456454348	2.456454348	5.258536672	0.115325121	2.456454348	0.1	0.115325121
21.7	-0.2	0.1130415306	2.43213382	2.43213382	5.28270459	0.1130415306	2.43213382	0.1	0.115325121
21.8	-0.2	0.1130415306	2.412458019	2.412458019	5.307271557	0.1130415306	2.412458019	0.1	0.113041531
21.9	-0.2	0.1108031584	2.430421599	2.430421599	5.331802363	0.1108031584	2.430421599	0.1	0.113041531
22	-0.2	0.1108031584	2.40658265	2.40658265	5.355887751	0.1108031584	2.40658265	0.1	0.110803158
22.1	-0.2	0.1086091088	2.386848781	2.386848781	5.380019907	0.1086091088	2.386848781	0.1	0.110803158
22.2	-0.2	0.1086091088	2.404456659	2.404456659	5.404460998	0.1086091088	2.404456659	0.1	0.108609109
22.3	-0.2	0.1064585044	2.380650943	2.380650943	5.428112246	0.1064585044	2.380650943	0.1	0.108609109
22.4	-0.2	0.1064585044	2.36130783	2.36130783	5.45216258	0.1064585044	2.36130783	0.1	0.106458504
22.5	-0.2	0.1043504848	2.378136928	2.378136928	5.476153799	0.1043504848	2.378136928	0.1	0.106458504
22.6	-0.2	0.1043504848	2.354802596	2.354802596	5.499732748	0.1043504848	2.354802596	0.1	0.104350485
22.7	-0.2	0.1022842067	2.3354209	2.3354209	5.523332431	0.1022842067	2.3354209	0.1	0.104350485
22.8	-0.2	0.1022842067	2.351916759	2.351916759	5.547244618	0.1022842067	2.351916759	0.1	0.102284207
22.9	-0.2	0.1002588437	2.328631222	2.328631222	5.570373902	0.1002588437	2.328631222	0.1	0.102284207
23	-0.2	0.1002588437	2.309633309	2.309633309	5.593902306	0.1002588437	2.309633309	0.1	0.100258844
23.1	-0.2	0.0982735856	2.325397455	2.325397455	5.617350046	0.0982735856	2.325397455	0.1	0.100258844
23.2	-0.2	0.0982735856	2.302573004	2.302573004	5.640417366	0.0982735856	2.302573004	0.1	0.098273586
23.3	-0.2	0.09632763823	2.283554222	2.283554222	5.663480902	0.09632763823	2.283554222	0.1	0.098273586
23.4	-0.2	0.09632763823	2.299006218	2.299006218	5.686860372	0.09632763823	2.299006218	0.1	0.096327638
23.5	-0.2	0.0944202232	2.276244531	2.276244531	5.709464091	0.0944202232	2.276244531	0.1	0.096327638
23.6	-0.2	0.0944202232	2.257602347	2.257602347	5.732466965	0.0944202232	2.257602347	0.1	0.094420223
23.7	-0.2	0.09255057751	2.272366889	2.272366889	5.755368948	0.09255057751	2.272366889	0.1	0.094420223
23.8	-0.2	0.09255057751	2.250055914	2.250055914	5.77792111	0.09255057751	2.250055914	0.1	0.092550578
23.9	-0.2	0.09071795329	2.231408941	2.231408941	5.800446398	0.09071795329	2.231408941	0.1	0.092550578
24	-0.2	0.09071795329	2.245881126	2.245881126	5.823290918	0.09071795329	2.245881126	0.1	0.090717953
24.1	-0.2	0.08892161746	2.223645413	2.223645413	5.845367015	0.08892161746	2.223645413	0.1	0.090717953
24.2	-0.2	0.08892161746	2.205367674	2.205367674	5.8678423	0.08892161746	2.205367674	0.1	0.088921617
24.3	-0.2	0.08716085146	2.219194023	2.219194023	5.890197708	0.08716085146	2.219194023	0.1	0.088921617
24.4	-0.2	0.08716085146	2.197398607	2.197398607	5.912232697	0.08716085146	2.197398607	0.1	0.087160851
24.5	-0.2	0.08543495097	2.179130638	2.179130638	5.934219067	0.08543495097	2.179130638	0.1	0.087160851
24.6	-0.2	0.08543495097	2.192683208	2.192683208	5.956527836	0.08543495097	2.192683208	0.1	0.085434951
24.7	-0.2	0.08374322559	2.170974189	2.170974189	5.978075655	0.08374322559	2.170974189	0.1	0.085434951
24.8	-0.2	0.08374322559	2.153067951	2.153067951	6.000022693	0.08374322559	2.153067951	0.1	0.083743226
24.9	-0.2	0.08208499862	2.166013816	2.166013816	6.021832037	0.08208499862	2.166013816	0.1	0.083743226
25	-0.2	0.08208499862	2.144734665	2.144734665	6.043349208	0.08208499862	2.144734665	0.1	0.082084999
25.1	-0.2	0.08045960675	2.126851349	2.126851349	6.064797284	0.08045960675	2.126851349	0.1	0.082084999
25.2	-0.2	0.08045960675	2.139540869	2.139540869	6.0865708	0.08045960675	2.139540869	0.1	0.080459607
25.3	-0.2	0.07886639979	2.118357995	2.118357995	6.107590954	0.07886639979	2.118357995	0.1	0.080459607
25.4	-0.2	0.07886639979	2.100828792	2.100828792	6.129010357	0.07886639979	2.100828792	0.1	0.0788664
25.5	-0.2	0.07730474044	2.112948401	2.112948401	6.150275343	0.07730474044	2.112948401	0.1	0.0788664
25.6	-0.2	0.07730474044	2.092184976	2.092184976	6.171275297	0.07730474044	2.092184976	0.1	0.07730474
25.7	-0.2	0.07577400402	2.074690543	2.074690543	6.192186872	0.07577400402	2.074690543	0.1	0.07730474
25.8	-0.2	0.07577400402	2.086570168	2.086570168	6.21342681	0.07577400402	2.086570168	0.1	0.075774004
25.9	-0.2	0.07427357821	2.065911739	2.065911739	6.233921058	0.07427357821	2.065911739	0.1	0.075774004
26	-0.2	0.07427357821	2.048763718	2.048763718	6.254814583	0.07427357821	2.048763718	0.1	0.074273578
26.1	-0.2	0.07280286283	2.060108026	2.060108026	6.275538001	0.07280286283	2.060108026	0.1	0.074273578
26.2	-0.2	0.07280286283	2.039858661	2.039858661	6.296022461	0.07280286283	2.039858661	0.1	0.072802863
26.3	-0.2	0.07136126956	2.022756051	2.022756051	6.316400383	0.07136126956	2.022756051	0.1	0.072802863
26.4	-0.2	0.07136126956	2.033875726	2.033875726	6.337109477	0.07136126956	2.033875726	0.1	0.07136127
26.5	-0.2	0.06994822174	2.013739007	2.013739007	6.35708061	0.06994822174	2.013739007	0.1	0.07136127
26.6	-0.2	0.06994822174	1.996975051	1.996975051	6.377451049	0.06994822174	1.996975051	0.1	0.069948222
26.7	-0.2	0.06856315415	2.007591933	2.007591933	6.397636657	0.06856315415	2.007591933	0.1	0.069948222
26.8	-0.2	0.06856315415	1.987853948	1.987853948	6.417608362	0.06856315415	1.987853948	0.1	0.068563154
26.9	-0.2	0.06720551274	1.971144927	1.971144927	6.437456426	0.06720551274	1.971144927	0.1	0.068563154
27	-0.2	0.06720551274	1.98155158	1.98155158	6.457638359	0.06720551274	1.98155158	0.1	0.067205513
27.1	-0.2	0.06587475443	1.961932905	1.961932905	6.4770901	0.06587475443	1.961932905	0.1	0.067205513
27.2	-0.2	0.06587475443	1.945554745	1.945554745	6.496941172	0.06587475443	1.945554745	0.1	0.065874754
27.3	-0.2	0.06457034689	1.955489181	1.955489181	6.516593602	0.06457034689	1.955489181	0.1	0.065874754
27.4	-0.2	0.06457034689	1.936258981	1.936258981	6.536056198	0.06457034689	1.936258981	0.1	0.064570347
27.5	-0.2	0.06329176836	1.919944249	1.919944249	6.555379048	0.06329176836	1.919944249	0.1	0.064570347
27.6	-0.2	0.06329176836	1.92968197	1.92968197	6.57503836	0.06329176836	1.92968197	0.1	0.063291768
27.7	-0.2	0.06203850738	1.910576838	1.910576838	6.593975261	0.06203850738	1.910576838	0.1	0.063291768
27.8	-0.2	0.06203850738	1.894585159	1.894585159	6.613311519	0.06203850738	1.894585159	0.1	0.062038507
27.9	-0.2	0.06081006263	1.903879408	1.903879408	6.632436176	0.06081006263	1.903879408	0.1	0.062038507
28	-0.2	0.06081006263	1.885152584	1.885152584	6.651394127	0.06081006263	1.885152584	0.1	0.060810063
28.1	-0.2	0.05960594271	1.869231872	1.869231872	6.670197165	0.05960594271	1.869231872	0.1	0.060810063
28.2	-0.2	0.05960594271	1.878342083	1.878342083	6.689339154	0.05960594271	1.878342083	0.1	0.059605943
28.3	-0.2	0.05842566596	1.85974525	1.85974525	6.707766511	0.05842566596	1.85974525	0.1	0.059605943
28.4	-0.2	0.05842566596	1.84413979	1.84413979	6.726593249	0.05842566596	1.84413979	0.1	0.058425666
28.5	-0.2	0.05726876027	1.852833551	1.852833551	6.745196231	0.05726876027	1.852833551	0.1	0.058425666
28.6	-0.2	0.05726876027	1.83460496	1.83460496	6.763654728	0.05726876027	1.83460496	0.1	0.05726876
28.7	-0.2	0.05613476283	1.819077127	1.819077127	6.781944027	0.05613476283	1.819077127	0.1	0.05726876
28.8	-0.2	0.05613476283	1.82759874	1.82759874	6.800574672	0.05613476283	1.82759874	0.1	0.056134763
28.9	-0.2	0.05502322006	1.8095043	1.8095043	6.818498438	0.05502322006	1.8095043	0.1	0.056134763
29	-0.2	0.05502322006	1.794283939	1.794283939	6.836821612	0.05502322006	1.794283939	0.1	0.05502322
29.1	-0.2	0.0539336873	1.802414505	1.802414505	6.854909627	0.0539336873	1.802414505	0.1	0.05502322
29.2	-0.2	0.0539336873	1.784678359	1.784678359	6.872874506	0.0539336873	1.784678359	0.1	0.053933687
29.3	-0.2	0.05286572874	1.769541474	1.769541474	6.890656736	0.05286572874	1.769541474	0.1	0.053933687
29.4	-0.2	0.05286572874	1.777511044	1.777511044	6.908782611	0.05286572874	1.777511044	0.1	0.052865729
29.5	-0.2	0.05181891717	1.759912505	1.759912505	6.926209327	0.05181891717	1.759912505	0.1	0.052865729
29.6	-0.2	0.05181891717	1.745075351	1.745075351	6.944035471	0.05181891717	1.745075351	0.1	0.051818917
29.7	-0.2	0.05079283386	1.75267775	1.75267775	6.961615766	0.05079283386	1.75267775	0.1	0.051818917
29.8	-0.2	0.05079283386	1.735427686	1.735427686	6.979093436	0.05079283386	1.735427686	0.1	0.050792834
29.9	-0.2	0.04978706837	1.720679111	1.720679111	6.99637579	0.04978706837	1.720679111	0.1	0.050792834
30	-0.2	0.04978706837	1.728130972	1.728130972	7.014003998	0.04978706837	1.728130972	0.1	0.049787068
30.1	-0.2	0.04880121836	1.711021329	1.711021329	7.030940713	0.04880121836	1.711021329	0.1	0.049787068
30.2	-0.2	0.04880121836	1.696564795	1.696564795	7.04827688	0.04880121836	1.696564795	0.1	0.048801218
30.3	-0.2	0.04783488949	1.70367193	1.70367193	7.065357169	0.04783488949	1.70367193	0.1	0.048801218
30.4	-0.2	0.04783488949	1.68690108	1.68690108	7.082354542	0.04783488949	1.68690108	0.1	0.047834889
30.5	-0.2	0.04688769522	1.672537539	1.672537539	7.099144669	0.04688769522	1.672537539	0.1	0.047834889
30.6	-0.2	0.04688769522	1.679503943	1.679503943	7.116282772	0.04688769522	1.679503943	0.1	0.046887695
30.7	-0.2	0.04595925665	1.66287574	1.66287574	7.132736987	0.04595925665	1.66287574	0.1	0.046887695
30.8	-0.2	0.04595925665	1.648796616	1.648796616	7.149590674	0.04595925665	1.648796616	0.1	0.045959257
30.9	-0.2	0.04504920239	1.655439388	1.655439388	7.166179081	0.04504920239	1.655439388	0.1	0.045959257
31	-0.2	0.04504920239	1.639140446	1.639140446	7.182703507	0.04504920239	1.639140446	0.1	0.045049202
31.1	-0.2	0.04415716842	1.625158096	1.625158096	7.199009452	0.04415716842	1.625158096	0.1	0.045049202
31.2	-0.2	0.04415716842	1.631669333	1.631669333	7.215665414	0.04415716842	1.631669333	0.1	0.044157168
31.3	-0.2	0.0432827979	1.615514724	1.615514724	7.231645015	0.0432827979	1.615514724	0.1	0.044157168
31.4	-0.2	0.0432827979	1.601809244	1.601809244	7.248024107	0.0432827979	1.601809244	0.1	0.043282798
31.5	-0.2	0.04242574108	1.608016675	1.608016675	7.264129106	0.04242574108	1.608016675	0.1	0.043282798
31.6	-0.2	0.04242574108	1.592181948	1.592181948	7.280188316	0.04242574108	1.592181948	0.1	0.042425741
31.7	-0.2	0.04158565512	1.578576444	1.578576444	7.296018466	0.04158565512	1.578576444	0.1	0.042425741
31.8	-0.2	0.04158565512	1.584660959	1.584660959	7.312200591	0.04158565512	1.584660959	0.1	0.041585655
31.9	-0.2	0.04076220398	1.568971764	1.568971764	7.327713798	0.04076220398	1.568971764	0.1	0.041585655
32	-0.2	0.04076220398	1.555635667	1.555635667	7.343626516	0.04076220398	1.555635667	0.1	0.040762204
32.1	-0.2	0.03995505826	1.561435011	1.561435011	7.359256877	0.03995505826	1.561435011	0.1	0.040762204
32.2	-0.2	0.03995505826	1.546056483	1.546056483	7.374858929	0.03995505826	1.546056483	0.1	0.039955058
32.3	-0.2	0.0391638951	1.532823028	1.532823028	7.390221957	0.0391638951	1.532823028	0.1	0.039955058
32.4	-0.2	0.0391638951	1.538507538	1.538507538	7.405938843	0.0391638951	1.538507538	0.1	0.039163895
32.5	-0.2	0.03838839802	1.523275292	1.523275292	7.420994159	0.03838839802	1.523275292	0.1	0.039163895
32.6	-0.2	0.03838839802	1.510303878	1.510303878	7.436449005	0.03838839802	1.510303878	0.1	0.038388398
32.7	-0.2	0.03762825681	1.515720727	1.515720727	7.451613749	0.03762825681	1.515720727	0.1	0.038388398
32.8	-0.2	0.03762825681	1.5007901	1.5007901	7.466766976	0.03762825681	1.5007901	0.1	0.037628257
32.9	-0.2	0.0368831674	1.487923509	1.487923509	7.481671797	0.0368831674	1.487923509	0.1	0.037628257
33	-0.2	0.0368831674	1.493233097	1.493233097	7.496932285	0.0368831674	1.493233097	0.1	0.036883167
33.1	-0.2	0.03615283175	1.478449099	1.478449099	7.51153845	0.03615283175	1.478449099	0.1	0.036883167
33.2	-0.2	0.03615283175	1.465837283	1.465837283	7.526544163	0.03615283175	1.465837283	0.1	0.036152832
33.3	-0.2	0.03543695772	1.470895667	1.470895667	7.541252514	0.03543695772	1.470895667	0.1	0.036152832
33.4	-0.2	0.03543695772	1.456404411	1.456404411	7.555965484	0.03543695772	1.456404411	0.1	0.035436958
33.5	-0.2	0.03473525894	1.443899151	1.443899151	7.570421211	0.03473525894	1.443899151	0.1	0.035436958
33.6	-0.2	0.03473525894	1.448857373	1.448857373	7.585234344	0.03473525894	1.448857373	0.1	0.034735259
33.7	-0.2	0.03404745473	1.434512724	1.434512724	7.599400291	0.03404745473	1.434512724	0.1	0.034735259
33.8	-0.2	0.03404745473	1.422255084	1.422255084	7.613965803	0.03404745473	1.422255084	0.1	0.034047455
33.9	-0.2	0.03337326996	1.426977566	1.426977566	7.62822715	0.03337326996	1.426977566	0.1	0.034047455
34	-0.2	0.03337326996	1.412916959	1.412916959	7.642508619	0.03337326996	1.412916959	0.1	0.03337327
34.1	-0.2	0.03271243494	1.400767201	1.400767201	7.656524524	0.03271243494	1.400767201	0.1	0.03337327
34.2	-0.2	0.03271243494	1.405396171	1.405396171	7.670899504	0.03271243494	1.405396171	0.1	0.032712435
34.3	-0.2	0.03206468533	1.391481816	1.391481816	7.684634322	0.03206468533	1.391481816	0.1	0.032712435
34.4	-0.2	0.03206468533	1.379572639	1.379572639	7.69876872	0.03206468533	1.379572639	0.1	0.032064685
34.5	-0.2	0.03142976202	1.383980399	1.383980399	7.71259258	0.03142976202	1.383980399	0.1	0.032064685
34.6	-0.2	0.03142976202	1.370341567	1.370341567	7.726451456	0.03142976202	1.370341567	0.1	0.031429762
34.7	-0.2	0.03080741103	1.358541223	1.358541223	7.740036933	0.03080741103	1.358541223	0.1	0.031429762
34.8	-0.2	0.03080741103	1.362861703	1.362861703	7.753983089	0.03080741103	1.362861703	0.1	0.030807411
34.9	-0.2	0.03019738342	1.349368468	1.349368468	7.767295985	0.03019738342	1.349368468	0.1	0.030807411
35	-0.2	0.03019738342	1.337801786	1.337801786	7.781008478	0.03019738342	1.337801786	0.1	0.030197383
35.1	-0.2	0.02959943517	1.34191471	1.34191471	7.79440446	0.02959943517	1.34191471	0.1	0.030197383
35.2	-0.2	0.02959943517	1.328688659	1.328688659	7.807849769	0.02959943517	1.328688659	0.1	0.029599435
35.3	-0.2	0.02901332708	1.317231423	1.317231423	7.8210143	0.02901332708	1.317231423	0.1	0.029599435
35.4	-0.2	0.02901332708	1.321262906	1.321262906	7.83454105	0.02901332708	1.321262906	0.1	0.029013327
35.5	-0.2	0.02843882471	1.308181526	1.308181526	7.84744132	0.02843882471	1.308181526	0.1	0.029013327
35.6	-0.2	0.02843882471	1.296951159	1.296951159	7.860741202	0.02843882471	1.296951159	0.1	0.028438825
35.7	-0.2	0.02787569826	1.300787912	1.300787912	7.873718979	0.02787569826	1.300787912	0.1	0.028438825
35.8	-0.2	0.02787569826	1.287965561	1.287965561	7.886759832	0.02787569826	1.287965561	0.1	0.027875698
35.9	-0.2	0.02732372245	1.276844945	1.276844945	7.899512958	0.02732372245	1.276844945	0.1	0.027875698
36	-0.2	0.02732372245	1.280605725	1.280605725	7.912629784	0.02732372245	1.280605725	0.1	0.027323722
36.1	-0.2	0.02678267649	1.267926879	1.267926879	7.92512678	0.02678267649	1.267926879	0.1	0.027323722
36.2	-0.2	0.02678267649	1.257026465	1.257026465	7.938023403	0.02678267649	1.257026465	0.1	0.026782676
36.3	-0.2	0.02625234397	1.260604568	1.260604568	7.950592681	0.02625234397	1.260604568	0.1	0.026782676
36.4	-0.2	0.02625234397	1.24817678	1.24817678	7.963238246	0.02625234397	1.24817678	0.1	0.026252344
36.5	-0.2	0.02573251273	1.237386142	1.237386142	7.975589539	0.02573251273	1.237386142	0.1	0.026252344
36.6	-0.2	0.02573251273	1.240893394	1.240893394	7.988305956	0.02573251273	1.240893394	0.1	0.025732513
36.7	-0.2	0.02522297484	1.228607726	1.228607726	8.000409062	0.02522297484	1.228607726	0.1	0.025732513
36.8	-0.2	0.02522297484	1.218030758	1.218030758	8.012911809	0.02522297484	1.218030758	0.1	0.025222975
36.9	-0.2	0.02472352647	1.221366654	1.221366654	8.025082305	0.02472352647	1.221366654	0.1	0.025222975
37	-0.2	0.02472352647	1.209324258	1.209324258	8.03734178	0.02472352647	1.209324258	0.1	0.024723526
37.1	-0.2	0.02423396785	1.198856838	1.198856838	8.049300819	0.02423396785	1.198856838	0.1	0.024723526
37.2	-0.2	0.02423396785	1.202126679	1.202126679	8.06162635	0.02423396785	1.202126679	0.1	0.024233968
37.3	-0.2	0.02375410313	1.190224827	1.190224827	8.073344956	0.02375410313	1.190224827	0.1	0.024233968
37.4	-0.2	0.02375410313	1.179964676	1.179964676	8.085463217	0.02375410313	1.179964676	0.1	0.023754103
37.5	-0.2	0.02328374037	1.183073796	1.183073796	8.097244632	0.02328374037	1.183073796	0.1	0.023754103
37.6	-0.2	0.02328374037	1.171407617	1.171407617	8.109127221	0.02328374037	1.171407617	0.1	0.02328374
37.7	-0.2	0.02282269143	1.161256558	1.161256558	8.12070357	0.02282269143	1.161256558	0.1	0.02328374
37.8	-0.2	0.02282269143	1.164304114	1.164304114	8.132647724	0.02282269143	1.164304114	0.1	0.022822691
37.9	-0.2	0.02237077186	1.15277673	1.15277673	8.143991205	0.02237077186	1.15277673	0.1	0.022822691
38	-0.2	0.02237077186	1.142826675	1.142826675	8.155734354	0.02237077186	1.142826675	0.1	0.022370772
38.1	-0.2	0.02192780089	1.145723502	1.145723502	8.167136355	0.02192780089	1.145723502	0.1	0.022370772
38.2	-0.2	0.02192780089	1.134424376	1.134424376	8.178651247	0.02192780089	1.134424376	0.1	0.021927801
38.3	-0.2	0.02149360135	1.124582751	1.124582751	8.189854434	0.02149360135	1.124582751	0.1	0.021927801
38.4	-0.2	0.02149360135	1.127422217	1.127422217	8.201426686	0.02149360135	1.127422217	0.1	0.021493601
38.5	-0.2	0.02106799952	1.116259989	1.116259989	8.212404381	0.02106799952	1.116259989	0.1	0.021493601
38.6	-0.2	0.02106799952	1.106613241	1.106613241	8.223781757	0.02106799952	1.106613241	0.1	0.021068
38.7	-0.2	0.02065082518	1.109311361	1.109311361	8.234813957	0.02065082518	1.109311361	0.1	0.021068
38.8	-0.2	0.02065082518	1.09837016	1.09837016	8.245970306	0.02065082518	1.09837016	0.1	0.020650825
38.9	-0.2	0.02024191145	1.088830996	1.088830996	8.256809802	0.02024191145	1.088830996	0.1	0.020650825
39	-0.2	0.02024191145	1.091475689	1.091475689	8.268019577	0.02024191145	1.091475689	0.1	0.020241911
39.1	-0.2	0.01984109474	1.080669356	1.080669356	8.278640772	0.01984109474	1.080669356	0.1	0.020241911
39.2	-0.2	0.01984109474	1.07131908	1.07131908	8.289661658	0.01984109474	1.07131908	0.1	0.019841095
39.3	-0.2	0.01944821475	1.073831241	1.073831241	8.300333602	0.01944821475	1.073831241	0.1	0.019841095
39.4	-0.2	0.01944821475	1.063238888	1.063238888	8.311140509	0.01944821475	1.063238888	0.1	0.019448215
39.5	-0.2	0.01906311429	1.053995184	1.053995184	8.321625717	0.01906311429	1.053995184	0.1	0.019448215
39.6	-0.2	0.01906311429	1.056457601	1.056457601	8.332482368	0.01906311429	1.056457601	0.1	0.019063114
39.7	-0.2	0.01868563934	1.04599797	1.04599797	8.342756277	0.01868563934	1.04599797	0.1	0.019063114
39.8	-0.2	0.01868563934	1.036937304	1.036937304	8.353429891	0.01868563934	1.036937304	0.1	0.018685639
39.9	-0.2	0.01831563889	1.039275467	1.039275467	8.363751034	0.01831563889	1.039275467	0.1	0.018685639
40	-0.2	0.01831563889	1.02902295	1.02902295	8.374217533	0.01831563889	1.02902295	0.1	0.018315639
40.1	-0.2	0.01795296494	1.020067697	1.020067697	8.384357769	0.01795296494	1.020067697	0.1	0.018315639
40.2	-0.2	0.01795296494	1.022359562	1.022359562	8.394870567	0.01795296494	1.022359562	0.1	0.017952965
40.3	-0.2	0.01759747242	1.012237524	1.012237524	8.404806323	0.01759747242	1.012237524	0.1	0.017952965
40.4	-0.2	0.01759747242	1.003459596	1.003459596	8.415141795	0.01759747242	1.003459596	0.1	0.017597472
40.5	-0.2	0.01724901912	1.00563498	1.00563498	8.425121497	0.01724901912	1.00563498	0.1	0.017597472
40.6	-0.2	0.01724901912	0.9957133722	0.9957133722	8.43525654	0.01724901912	0.9957133722	0.1	0.017249019
40.7	-0.2	0.01690746565	0.9870395689	0.9870395689	8.445061019	0.01690746565	0.9870395689	0.1	0.017249019
40.8	-0.2	0.01690746565	0.9891718774	0.9891718774	8.455239137	0.01690746565	0.9891718774	0.1	0.016907466
40.9	-0.2	0.0165726754	0.9793784195	0.9793784195	8.464845776	0.0165726754	0.9793784195	0.1	0.016907466
41	-0.2	0.0165726754	0.970876369	0.970876369	8.474852141	0.0165726754	0.970876369	0.1	0.016572675
41.1	-0.2	0.01624451444	0.9728994971	0.9728994971	8.484499649	0.01624451444	0.9728994971	0.1	0.016572675
41.2	-0.2	0.01624451444	0.9632999626	0.9632999626	8.494312091	0.01624451444	0.9632999626	0.1	0.016244514
41.3	-0.2	0.0159228515	0.9549006316	0.9549006316	8.503789922	0.0159228515	0.9549006316	0.1	0.016244514
41.4	-0.2	0.0159228515	0.9568836991	0.9568836991	8.513642424	0.0159228515	0.9568836991	0.1	0.015922852
41.5	-0.2	0.01560755792	0.9474099155	0.9474099155	8.522928872	0.01560755792	0.9474099155	0.1	0.015922852
41.6	-0.2	0.01560755792	0.9391769025	0.9391769025	8.532615056	0.01560755792	0.9391769025	0.1	0.015607558
41.7	-0.2	0.01529850757	0.941057644	0.941057644	8.541939497	0.01529850757	0.941057644	0.1	0.015607558
41.8	-0.2	0.01529850757	0.931771454	0.931771454	8.551438088	0.01529850757	0.931771454	0.1	0.015298508
41.9	-0.2	0.01499557682	0.9236396554	0.9236396554	8.560598256	0.01499557682	0.9236396554	0.1	0.015298508
42	-0.2	0.01499557682	0.9254831557	0.9254831557	8.570134088	0.01499557682	0.9254831557	0.1	0.014995577
42.1	-0.2	0.0146986445	0.9163202585	0.9163202585	8.579109153	0.0146986445	0.9163202585	0.1	0.014995577
42.2	-0.2	0.0146986445	0.9083494802	0.9083494802	8.588483964	0.0146986445	0.9083494802	0.1	0.014698645
42.3	-0.2	0.01440759184	0.9100970903	0.9100970903	8.597494334	0.01440759184	0.9100970903	0.1	0.014698645
42.4	-0.2	0.01440759184	0.9011156306	0.9011156306	8.606687707	0.01440759184	0.9011156306	0.1	0.014407592
42.5	-0.2	0.01412230241	0.8932444739	0.8932444739	8.615539069	0.01412230241	0.8932444739	0.1	0.014407592
42.6	-0.2	0.01412230241	0.894957479	0.894957479	8.624767048	0.01412230241	0.894957479	0.1	0.014122302
42.7	-0.2	0.01384266209	0.8860968061	0.8860968061	8.633439412	0.01384266209	0.8860968061	0.1	0.014122302
42.8	-0.2	0.01384266209	0.8783815088	0.8783815088	8.642511531	0.01384266209	0.8783815088	0.1	0.013842662
42.9	-0.2	0.01356855901	0.8800046659	0.8800046659	8.651216685	0.01356855901	0.8800046659	0.1	0.013842662
43	-0.2	0.01356855901	0.8713194461	0.8713194461	8.660113352	0.01356855901	0.8713194461	0.1	0.013568559
43.1	-0.2	0.01329988354	0.8637021013	0.8637021013	8.668664625	0.01329988354	0.8637021013	0.1	0.013568559
43.2	-0.2	0.01329988354	0.8652931178	0.8652931178	8.677593432	0.01329988354	0.8652931178	0.1	0.013299884
43.3	-0.2	0.0130365282	0.8567261418	0.8567261418	8.685971641	0.0130365282	0.8567261418	0.1	0.013299884
43.4	-0.2	0.0130365282	0.8492596306	0.8492596306	8.694749615	0.0130365282	0.8492596306	0.1	0.013036528
43.5	-0.2	0.01277838765	0.8507664718	0.8507664718	8.703158264	0.01277838765	0.8507664718	0.1	0.013036528
43.6	-0.2	0.01277838765	0.8423691333	0.8423691333	8.7117666	0.01277838765	0.8423691333	0.1	0.012778388
43.7	-0.2	0.01252535862	0.8349988407	0.8349988407	8.72002636	0.01252535862	0.8349988407	0.1	0.012778388
43.8	-0.2	0.01252535862	0.8364758445	0.8364758445	8.728664533	0.01252535862	0.8364758445	0.1	0.012525359
43.9	-0.2	0.0122773399	0.8281941787	0.8281941787	8.736756992	0.0122773399	0.8281941787	0.1	0.012525359
44	-0.2	0.0122773399	0.8209698276	0.8209698276	8.745249224	0.0122773399	0.8209698276	0.1	0.01227734
44.1	-0.2	0.01203423228	0.8223679811	0.8223679811	8.753369927	0.01203423228	0.8223679811	0.1	0.01227734
44.2	-0.2	0.01203423228	0.8142503033	0.8142503033	8.761698171	0.01203423228	0.8142503033	0.1	0.012034232
44.3	-0.2	0.01179593852	0.8071203823	0.8071203823	8.76967484	0.01179593852	0.8071203823	0.1	0.012034232
44.4	-0.2	0.01179593852	0.8084908505	0.8084908505	8.77803077	0.01179593852	0.8084908505	0.1	0.011795939
44.5	-0.2	0.01156236329	0.8004862547	0.8004862547	8.785845735	0.01156236329	0.8004862547	0.1	0.011795939
44.6	-0.2	0.01156236329	0.7934975156	0.7934975156	8.794060483	0.01156236329	0.7934975156	0.1	0.011562363
44.7	-0.2	0.01133341315	0.7947941318	0.7947941318	8.801901642	0.01133341315	0.7947941318	0.1	0.011562363
44.8	-0.2	0.01133341315	0.7869480376	0.7869480376	8.809957888	0.01133341315	0.7869480376	0.1	0.011333413
44.9	-0.2	0.01110899654	0.7800518947	0.7800518947	8.817659735	0.01110899654	0.7800518947	0.1	0.011333413
45	-0.2	0.01110899654	0.7813228361	0.7813228361	8.825741656	0.01110899654	0.7813228361	0.1	0.011108997
45.1	-0.2	0.01088902367	0.7735872217	0.7735872217	8.833287234	0.01088902367	0.7735872217	0.1	0.011108997
45.2	-0.2	0.01088902367	0.7668276315	0.7668276315	8.841232602	0.01088902367	0.7668276315	0.1	0.010889024
45.3	-0.2	0.01067340655	0.7680294122	0.7680294122	8.848802457	0.01067340655	0.7680294122	0.1	0.010889024
45.4	-0.2	0.01067340655	0.7604469732	0.7604469732	8.856594649	0.01067340655	0.7604469732	0.1	0.010673407
45.5	-0.2	0.01046205894	0.7537781085	0.7537781085	8.864029785	0.01046205894	0.7537781085	0.1	0.010673407
45.6	-0.2	0.01046205894	0.7549560923	0.7549560923	8.871845774	0.01046205894	0.7549560923	0.1	0.010462059
45.7	-0.2	0.0102548963	0.7474815261	0.7474815261	8.879129914	0.0102548963	0.7474815261	0.1	0.010462059
45.8	-0.2	0.0102548963	0.7409447138	0.7409447138	8.88681385	0.0102548963	0.7409447138	0.1	0.010254896
45.9	-0.2	0.01005183574	0.7420579393	0.7420579393	8.894120478	0.01005183574	0.7420579393	0.1	0.010254896
46	-0.2	0.01005183574	0.7347313795	0.7347313795	8.901656409	0.01005183574	0.7347313795	0.1	0.010051836
46.1	-0.2	0.009852796061	0.7282833925	0.7282833925	8.908832779	0.009852796061	0.7282833925	0.1	0.010051836
46.2	-0.2	0.009852796061	0.7293745747	0.7293745747	8.916390752	0.009852796061	0.7293745747	0.1	0.009852796
46.3	-0.2	0.009657697628	0.7221532827	0.7221532827	8.923421243	0.009657697628	0.7221532827	0.1	0.009852796
46.4	-0.2	0.009657697628	0.7158329744	0.7158329744	8.930851538	0.009657697628	0.7158329744	0.1	0.009657698
46.5	-0.2	0.009466462402	0.71686353	0.71686353	8.937902847	0.009466462402	0.71686353	0.1	0.009657698
46.6	-0.2	0.009466462402	0.7097852291	0.7097852291	8.945190151	0.009466462402	0.7097852291	0.1	0.009466462
46.7	-0.2	0.009279013887	0.7035518244	0.7035518244	8.952115536	0.009279013887	0.7035518244	0.1	0.009466462
46.8	-0.2	0.009279013887	0.7045619736	0.7045619736	8.959423247	0.009279013887	0.7045619736	0.1	0.009279014
46.9	-0.2	0.009095277102	0.6975863426	0.6975863426	8.966207715	0.009095277102	0.6975863426	0.1	0.009279014
47	-0.2	0.009095277102	0.6914763675	0.6914763675	8.973391996	0.009095277102	0.6914763675	0.1	0.009095277
47.1	-0.2	0.008915178548	0.6924297672	0.6924297672	8.980195724	0.008915178548	0.6924297672	0.1	0.009095277
47.2	-0.2	0.008915178548	0.685592263	0.685592263	8.987241878	0.008915178548	0.685592263	0.1	0.008915179
47.3	-0.2	0.008738646185	0.6795672538	0.6795672538	8.993923894	0.008738646185	0.6795672538	0.1	0.008915179
47.4	-0.2	0.008738646185	0.6805017749	0.6805017749	9.000988926	0.008738646185	0.6805017749	0.1	0.008738646
47.5	-0.2	0.008565609397	0.6737643559	0.6737643559	9.007534836	0.008565609397	0.6737643559	0.1	0.008738646
47.6	-0.2	0.008565609397	0.6678586499	0.6678586499	9.014480566	0.008565609397	0.6678586499	0.1	0.008565609
47.7	-0.2	0.008395998967	0.6687400588	0.6687400588	9.021044282	0.008395998967	0.6687400588	0.1	0.008565609
47.8	-0.2	0.008395998967	0.6621360497	0.6621360497	9.027856601	0.008395998967	0.6621360497	0.1	0.008395999
47.9	-0.2	0.008229747049	0.6563133623	0.6563133623	9.034302691	0.008229747049	0.6563133623	0.1	0.008395999
48	-0.2	0.008229747049	0.6571773181	0.6571773181	9.041132464	0.008229747049	0.6571773181	0.1	0.008229747
48.1	-0.2	0.008066787139	0.6506708268	0.6506708268	9.047447114	0.008066787139	0.6506708268	0.1	0.008229747
48.2	-0.2	0.008066787139	0.6449634364	0.6449634364	9.054161589	0.008066787139	0.6449634364	0.1	0.008066787
48.3	-0.2	0.007907054052	0.6457776928	0.6457776928	9.060492689	0.007907054052	0.6457776928	0.1	0.008066787
48.4	-0.2	0.007907054052	0.6394000386	0.6394000386	9.067078327	0.007907054052	0.6394000386	0.1	0.007907054
48.5	-0.2	0.007750483891	0.6337737155	0.6337737155	9.073295767	0.007750483891	0.6337737155	0.1	0.007907054
48.6	-0.2	0.007750483891	0.6345718485	0.6345718485	9.079897529	0.007750483891	0.6345718485	0.1	0.007750484
48.7	-0.2	0.007597014028	0.6282891664	0.6282891664	9.08598805	0.007597014028	0.6282891664	0.1	0.007750484
48.8	-0.2	0.007597014028	0.6227742519	0.6227742519	9.092478403	0.007597014028	0.6227742519	0.1	0.007597014
48.9	-0.2	0.007446583071	0.6235258868	0.6235258868	9.098584108	0.007446583071	0.6235258868	0.1	0.007597014
49	-0.2	0.007446583071	0.6173676101	0.6173676101	9.104950056	0.007446583071	0.6173676101	0.1	0.007446583
49.1	-0.2	0.007299130847	0.6119318121	0.6119318121	9.110945951	0.007299130847	0.6119318121	0.1	0.007446583
49.2	-0.2	0.007299130847	0.6126685636	0.6126685636	9.117326782	0.007299130847	0.6126685636	0.1	0.007299131
49.3	-0.2	0.007154598372	0.6066027386	0.6066027386	9.123200139	0.007154598372	0.6066027386	0.1	0.007299131
49.4	-0.2	0.007154598372	0.6012745765	0.6012745765	9.129473334	0.007154598372	0.6012745765	0.1	0.007154598
49.5	-0.2	0.007012927833	0.601967833	0.601967833	9.135360696	0.007012927833	0.601967833	0.1	0.007154598
49.6	-0.2	0.007012927833	0.5960221193	0.5960221193	9.14151378	0.007012927833	0.5960221193	0.1	0.007012928
49.7	-0.2	0.006874062557	0.5907711277	0.5907711277	9.147295065	0.006874062557	0.5907711277	0.1	0.007012928
49.8	-0.2	0.006874062557	0.5914506567	0.5914506567	9.153461875	0.006874062557	0.5914506567	0.1	0.006874063
49.9	-0.2	0.006737946999	0.5855949031	0.5855949031	9.159124866	0.006737946999	0.5855949031	0.1	0.006874063
50	-0.2	0.006737946999	0.5804478881	0.5804478881	9.165187701	0.006737946999	0.5804478881	0.1	0.006737947