<?xml version="1.0" encoding="UTF-8"?>
<sbml xmlns="http://www.sbml.org/sbml/level3/version1/core" xmlns:comp="http://www.sbml.org/sbml/level3/version1/comp/version1" level="3" version="1" comp:required="true">
  <model metaid="meta_f4dd2ecc636e4f20a8825172424cb8d7" sboTerm="SBO:0000293" id="diauxic_top" name="Top level model" substanceUnits="mmol" timeUnits="h" volumeUnits="l" areaUnits="m2" lengthUnits="m" extentUnits="mmol">
    <notes>
      <body xmlns="http://www.w3.org/1999/xhtml">
        <h1>Diauxic Growth Model</h1>
        <p>
          <strong>Model version: 6</strong>
        </p>
        <h2>Description</h2>
        <p>Dynamic Flux Balance Analysis of Diauxic Growth in Escherichia coli</p>
        <p>The key variables in the mathematical model of the metabolic
network are the glucose concentration (Glcxt), the acetate concentration (Ac),
the biomass concentration (X), and the oxygen concentration (O2) in the gas phase.</p>
        <div class="dc:publisher">This file has been produced by
      <a href="https://livermetabolism.com/contact.html" title="Matthias Koenig" target="_blank">Matthias Koenig</a>.
      </div>
      <h2>Terms of use</h2>
      <div class="dc:rightsHolder">Copyright © 2017 Matthias Koenig</div>
      <div class="dc:license">
        <p>Redistribution and use of any part of this model, with or without modification, are permitted provided that
      the following conditions are met:
        <ol>
          <li>Redistributions of this SBML file must retain the above copyright notice, this list of conditions
              and the following disclaimer.</li>
          <li>Redistributions in a different form must reproduce the above copyright notice, this list of
              conditions and the following disclaimer in the documentation and/or other materials provided
          with the distribution.</li>
        </ol>
        This model is distributed in the hope that it will be useful, but WITHOUT ANY WARRANTY; without even
             the implied warranty of MERCHANTABILITY or FITNESS FOR A PARTICULAR PURPOSE.</p>
    </div>
  </body>
</notes><annotation>
  <rdf:RDF xmlns:rdf="http://www.w3.org/1999/02/22-rdf-syntax-ns#" xmlns:dcterms="http://purl.org/dc/terms/" xmlns:vCard="http://www.w3.org/2001/vcard-rdf/3.0#" xmlns:vCard4="http://www.w3.org/2006/vcard/ns#" xmlns:bqbiol="http://biomodels.net/biology-qualifiers/" xmlns:bqmodel="http://biomodels.net/model-qualifiers/">
    <rdf:Description rdf:about="#meta_f4dd2ecc636e4f20a8825172424cb8d7">
      <dcterms:creator>
        <rdf:Bag>
          <rdf:li rdf:parseType="Resource">
            <vCard:N rdf:parseType="Resource">
              <vCard:Family>Koenig</vCard:Family>
              <vCard:Given>Matthias</vCard:Given>
            </vCard:N>
            <vCard:EMAIL>konigmatt@googlemail.com</vCard:EMAIL>
            <vCard:ORG rdf:parseType="Resource">
              <vCard:Orgname>Humboldt University Berlin</vCard:Orgname>
            </vCard:ORG>
          </rdf:li>
        </rdf:Bag>
      </dcterms:creator>
      <dcterms:created rdf:parseType="Resource">
        <dcterms:W3CDTF>2017-03-10T10:56:48Z</dcterms:W3CDTF>
      </dcterms:created>
      <dcterms:modified rdf:parseType="Resource">
        <dcterms:W3CDTF>2017-03-10T10:56:48Z</dcterms:W3CDTF>
      </dcterms:modified>
    </rdf:Description>
  </rdf:RDF>
</annotation><listOfUnitDefinitions>
  <unitDefinition id="h">
    <listOfUnits>
      <unit kind="second" exponent="1" scale="0" multiplier="3600"/>
    </listOfUnits>
    <comp:listOfReplacedElements>
      <comp:replacedElement comp:unitRef="h" comp:submodelRef="bounds"/>
      <comp:replacedElement comp:unitRef="h" comp:submodelRef="fba"/>
      <comp:replacedElement comp:unitRef="h" comp:submodelRef="update"/>
    </comp:listOfReplacedElements>
  </unitDefinition>
  <unitDefinition id="g">
    <listOfUnits>
      <unit kind="gram" exponent="1" scale="0" multiplier="1"/>
    </listOfUnits>
    <comp:listOfReplacedElements>
      <comp:replacedElement comp:unitRef="g" comp:submodelRef="bounds"/>
      <comp:replacedElement comp:unitRef="g" comp:submodelRef="fba"/>
      <comp:replacedElement comp:unitRef="g" comp:submodelRef="update"/>
    </comp:listOfReplacedElements>
  </unitDefinition>
  <unitDefinition id="m">
    <listOfUnits>
      <unit kind="metre" exponent="1" scale="0" multiplier="1"/>
    </listOfUnits>
    <comp:listOfReplacedElements>
      <comp:replacedElement comp:unitRef="m" comp:submodelRef="bounds"/>
      <comp:replacedElement comp:unitRef="m" comp:submodelRef="fba"/>
      <comp:replacedElement comp:unitRef="m" comp:submodelRef="update"/>
    </comp:listOfReplacedElements>
  </unitDefinition>
  <unitDefinition id="m2">
    <listOfUnits>
      <unit kind="metre" exponent="2" scale="0" multiplier="1"/>
    </listOfUnits>
    <comp:listOfReplacedElements>
      <comp:replacedElement comp:unitRef="m2" comp:submodelRef="bounds"/>
      <comp:replacedElement comp:unitRef="m2" comp:submodelRef="fba"/>
      <comp:replacedElement comp:unitRef="m2" comp:submodelRef="update"/>
    </comp:listOfReplacedElements>
  </unitDefinition>
  <unitDefinition id="l">
    <listOfUnits>
      <unit kind="litre" exponent="1" scale="0" multiplier="1"/>
    </listOfUnits>
    <comp:listOfReplacedElements>
      <comp:replacedElement comp:unitRef="l" comp:submodelRef="bounds"/>
      <comp:replacedElement comp:unitRef="l" comp:submodelRef="fba"/>
      <comp:replacedElement comp:unitRef="l" comp:submodelRef="update"/>
    </comp:listOfReplacedElements>
  </unitDefinition>
  <unitDefinition id="mmol">
    <listOfUnits>
      <unit kind="mole" exponent="1" scale="-3" multiplier="1"/>
    </listOfUnits>
    <comp:listOfReplacedElements>
      <comp:replacedElement comp:unitRef="mmol" comp:submodelRef="bounds"/>
      <comp:replacedElement comp:unitRef="mmol" comp:submodelRef="fba"/>
      <comp:replacedElement comp:unitRef="mmol" comp:submodelRef="update"/>
    </comp:listOfReplacedElements>
  </unitDefinition>
  <unitDefinition id="per_h">
    <listOfUnits>
      <unit kind="second" exponent="-1" scale="0" multiplier="3600"/>
    </listOfUnits>
  </unitDefinition>
  <unitDefinition id="mmol_per_h">
    <listOfUnits>
      <unit kind="mole" exponent="1" scale="-3" multiplier="1"/>
      <unit kind="second" exponent="-1" scale="0" multiplier="3600"/>
    </listOfUnits>
    <comp:listOfReplacedElements>
      <comp:replacedElement comp:unitRef="mmol_per_h" comp:submodelRef="bounds"/>
      <comp:replacedElement comp:unitRef="mmol_per_h" comp:submodelRef="fba"/>
      <comp:replacedElement comp:unitRef="mmol_per_h" comp:submodelRef="update"/>
    </comp:listOfReplacedElements>
  </unitDefinition>
  <unitDefinition id="mmol_per_l">
    <listOfUnits>
      <unit kind="mole" exponent="1" scale="-3" multiplier="1"/>
      <unit kind="litre" exponent="-1" scale="0" multiplier="1"/>
    </listOfUnits>
    <comp:listOfReplacedElements>
      <comp:replacedElement comp:unitRef="mmol_per_l" comp:submodelRef="bounds"/>
      <comp:replacedElement comp:unitRef="mmol_per_l" comp:submodelRef="fba"/>
      <comp:replacedElement comp:unitRef="mmol_per_l" comp:submodelRef="update"/>
    </comp:listOfReplacedElements>
  </unitDefinition>
  <unitDefinition id="l_per_mmol">
    <listOfUnits>
      <unit kind="litre" exponent="1" scale="0" multiplier="1"/>
      <unit kind="mole" exponent="-1" scale="-3" multiplier="1"/>
    </listOfUnits>
  </unitDefinition>
  <unitDefinition id="g_per_l">
    <listOfUnits>
      <unit kind="gram" exponent="1" scale="0" multiplier="1"/>
      <unit kind="litre" exponent="-1" scale="0" multiplier="1"/>
    </listOfUnits>
    <comp:listOfReplacedElements>
      <comp:replacedElement comp:unitRef="g_per_l" comp:submodelRef="bounds"/>
      <comp:replacedElement comp:unitRef="g_per_l" comp:submodelRef="fba"/>
      <comp:replacedElement comp:unitRef="g_per_l" comp:submodelRef="update"/>
    </comp:listOfReplacedElements>
  </unitDefinition>
  <unitDefinition id="g_per_mmol">
    <listOfUnits>
      <unit kind="gram" exponent="1" scale="0" multiplier="1"/>
      <unit kind="mole" exponent="-1" scale="-3" multiplier="1"/>
    </listOfUnits>
    <comp:listOfReplacedElements>
      <comp:replacedElement comp:unitRef="g_per_mmol" comp:submodelRef="bounds"/>
      <comp:replacedElement comp:unitRef="g_per_mmol" comp:submodelRef="fba"/>
      <comp:replacedElement comp:unitRef="g_per_mmol" comp:submodelRef="update"/>
    </comp:listOfReplacedElements>
  </unitDefinition>
</listOfUnitDefinitions><listOfCompartments>
  <compartment id="bioreactor" name="bioreactor" spatialDimensions="3" size="1" units="l" constant="true">
    <comp:listOfReplacedElements>
      <comp:replacedElement comp:portRef="bioreactor_port" comp:submodelRef="update"/>
      <comp:replacedElement comp:portRef="bioreactor_port" comp:submodelRef="bounds"/>
    </comp:listOfReplacedElements>
  </compartment>
</listOfCompartments><listOfSpecies>
  <species id="Glcxt" name="glucose" compartment="bioreactor" initialConcentration="10.8" substanceUnits="mmol" hasOnlySubstanceUnits="false" boundaryCondition="false" constant="false">
    <comp:listOfReplacedElements>
      <comp:replacedElement comp:portRef="Glcxt_port" comp:submodelRef="update"/>
      <comp:replacedElement comp:portRef="Glcxt_port" comp:submodelRef="bounds"/>
    </comp:listOfReplacedElements>
  </species>
  <species id="Ac" name="acetate" compartment="bioreactor" initialConcentration="0.4" substanceUnits="mmol" hasOnlySubstanceUnits="false" boundaryCondition="false" constant="false">
    <comp:listOfReplacedElements>
      <comp:replacedElement comp:portRef="Ac_port" comp:submodelRef="update"/>
      <comp:replacedElement comp:portRef="Ac_port" comp:submodelRef="bounds"/>
    </comp:listOfReplacedElements>
  </species>
  <species id="O2" name="oxygen" compartment="bioreactor" initialConcentration="0.21" substanceUnits="mmol" hasOnlySubstanceUnits="false" boundaryCondition="false" constant="false">
    <comp:listOfReplacedElements>
      <comp:replacedElement comp:portRef="O2_port" comp:submodelRef="update"/>
      <comp:replacedElement comp:portRef="O2_port" comp:submodelRef="bounds"/>
    </comp:listOfReplacedElements>
  </species>
  <species id="X" name="biomass" compartment="bioreactor" initialConcentration="0.001" substanceUnits="mmol" hasOnlySubstanceUnits="false" boundaryCondition="false" constant="false">
    <comp:listOfReplacedElements>
      <comp:replacedElement comp:portRef="X_port" comp:submodelRef="update"/>
      <comp:replacedElement comp:portRef="X_port" comp:submodelRef="bounds"/>
    </comp:listOfReplacedElements>
  </species>
  <species sboTerm="SBO:0000291" id="dummy_S" name="dummy_S" compartment="bioreactor" initialConcentration="0" substanceUnits="mmol" hasOnlySubstanceUnits="false" boundaryCondition="false" constant="false"/>
</listOfSpecies><listOfParameters>
  <parameter sboTerm="SBO:0000346" id="dt" name="fba timestep" value="0.1" units="h" constant="true">
    <comp:listOfReplacedElements>
      <comp:replacedElement comp:portRef="dt_port" comp:submodelRef="bounds"/>
    </comp:listOfReplacedElements>
  </parameter>
  <parameter id="Y" name="biomass [g_per_l]" value="1" units="g_per_l" constant="false"/>
  <parameter id="O2_ref" name="O2 reference" value="0.21" units="mmol_per_l" constant="true"/>
  <parameter id="kLa" name="O2 mass transfer" value="7.5" units="per_h" constant="true"/>
  <parameter sboTerm="SBO:0000612" id="EX_Glcxt" value="1" units="mmol_per_h" constant="false">
    <comp:listOfReplacedElements>
      <comp:replacedElement comp:portRef="EX_Glcxt_port" comp:submodelRef="update"/>
    </comp:listOfReplacedElements>
  </parameter>
  <parameter sboTerm="SBO:0000612" id="EX_Ac" value="1" units="mmol_per_h" constant="false">
    <comp:listOfReplacedElements>
      <comp:replacedElement comp:portRef="EX_Ac_port" comp:submodelRef="update"/>
    </comp:listOfReplacedElements>
  </parameter>
  <parameter sboTerm="SBO:0000612" id="EX_O2" value="1" units="mmol_per_h" constant="false">
    <comp:listOfReplacedElements>
      <comp:replacedElement comp:portRef="EX_O2_port" comp:submodelRef="update"/>
    </comp:listOfReplacedElements>
  </parameter>
  <parameter sboTerm="SBO:0000612" id="EX_X" value="1" units="mmol_per_h" constant="false">
    <comp:listOfReplacedElements>
      <comp:replacedElement comp:portRef="EX_X_port" comp:submodelRef="update"/>
    </comp:listOfReplacedElements>
  </parameter>
  <parameter sboTerm="SBO:0000625" id="lb_EX_Ac" value="-1000" units="mmol_per_h" constant="false">
    <comp:listOfReplacedElements>
      <comp:replacedElement comp:portRef="lb_EX_Ac_port" comp:submodelRef="fba"/>
      <comp:replacedElement comp:portRef="lb_EX_Ac_port" comp:submodelRef="bounds"/>
    </comp:listOfReplacedElements>
  </parameter>
  <parameter sboTerm="SBO:0000625" id="ub_EX_Ac" value="1000" units="mmol_per_h" constant="false">
    <comp:listOfReplacedElements>
      <comp:replacedElement comp:portRef="ub_EX_Ac_port" comp:submodelRef="fba"/>
      <comp:replacedElement comp:portRef="ub_EX_Ac_port" comp:submodelRef="bounds"/>
    </comp:listOfReplacedElements>
  </parameter>
  <parameter sboTerm="SBO:0000625" id="lb_EX_Glcxt" value="-1000" units="mmol_per_h" constant="false">
    <comp:listOfReplacedElements>
      <comp:replacedElement comp:portRef="lb_EX_Glcxt_port" comp:submodelRef="fba"/>
      <comp:replacedElement comp:portRef="lb_EX_Glcxt_port" comp:submodelRef="bounds"/>
    </comp:listOfReplacedElements>
  </parameter>
  <parameter sboTerm="SBO:0000625" id="ub_EX_Glcxt" value="1000" units="mmol_per_h" constant="false">
    <comp:listOfReplacedElements>
      <comp:replacedElement comp:portRef="ub_EX_Glcxt_port" comp:submodelRef="fba"/>
      <comp:replacedElement comp:portRef="ub_EX_Glcxt_port" comp:submodelRef="bounds"/>
    </comp:listOfReplacedElements>
  </parameter>
  <parameter sboTerm="SBO:0000625" id="lb_EX_O2" value="-1000" units="mmol_per_h" constant="false">
    <comp:listOfReplacedElements>
      <comp:replacedElement comp:portRef="lb_EX_O2_port" comp:submodelRef="fba"/>
      <comp:replacedElement comp:portRef="lb_EX_O2_port" comp:submodelRef="bounds"/>
    </comp:listOfReplacedElements>
  </parameter>
  <parameter sboTerm="SBO:0000625" id="ub_EX_O2" value="1000" units="mmol_per_h" constant="false">
    <comp:listOfReplacedElements>
      <comp:replacedElement comp:portRef="ub_EX_O2_port" comp:submodelRef="fba"/>
      <comp:replacedElement comp:portRef="ub_EX_O2_port" comp:submodelRef="bounds"/>
    </comp:listOfReplacedElements>
  </parameter>
  <parameter sboTerm="SBO:0000625" id="lb_EX_X" value="-1000" units="mmol_per_h" constant="false">
    <comp:listOfReplacedElements>
      <comp:replacedElement comp:portRef="lb_EX_X_port" comp:submodelRef="fba"/>
      <comp:replacedElement comp:portRef="lb_EX_X_port" comp:submodelRef="bounds"/>
    </comp:listOfReplacedElements>
  </parameter>
  <parameter sboTerm="SBO:0000625" id="ub_EX_X" value="1000" units="mmol_per_h" constant="false">
    <comp:listOfReplacedElements>
      <comp:replacedElement comp:portRef="ub_EX_X_port" comp:submodelRef="fba"/>
      <comp:replacedElement comp:portRef="ub_EX_X_port" comp:submodelRef="bounds"/>
    </comp:listOfReplacedElements>
  </parameter>
</listOfParameters><listOfRules>
  <assignmentRule variable="EX_Glcxt">
    <math xmlns="http://www.w3.org/1998/Math/MathML">
      <ci> dummy_EX_Glcxt </ci>
    </math>
  </assignmentRule>
  <assignmentRule variable="EX_Ac">
    <math xmlns="http://www.w3.org/1998/Math/MathML">
      <ci> dummy_EX_Ac </ci>
    </math>
  </assignmentRule>
  <assignmentRule variable="EX_O2">
    <math xmlns="http://www.w3.org/1998/Math/MathML">
      <ci> dummy_EX_O2 </ci>
    </math>
  </assignmentRule>
  <assignmentRule variable="EX_X">
    <math xmlns="http://www.w3.org/1998/Math/MathML">
      <ci> dummy_EX_X </ci>
    </math>
  </assignmentRule>
  <assignmentRule variable="Y">
    <math xmlns="http://www.w3.org/1998/Math/MathML" xmlns:sbml="http://www.sbml.org/sbml/level3/version1/core">
      <apply>
        <times/>
        <cn sbml:units="g_per_mmol" type="integer"> 1 </cn>
        <ci> X </ci>
      </apply>
    </math>
  </assignmentRule>
</listOfRules><listOfReactions>
  <reaction sboTerm="SBO:0000631" id="dummy_EX_Glcxt" name="EX_Glcxt dummy" reversible="false" fast="false" compartment="bioreactor">
    <listOfProducts>
      <speciesReference species="dummy_S" stoichiometry="1" constant="true"/>
    </listOfProducts>
    <comp:replacedBy comp:portRef="EX_Glcxt_port" comp:submodelRef="fba"/>
  </reaction>
  <reaction sboTerm="SBO:0000631" id="dummy_EX_O2" name="EX_O2 dummy" reversible="false" fast="false" compartment="bioreactor">
    <listOfProducts>
      <speciesReference species="dummy_S" stoichiometry="1" constant="true"/>
    </listOfProducts>
    <comp:replacedBy comp:portRef="EX_O2_port" comp:submodelRef="fba"/>
  </reaction>
  <reaction sboTerm="SBO:0000631" id="dummy_EX_Ac" name="EX_Ac dummy" reversible="false" fast="false" compartment="bioreactor">
    <listOfProducts>
      <speciesReference species="dummy_S" stoichiometry="1" constant="true"/>
    </listOfProducts>
    <comp:replacedBy comp:portRef="EX_Ac_port" comp:submodelRef="fba"/>
  </reaction>
  <reaction sboTerm="SBO:0000631" id="dummy_EX_X" name="EX_X dummy" reversible="false" fast="false" compartment="bioreactor">
    <listOfProducts>
      <speciesReference species="dummy_S" stoichiometry="1" constant="true"/>
    </listOfProducts>
    <comp:replacedBy comp:portRef="EX_X_port" comp:submodelRef="fba"/>
  </reaction>
  <reaction id="vO2_transfer" name="oxygen transfer" reversible="true" fast="false" compartment="bioreactor">
    <listOfProducts>
      <speciesReference species="O2" stoichiometry="1" constant="true"/>
    </listOfProducts>
    <kineticLaw>
      <math xmlns="http://www.w3.org/1998/Math/MathML">
        <apply>
          <times/>
          <ci> kLa </ci>
          <apply>
            <minus/>
            <ci> O2_ref </ci>
            <ci> O2 </ci>
          </apply>
          <ci> bioreactor </ci>
        </apply>
      </math>
    </kineticLaw>
  </reaction>
</listOfReactions><comp:listOfSubmodels>
  <comp:submodel sboTerm="SBO:0000293" comp:id="bounds" comp:modelRef="diauxic_bounds"/>
  <comp:submodel sboTerm="SBO:0000624" comp:id="fba" comp:modelRef="diauxic_fba"/>
  <comp:submodel sboTerm="SBO:0000293" comp:id="update" comp:modelRef="diauxic_update"/>
</comp:listOfSubmodels><comp:listOfPorts>
  <comp:port sboTerm="SBO:0000599" comp:idRef="dt" comp:id="dt_port"/>
</comp:listOfPorts>
</model><comp:listOfModelDefinitions>
  <comp:modelDefinition metaid="meta_d0f2d52f5584477e9c5c5e877217170e" sboTerm="SBO:0000624" id="diauxic_fba" name="FBA submodel (diauxic_fba)" substanceUnits="mmol" timeUnits="h" volumeUnits="l" areaUnits="m2" lengthUnits="m" extentUnits="mmol" fbc:strict="true">
    <notes>
      <body xmlns="http://www.w3.org/1999/xhtml">
        <h1>Diauxic Growth Model</h1>
        <p>
          <strong>Model version: 6</strong>
        </p>
        <h2>Description</h2>
        <p>Dynamic Flux Balance Analysis of Diauxic Growth in Escherichia coli</p>
        <p>The key variables in the mathematical model of the metabolic
network are the glucose concentration (Glcxt), the acetate concentration (Ac),
the biomass concentration (X), and the oxygen concentration (O2) in the gas phase.</p>
        <div class="dc:publisher">This file has been produced by
      <a href="https://livermetabolism.com/contact.html" title="Matthias Koenig" target="_blank">Matthias Koenig</a>.
      </div>
      <h2>Terms of use</h2>
      <div class="dc:rightsHolder">Copyright © 2017 Matthias Koenig</div>
      <div class="dc:license">
        <p>Redistribution and use of any part of this model, with or without modification, are permitted provided that
      the following conditions are met:
        <ol>
          <li>Redistributions of this SBML file must retain the above copyright notice, this list of conditions
              and the following disclaimer.</li>
          <li>Redistributions in a different form must reproduce the above copyright notice, this list of
              conditions and the following disclaimer in the documentation and/or other materials provided
          with the distribution.</li>
        </ol>
        This model is distributed in the hope that it will be useful, but WITHOUT ANY WARRANTY; without even
             the implied warranty of MERCHANTABILITY or FITNESS FOR A PARTICULAR PURPOSE.</p>
    </div>
  </body>
</notes><annotation>
  <rdf:RDF xmlns:rdf="http://www.w3.org/1999/02/22-rdf-syntax-ns#" xmlns:dcterms="http://purl.org/dc/terms/" xmlns:vCard="http://www.w3.org/2001/vcard-rdf/3.0#" xmlns:vCard4="http://www.w3.org/2006/vcard/ns#" xmlns:bqbiol="http://biomodels.net/biology-qualifiers/" xmlns:bqmodel="http://biomodels.net/model-qualifiers/">
    <rdf:Description rdf:about="#meta_d0f2d52f5584477e9c5c5e877217170e">
      <dcterms:creator>
        <rdf:Bag>
          <rdf:li rdf:parseType="Resource">
            <vCard:N rdf:parseType="Resource">
              <vCard:Family>Koenig</vCard:Family>
              <vCard:Given>Matthias</vCard:Given>
            </vCard:N>
            <vCard:EMAIL>konigmatt@googlemail.com</vCard:EMAIL>
            <vCard:ORG rdf:parseType="Resource">
              <vCard:Orgname>Humboldt University Berlin</vCard:Orgname>
            </vCard:ORG>
          </rdf:li>
        </rdf:Bag>
      </dcterms:creator>
      <dcterms:created rdf:parseType="Resource">
        <dcterms:W3CDTF>2017-03-10T10:56:48Z</dcterms:W3CDTF>
      </dcterms:created>
      <dcterms:modified rdf:parseType="Resource">
        <dcterms:W3CDTF>2017-03-10T10:56:48Z</dcterms:W3CDTF>
      </dcterms:modified>
    </rdf:Description>
  </rdf:RDF>
</annotation><listOfUnitDefinitions>
  <unitDefinition id="h">
    <listOfUnits>
      <unit kind="second" exponent="1" scale="0" multiplier="3600"/>
    </listOfUnits>
  </unitDefinition>
  <unitDefinition id="g">
    <listOfUnits>
      <unit kind="gram" exponent="1" scale="0" multiplier="1"/>
    </listOfUnits>
  </unitDefinition>
  <unitDefinition id="m">
    <listOfUnits>
      <unit kind="metre" exponent="1" scale="0" multiplier="1"/>
    </listOfUnits>
  </unitDefinition>
  <unitDefinition id="m2">
    <listOfUnits>
      <unit kind="metre" exponent="2" scale="0" multiplier="1"/>
    </listOfUnits>
  </unitDefinition>
  <unitDefinition id="l">
    <listOfUnits>
      <unit kind="litre" exponent="1" scale="0" multiplier="1"/>
    </listOfUnits>
  </unitDefinition>
  <unitDefinition id="mmol">
    <listOfUnits>
      <unit kind="mole" exponent="1" scale="-3" multiplier="1"/>
    </listOfUnits>
  </unitDefinition>
  <unitDefinition id="per_h">
    <listOfUnits>
      <unit kind="second" exponent="-1" scale="0" multiplier="3600"/>
    </listOfUnits>
  </unitDefinition>
  <unitDefinition id="mmol_per_h">
    <listOfUnits>
      <unit kind="mole" exponent="1" scale="-3" multiplier="1"/>
      <unit kind="second" exponent="-1" scale="0" multiplier="3600"/>
    </listOfUnits>
  </unitDefinition>
  <unitDefinition id="mmol_per_l">
    <listOfUnits>
      <unit kind="mole" exponent="1" scale="-3" multiplier="1"/>
      <unit kind="litre" exponent="-1" scale="0" multiplier="1"/>
    </listOfUnits>
  </unitDefinition>
  <unitDefinition id="l_per_mmol">
    <listOfUnits>
      <unit kind="litre" exponent="1" scale="0" multiplier="1"/>
      <unit kind="mole" exponent="-1" scale="-3" multiplier="1"/>
    </listOfUnits>
  </unitDefinition>
  <unitDefinition id="g_per_l">
    <listOfUnits>
      <unit kind="gram" exponent="1" scale="0" multiplier="1"/>
      <unit kind="litre" exponent="-1" scale="0" multiplier="1"/>
    </listOfUnits>
  </unitDefinition>
  <unitDefinition id="g_per_mmol">
    <listOfUnits>
      <unit kind="gram" exponent="1" scale="0" multiplier="1"/>
      <unit kind="mole" exponent="-1" scale="-3" multiplier="1"/>
    </listOfUnits>
  </unitDefinition>
</listOfUnitDefinitions><listOfCompartments>
  <compartment id="bioreactor" name="bioreactor" spatialDimensions="3" size="1" units="l" constant="true"/>
</listOfCompartments><listOfSpecies>
  <species id="Glcxt" name="glucose" compartment="bioreactor" initialConcentration="10.8" substanceUnits="mmol" hasOnlySubstanceUnits="false" boundaryCondition="false" constant="false"/>
  <species id="Ac" name="acetate" compartment="bioreactor" initialConcentration="0.4" substanceUnits="mmol" hasOnlySubstanceUnits="false" boundaryCondition="false" constant="false"/>
  <species id="O2" name="oxygen" compartment="bioreactor" initialConcentration="0.21" substanceUnits="mmol" hasOnlySubstanceUnits="false" boundaryCondition="false" constant="false"/>
  <species id="X" name="biomass" compartment="bioreactor" initialConcentration="0.001" substanceUnits="mmol" hasOnlySubstanceUnits="false" boundaryCondition="false" constant="false"/>
</listOfSpecies><listOfParameters>
  <parameter sboTerm="SBO:0000612" id="zero" name="zero bound" value="0" units="mmol_per_h" constant="true"/>
  <parameter sboTerm="SBO:0000612" id="lb_default" name="default lower bound" value="-1000" units="mmol_per_h" constant="true"/>
  <parameter sboTerm="SBO:0000612" id="ub_default" name="default upper bound" value="1000" units="mmol_per_h" constant="true"/>
  <parameter sboTerm="SBO:0000612" id="lb_EX_Ac" value="-1000" units="mmol_per_h" constant="true"/>
  <parameter sboTerm="SBO:0000612" id="ub_EX_Ac" value="1000" units="mmol_per_h" constant="true"/>
  <parameter sboTerm="SBO:0000612" id="lb_EX_Glcxt" value="-1000" units="mmol_per_h" constant="true"/>
  <parameter sboTerm="SBO:0000612" id="ub_EX_Glcxt" value="1000" units="mmol_per_h" constant="true"/>
  <parameter sboTerm="SBO:0000612" id="lb_EX_O2" value="-1000" units="mmol_per_h" constant="true"/>
  <parameter sboTerm="SBO:0000612" id="ub_EX_O2" value="1000" units="mmol_per_h" constant="true"/>
  <parameter sboTerm="SBO:0000612" id="lb_EX_X" value="-1000" units="mmol_per_h" constant="true"/>
  <parameter sboTerm="SBO:0000612" id="ub_EX_X" value="1000" units="mmol_per_h" constant="true"/>
</listOfParameters><listOfReactions>
  <reaction sboTerm="SBO:0000627" id="EX_O2" name="O2 exchange" reversible="false" fast="false" compartment="bioreactor" fbc:lowerFluxBound="lb_EX_O2" fbc:upperFluxBound="ub_EX_O2">
    <listOfReactants>
      <speciesReference species="O2" stoichiometry="1" constant="true"/>
    </listOfReactants>
  </reaction>
  <reaction sboTerm="SBO:0000627" id="EX_Glcxt" name="Glcxt exchange" reversible="false" fast="false" compartment="bioreactor" fbc:lowerFluxBound="lb_EX_Glcxt" fbc:upperFluxBound="ub_EX_Glcxt">
    <listOfReactants>
      <speciesReference species="Glcxt" stoichiometry="1" constant="true"/>
    </listOfReactants>
  </reaction>
  <reaction sboTerm="SBO:0000627" id="EX_Ac" name="Ac exchange" reversible="true" fast="false" compartment="bioreactor" fbc:lowerFluxBound="lb_EX_Ac" fbc:upperFluxBound="ub_EX_Ac">
    <listOfReactants>
      <speciesReference species="Ac" stoichiometry="1" constant="true"/>
    </listOfReactants>
  </reaction>
  <reaction sboTerm="SBO:0000627" id="EX_X" name="biomass exchange" reversible="false" fast="false" compartment="bioreactor" fbc:lowerFluxBound="lb_EX_X" fbc:upperFluxBound="ub_EX_X">
    <listOfReactants>
      <speciesReference species="X" stoichiometry="1" constant="true"/>
    </listOfReactants>
  </reaction>
  <reaction id="v1" name="v1 (39.43 Ac + 35 O2 -&gt; X)" reversible="false" fast="false" compartment="bioreactor" fbc:lowerFluxBound="zero" fbc:upperFluxBound="ub_default">
    <listOfReactants>
      <speciesReference species="Ac" stoichiometry="39.43" constant="true"/>
      <speciesReference species="O2" stoichiometry="35" constant="true"/>
    </listOfReactants>
    <listOfProducts>
      <speciesReference species="X" stoichiometry="1" constant="true"/>
    </listOfProducts>
  </reaction>
  <reaction id="v2" name="v2 (9.46 Glcxt + 12.92 O2 -&gt; X)" reversible="false" fast="false" compartment="bioreactor" fbc:lowerFluxBound="zero" fbc:upperFluxBound="ub_default">
    <listOfReactants>
      <speciesReference species="Glcxt" stoichiometry="9.46" constant="true"/>
      <speciesReference species="O2" stoichiometry="12.92" constant="true"/>
    </listOfReactants>
    <listOfProducts>
      <speciesReference species="X" stoichiometry="1" constant="true"/>
    </listOfProducts>
  </reaction>
  <reaction id="v3" name="v3 (9.84 Glcxt + 12.73 O2 -&gt; 1.24 Ac + X)" reversible="false" fast="false" compartment="bioreactor" fbc:lowerFluxBound="zero" fbc:upperFluxBound="ub_default">
    <listOfReactants>
      <speciesReference species="Glcxt" stoichiometry="9.84" constant="true"/>
      <speciesReference species="O2" stoichiometry="12.73" constant="true"/>
    </listOfReactants>
    <listOfProducts>
      <speciesReference species="X" stoichiometry="1" constant="true"/>
      <speciesReference species="Ac" stoichiometry="1.24" constant="true"/>
    </listOfProducts>
  </reaction>
  <reaction id="v4" name="v4 (19.23 Glcxt -&gt; 12.12 Ac + X)" reversible="false" fast="false" compartment="bioreactor" fbc:lowerFluxBound="zero" fbc:upperFluxBound="ub_default">
    <listOfReactants>
      <speciesReference species="Glcxt" stoichiometry="19.23" constant="true"/>
    </listOfReactants>
    <listOfProducts>
      <speciesReference species="X" stoichiometry="1" constant="true"/>
      <speciesReference species="Ac" stoichiometry="12.12" constant="true"/>
    </listOfProducts>
  </reaction>
</listOfReactions><listOfObjectives activeObjective="biomass_max">
  <objective id="biomass_max" type="maximize">
    <listOfFluxObjectives>
      <fluxObjective reaction="v1" coefficient="1"/>
      <fluxObjective reaction="v2" coefficient="1"/>
      <fluxObjective reaction="v3" coefficient="1"/>
      <fluxObjective reaction="v4" coefficient="1"/>
    </listOfFluxObjectives>
  </objective>
</listOfObjectives><comp:listOfPorts>
  <comp:port sboTerm="SBO:0000599" comp:idRef="EX_Ac" comp:id="EX_Ac_port"/>
  <comp:port sboTerm="SBO:0000599" comp:idRef="EX_Glcxt" comp:id="EX_Glcxt_port"/>
  <comp:port sboTerm="SBO:0000599" comp:idRef="EX_O2" comp:id="EX_O2_port"/>
  <comp:port sboTerm="SBO:0000599" comp:idRef="EX_X" comp:id="EX_X_port"/>
  <comp:port sboTerm="SBO:0000599" comp:idRef="lb_EX_Ac" comp:id="lb_EX_Ac_port"/>
  <comp:port sboTerm="SBO:0000599" comp:idRef="lb_EX_Glcxt" comp:id="lb_EX_Glcxt_port"/>
  <comp:port sboTerm="SBO:0000599" comp:idRef="lb_EX_O2" comp:id="lb_EX_O2_port"/>
  <comp:port sboTerm="SBO:0000599" comp:idRef="lb_EX_X" comp:id="lb_EX_X_port"/>
  <comp:port sboTerm="SBO:0000599" comp:idRef="ub_EX_Ac" comp:id="ub_EX_Ac_port"/>
  <comp:port sboTerm="SBO:0000599" comp:idRef="ub_EX_Glcxt" comp:id="ub_EX_Glcxt_port"/>
  <comp:port sboTerm="SBO:0000599" comp:idRef="ub_EX_O2" comp:id="ub_EX_O2_port"/>
  <comp:port sboTerm="SBO:0000599" comp:idRef="ub_EX_X" comp:id="ub_EX_X_port"/>
</comp:listOfPorts>
</comp:modelDefinition><comp:modelDefinition metaid="meta_7319c83374614a29b5bb975f70f11ede" sboTerm="SBO:0000293" id="diauxic_bounds" name="ODE bounds submodel" substanceUnits="mmol" timeUnits="h" volumeUnits="l" areaUnits="m2" lengthUnits="m" extentUnits="mmol">
  <notes>
    <body xmlns="http://www.w3.org/1999/xhtml">
      <h1>Diauxic Growth Model</h1>
      <p>
        <strong>Model version: 6</strong>
      </p>
      <h2>Description</h2>
      <p>Dynamic Flux Balance Analysis of Diauxic Growth in Escherichia coli</p>
      <p>The key variables in the mathematical model of the metabolic
network are the glucose concentration (Glcxt), the acetate concentration (Ac),
the biomass concentration (X), and the oxygen concentration (O2) in the gas phase.</p>
      <div class="dc:publisher">This file has been produced by
      <a href="https://livermetabolism.com/contact.html" title="Matthias Koenig" target="_blank">Matthias Koenig</a>.
      </div>
    <h2>Terms of use</h2>
    <div class="dc:rightsHolder">Copyright © 2017 Matthias Koenig</div>
    <div class="dc:license">
      <p>Redistribution and use of any part of this model, with or without modification, are permitted provided that
      the following conditions are met:
        <ol>
        <li>Redistributions of this SBML file must retain the above copyright notice, this list of conditions
              and the following disclaimer.</li>
        <li>Redistributions in a different form must reproduce the above copyright notice, this list of
              conditions and the following disclaimer in the documentation and/or other materials provided
          with the distribution.</li>
      </ol>
        This model is distributed in the hope that it will be useful, but WITHOUT ANY WARRANTY; without even
             the implied warranty of MERCHANTABILITY or FITNESS FOR A PARTICULAR PURPOSE.</p>
  </div>
</body>
</notes><annotation>
  <rdf:RDF xmlns:rdf="http://www.w3.org/1999/02/22-rdf-syntax-ns#" xmlns:dcterms="http://purl.org/dc/terms/" xmlns:vCard="http://www.w3.org/2001/vcard-rdf/3.0#" xmlns:vCard4="http://www.w3.org/2006/vcard/ns#" xmlns:bqbiol="http://biomodels.net/biology-qualifiers/" xmlns:bqmodel="http://biomodels.net/model-qualifiers/">
    <rdf:Description rdf:about="#meta_7319c83374614a29b5bb975f70f11ede">
      <dcterms:creator>
        <rdf:Bag>
          <rdf:li rdf:parseType="Resource">
            <vCard:N rdf:parseType="Resource">
              <vCard:Family>Koenig</vCard:Family>
              <vCard:Given>Matthias</vCard:Given>
            </vCard:N>
            <vCard:EMAIL>konigmatt@googlemail.com</vCard:EMAIL>
            <vCard:ORG rdf:parseType="Resource">
              <vCard:Orgname>Humboldt University Berlin</vCard:Orgname>
            </vCard:ORG>
          </rdf:li>
        </rdf:Bag>
      </dcterms:creator>
      <dcterms:created rdf:parseType="Resource">
        <dcterms:W3CDTF>2017-03-10T10:56:48Z</dcterms:W3CDTF>
      </dcterms:created>
      <dcterms:modified rdf:parseType="Resource">
        <dcterms:W3CDTF>2017-03-10T10:56:48Z</dcterms:W3CDTF>
      </dcterms:modified>
    </rdf:Description>
  </rdf:RDF>
</annotation><listOfFunctionDefinitions>
  <functionDefinition id="max" name="minimum of arguments">
    <math xmlns="http://www.w3.org/1998/Math/MathML">
      <lambda>
        <bvar>
          <ci> x </ci>
        </bvar>
        <bvar>
          <ci> y </ci>
        </bvar>
        <piecewise>
          <piece>
            <ci> x </ci>
            <apply>
              <gt/>
              <ci> x </ci>
              <ci> y </ci>
            </apply>
          </piece>
          <otherwise>
            <ci> y </ci>
          </otherwise>
        </piecewise>
      </lambda>
    </math>
  </functionDefinition>
  <functionDefinition id="min" name="maximum of arguments">
    <math xmlns="http://www.w3.org/1998/Math/MathML">
      <lambda>
        <bvar>
          <ci> x </ci>
        </bvar>
        <bvar>
          <ci> y </ci>
        </bvar>
        <piecewise>
          <piece>
            <ci> x </ci>
            <apply>
              <lt/>
              <ci> x </ci>
              <ci> y </ci>
            </apply>
          </piece>
          <otherwise>
            <ci> y </ci>
          </otherwise>
        </piecewise>
      </lambda>
    </math>
  </functionDefinition>
</listOfFunctionDefinitions><listOfUnitDefinitions>
  <unitDefinition id="h">
    <listOfUnits>
      <unit kind="second" exponent="1" scale="0" multiplier="3600"/>
    </listOfUnits>
  </unitDefinition>
  <unitDefinition id="g">
    <listOfUnits>
      <unit kind="gram" exponent="1" scale="0" multiplier="1"/>
    </listOfUnits>
  </unitDefinition>
  <unitDefinition id="m">
    <listOfUnits>
      <unit kind="metre" exponent="1" scale="0" multiplier="1"/>
    </listOfUnits>
  </unitDefinition>
  <unitDefinition id="m2">
    <listOfUnits>
      <unit kind="metre" exponent="2" scale="0" multiplier="1"/>
    </listOfUnits>
  </unitDefinition>
  <unitDefinition id="l">
    <listOfUnits>
      <unit kind="litre" exponent="1" scale="0" multiplier="1"/>
    </listOfUnits>
  </unitDefinition>
  <unitDefinition id="mmol">
    <listOfUnits>
      <unit kind="mole" exponent="1" scale="-3" multiplier="1"/>
    </listOfUnits>
  </unitDefinition>
  <unitDefinition id="per_h">
    <listOfUnits>
      <unit kind="second" exponent="-1" scale="0" multiplier="3600"/>
    </listOfUnits>
  </unitDefinition>
  <unitDefinition id="mmol_per_h">
    <listOfUnits>
      <unit kind="mole" exponent="1" scale="-3" multiplier="1"/>
      <unit kind="second" exponent="-1" scale="0" multiplier="3600"/>
    </listOfUnits>
  </unitDefinition>
  <unitDefinition id="mmol_per_l">
    <listOfUnits>
      <unit kind="mole" exponent="1" scale="-3" multiplier="1"/>
      <unit kind="litre" exponent="-1" scale="0" multiplier="1"/>
    </listOfUnits>
  </unitDefinition>
  <unitDefinition id="l_per_mmol">
    <listOfUnits>
      <unit kind="litre" exponent="1" scale="0" multiplier="1"/>
      <unit kind="mole" exponent="-1" scale="-3" multiplier="1"/>
    </listOfUnits>
  </unitDefinition>
  <unitDefinition id="g_per_l">
    <listOfUnits>
      <unit kind="gram" exponent="1" scale="0" multiplier="1"/>
      <unit kind="litre" exponent="-1" scale="0" multiplier="1"/>
    </listOfUnits>
  </unitDefinition>
  <unitDefinition id="g_per_mmol">
    <listOfUnits>
      <unit kind="gram" exponent="1" scale="0" multiplier="1"/>
      <unit kind="mole" exponent="-1" scale="-3" multiplier="1"/>
    </listOfUnits>
  </unitDefinition>
</listOfUnitDefinitions><listOfCompartments>
  <compartment id="bioreactor" name="bioreactor" spatialDimensions="3" size="1" units="l" constant="true"/>
</listOfCompartments><listOfSpecies>
  <species id="Glcxt" name="glucose" compartment="bioreactor" initialConcentration="10.8" substanceUnits="mmol" hasOnlySubstanceUnits="false" boundaryCondition="false" constant="false"/>
  <species id="Ac" name="acetate" compartment="bioreactor" initialConcentration="0.4" substanceUnits="mmol" hasOnlySubstanceUnits="false" boundaryCondition="false" constant="false"/>
  <species id="O2" name="oxygen" compartment="bioreactor" initialConcentration="0.21" substanceUnits="mmol" hasOnlySubstanceUnits="false" boundaryCondition="false" constant="false"/>
  <species id="X" name="biomass" compartment="bioreactor" initialConcentration="0.001" substanceUnits="mmol" hasOnlySubstanceUnits="false" boundaryCondition="false" constant="false"/>
</listOfSpecies><listOfParameters>
  <parameter sboTerm="SBO:0000346" id="dt" name="fba timestep" value="0.1" units="h" constant="true"/>
  <parameter sboTerm="SBO:0000612" id="zero" name="zero bound" value="0" units="mmol_per_h" constant="true"/>
  <parameter sboTerm="SBO:0000612" id="lb_default" name="default lower bound" value="-1000" units="mmol_per_h" constant="true"/>
  <parameter sboTerm="SBO:0000612" id="ub_default" name="default upper bound" value="1000" units="mmol_per_h" constant="true"/>
  <parameter sboTerm="SBO:0000612" id="lb_EX_Ac" value="-1000" units="mmol_per_h" constant="false"/>
  <parameter sboTerm="SBO:0000612" id="ub_EX_Ac" value="1000" units="mmol_per_h" constant="false"/>
  <parameter sboTerm="SBO:0000612" id="lb_EX_Glcxt" value="-1000" units="mmol_per_h" constant="false"/>
  <parameter sboTerm="SBO:0000612" id="ub_EX_Glcxt" value="1000" units="mmol_per_h" constant="false"/>
  <parameter sboTerm="SBO:0000612" id="lb_EX_O2" value="-1000" units="mmol_per_h" constant="false"/>
  <parameter sboTerm="SBO:0000612" id="ub_EX_O2" value="1000" units="mmol_per_h" constant="false"/>
  <parameter sboTerm="SBO:0000612" id="lb_EX_X" value="-1000" units="mmol_per_h" constant="false"/>
  <parameter sboTerm="SBO:0000612" id="ub_EX_X" value="1000" units="mmol_per_h" constant="false"/>
  <parameter sboTerm="SBO:0000612" id="lb_kin_EX_Glcxt" value="-1000" units="mmol_per_h" constant="false"/>
  <parameter sboTerm="SBO:0000612" id="lb_kin_EX_O2" value="-1000" units="mmol_per_h" constant="false"/>
  <parameter id="Vmax_EX_O2" value="15" units="mmol_per_h" constant="true"/>
  <parameter id="Vmax_EX_Glcxt" value="10" units="mmol_per_h" constant="true"/>
  <parameter id="Km_EX_Glcxt" name="Km_vGlcxt" value="0.015" units="mmol_per_l" constant="true"/>
</listOfParameters><listOfRules>
  <assignmentRule variable="lb_kin_EX_Glcxt">
    <math xmlns="http://www.w3.org/1998/Math/MathML">
      <apply>
        <divide/>
        <apply>
          <times/>
          <apply>
            <minus/>
            <ci> Vmax_EX_Glcxt </ci>
          </apply>
          <ci> Glcxt </ci>
        </apply>
        <apply>
          <plus/>
          <ci> Km_EX_Glcxt </ci>
          <ci> Glcxt </ci>
        </apply>
      </apply>
    </math>
  </assignmentRule>
  <assignmentRule variable="lb_kin_EX_O2">
    <math xmlns="http://www.w3.org/1998/Math/MathML">
      <apply>
        <minus/>
        <ci> Vmax_EX_O2 </ci>
      </apply>
    </math>
  </assignmentRule>
  <assignmentRule variable="lb_EX_Ac">
    <math xmlns="http://www.w3.org/1998/Math/MathML">
      <apply>
        <ci> max </ci>
        <ci> lb_default </ci>
        <apply>
          <divide/>
          <apply>
            <times/>
            <apply>
              <minus/>
              <ci> Ac </ci>
            </apply>
            <ci> bioreactor </ci>
          </apply>
          <ci> dt </ci>
        </apply>
      </apply>
    </math>
  </assignmentRule>
  <assignmentRule variable="lb_EX_Glcxt">
    <math xmlns="http://www.w3.org/1998/Math/MathML">
      <apply>
        <ci> max </ci>
        <ci> lb_kin_EX_Glcxt </ci>
        <apply>
          <divide/>
          <apply>
            <times/>
            <apply>
              <minus/>
              <ci> Glcxt </ci>
            </apply>
            <ci> bioreactor </ci>
          </apply>
          <ci> dt </ci>
        </apply>
      </apply>
    </math>
  </assignmentRule>
  <assignmentRule variable="lb_EX_O2">
    <math xmlns="http://www.w3.org/1998/Math/MathML">
      <apply>
        <ci> max </ci>
        <ci> lb_kin_EX_O2 </ci>
        <apply>
          <divide/>
          <apply>
            <times/>
            <apply>
              <minus/>
              <ci> O2 </ci>
            </apply>
            <ci> bioreactor </ci>
          </apply>
          <ci> dt </ci>
        </apply>
      </apply>
    </math>
  </assignmentRule>
  <assignmentRule variable="lb_EX_X">
    <math xmlns="http://www.w3.org/1998/Math/MathML">
      <apply>
        <ci> max </ci>
        <ci> lb_default </ci>
        <apply>
          <divide/>
          <apply>
            <times/>
            <apply>
              <minus/>
              <ci> X </ci>
            </apply>
            <ci> bioreactor </ci>
          </apply>
          <ci> dt </ci>
        </apply>
      </apply>
    </math>
  </assignmentRule>
</listOfRules><comp:listOfPorts>
  <comp:port sboTerm="SBO:0000599" comp:idRef="dt" comp:id="dt_port"/>
  <comp:port sboTerm="SBO:0000599" comp:idRef="bioreactor" comp:id="bioreactor_port"/>
  <comp:port sboTerm="SBO:0000599" comp:idRef="Glcxt" comp:id="Glcxt_port"/>
  <comp:port sboTerm="SBO:0000599" comp:idRef="Ac" comp:id="Ac_port"/>
  <comp:port sboTerm="SBO:0000599" comp:idRef="O2" comp:id="O2_port"/>
  <comp:port sboTerm="SBO:0000599" comp:idRef="X" comp:id="X_port"/>
  <comp:port sboTerm="SBO:0000599" comp:idRef="lb_EX_Ac" comp:id="lb_EX_Ac_port"/>
  <comp:port sboTerm="SBO:0000599" comp:idRef="ub_EX_Ac" comp:id="ub_EX_Ac_port"/>
  <comp:port sboTerm="SBO:0000599" comp:idRef="lb_EX_Glcxt" comp:id="lb_EX_Glcxt_port"/>
  <comp:port sboTerm="SBO:0000599" comp:idRef="ub_EX_Glcxt" comp:id="ub_EX_Glcxt_port"/>
  <comp:port sboTerm="SBO:0000599" comp:idRef="lb_EX_O2" comp:id="lb_EX_O2_port"/>
  <comp:port sboTerm="SBO:0000599" comp:idRef="ub_EX_O2" comp:id="ub_EX_O2_port"/>
  <comp:port sboTerm="SBO:0000599" comp:idRef="lb_EX_X" comp:id="lb_EX_X_port"/>
  <comp:port sboTerm="SBO:0000599" comp:idRef="ub_EX_X" comp:id="ub_EX_X_port"/>
</comp:listOfPorts>
</comp:modelDefinition><comp:modelDefinition metaid="meta_ef9fe969efcc40a6be9e96c89a3eb0d0" sboTerm="SBO:0000293" id="diauxic_update" name="ODE metabolite update" substanceUnits="mmol" timeUnits="h" volumeUnits="l" areaUnits="m2" lengthUnits="m" extentUnits="mmol">
  <notes>
    <body xmlns="http://www.w3.org/1999/xhtml">
      <h1>Diauxic Growth Model</h1>
      <p>
        <strong>Model version: 6</strong>
      </p>
      <h2>Description</h2>
      <p>Dynamic Flux Balance Analysis of Diauxic Growth in Escherichia coli</p>
      <p>The key variables in the mathematical model of the metabolic
network are the glucose concentration (Glcxt), the acetate concentration (Ac),
the biomass concentration (X), and the oxygen concentration (O2) in the gas phase.</p>
      <div class="dc:publisher">This file has been produced by
      <a href="https://livermetabolism.com/contact.html" title="Matthias Koenig" target="_blank">Matthias Koenig</a>.
      </div>
    <h2>Terms of use</h2>
    <div class="dc:rightsHolder">Copyright © 2017 Matthias Koenig</div>
    <div class="dc:license">
      <p>Redistribution and use of any part of this model, with or without modification, are permitted provided that
      the following conditions are met:
        <ol>
        <li>Redistributions of this SBML file must retain the above copyright notice, this list of conditions
              and the following disclaimer.</li>
        <li>Redistributions in a different form must reproduce the above copyright notice, this list of
              conditions and the following disclaimer in the documentation and/or other materials provided
          with the distribution.</li>
      </ol>
        This model is distributed in the hope that it will be useful, but WITHOUT ANY WARRANTY; without even
             the implied warranty of MERCHANTABILITY or FITNESS FOR A PARTICULAR PURPOSE.</p>
  </div>
</body>
</notes><annotation>
  <rdf:RDF xmlns:rdf="http://www.w3.org/1999/02/22-rdf-syntax-ns#" xmlns:dcterms="http://purl.org/dc/terms/" xmlns:vCard="http://www.w3.org/2001/vcard-rdf/3.0#" xmlns:vCard4="http://www.w3.org/2006/vcard/ns#" xmlns:bqbiol="http://biomodels.net/biology-qualifiers/" xmlns:bqmodel="http://biomodels.net/model-qualifiers/">
    <rdf:Description rdf:about="#meta_ef9fe969efcc40a6be9e96c89a3eb0d0">
      <dcterms:creator>
        <rdf:Bag>
          <rdf:li rdf:parseType="Resource">
            <vCard:N rdf:parseType="Resource">
              <vCard:Family>Koenig</vCard:Family>
              <vCard:Given>Matthias</vCard:Given>
            </vCard:N>
            <vCard:EMAIL>konigmatt@googlemail.com</vCard:EMAIL>
            <vCard:ORG rdf:parseType="Resource">
              <vCard:Orgname>Humboldt University Berlin</vCard:Orgname>
            </vCard:ORG>
          </rdf:li>
        </rdf:Bag>
      </dcterms:creator>
      <dcterms:created rdf:parseType="Resource">
        <dcterms:W3CDTF>2017-03-10T10:56:48Z</dcterms:W3CDTF>
      </dcterms:created>
      <dcterms:modified rdf:parseType="Resource">
        <dcterms:W3CDTF>2017-03-10T10:56:48Z</dcterms:W3CDTF>
      </dcterms:modified>
    </rdf:Description>
  </rdf:RDF>
</annotation><listOfUnitDefinitions>
  <unitDefinition id="h">
    <listOfUnits>
      <unit kind="second" exponent="1" scale="0" multiplier="3600"/>
    </listOfUnits>
  </unitDefinition>
  <unitDefinition id="g">
    <listOfUnits>
      <unit kind="gram" exponent="1" scale="0" multiplier="1"/>
    </listOfUnits>
  </unitDefinition>
  <unitDefinition id="m">
    <listOfUnits>
      <unit kind="metre" exponent="1" scale="0" multiplier="1"/>
    </listOfUnits>
  </unitDefinition>
  <unitDefinition id="m2">
    <listOfUnits>
      <unit kind="metre" exponent="2" scale="0" multiplier="1"/>
    </listOfUnits>
  </unitDefinition>
  <unitDefinition id="l">
    <listOfUnits>
      <unit kind="litre" exponent="1" scale="0" multiplier="1"/>
    </listOfUnits>
  </unitDefinition>
  <unitDefinition id="mmol">
    <listOfUnits>
      <unit kind="mole" exponent="1" scale="-3" multiplier="1"/>
    </listOfUnits>
  </unitDefinition>
  <unitDefinition id="per_h">
    <listOfUnits>
      <unit kind="second" exponent="-1" scale="0" multiplier="3600"/>
    </listOfUnits>
  </unitDefinition>
  <unitDefinition id="mmol_per_h">
    <listOfUnits>
      <unit kind="mole" exponent="1" scale="-3" multiplier="1"/>
      <unit kind="second" exponent="-1" scale="0" multiplier="3600"/>
    </listOfUnits>
  </unitDefinition>
  <unitDefinition id="mmol_per_l">
    <listOfUnits>
      <unit kind="mole" exponent="1" scale="-3" multiplier="1"/>
      <unit kind="litre" exponent="-1" scale="0" multiplier="1"/>
    </listOfUnits>
  </unitDefinition>
  <unitDefinition id="l_per_mmol">
    <listOfUnits>
      <unit kind="litre" exponent="1" scale="0" multiplier="1"/>
      <unit kind="mole" exponent="-1" scale="-3" multiplier="1"/>
    </listOfUnits>
  </unitDefinition>
  <unitDefinition id="g_per_l">
    <listOfUnits>
      <unit kind="gram" exponent="1" scale="0" multiplier="1"/>
      <unit kind="litre" exponent="-1" scale="0" multiplier="1"/>
    </listOfUnits>
  </unitDefinition>
  <unitDefinition id="g_per_mmol">
    <listOfUnits>
      <unit kind="gram" exponent="1" scale="0" multiplier="1"/>
      <unit kind="mole" exponent="-1" scale="-3" multiplier="1"/>
    </listOfUnits>
  </unitDefinition>
</listOfUnitDefinitions><listOfCompartments>
  <compartment id="bioreactor" name="bioreactor" spatialDimensions="3" size="1" units="l" constant="true"/>
</listOfCompartments><listOfSpecies>
  <species id="Glcxt" name="glucose" compartment="bioreactor" initialConcentration="10.8" substanceUnits="mmol" hasOnlySubstanceUnits="false" boundaryCondition="false" constant="false"/>
  <species id="Ac" name="acetate" compartment="bioreactor" initialConcentration="0.4" substanceUnits="mmol" hasOnlySubstanceUnits="false" boundaryCondition="false" constant="false"/>
  <species id="O2" name="oxygen" compartment="bioreactor" initialConcentration="0.21" substanceUnits="mmol" hasOnlySubstanceUnits="false" boundaryCondition="false" constant="false"/>
  <species id="X" name="biomass" compartment="bioreactor" initialConcentration="0.001" substanceUnits="mmol" hasOnlySubstanceUnits="false" boundaryCondition="false" constant="false"/>
</listOfSpecies><listOfParameters>
  <parameter id="EX_Ac" name="Ac exchange (FBA flux)" value="1" units="mmol_per_h" constant="true"/>
  <parameter id="EX_Glcxt" name="Glcxt exchange (FBA flux)" value="1" units="mmol_per_h" constant="true"/>
  <parameter id="EX_O2" name="O2 exchange (FBA flux)" value="1" units="mmol_per_h" constant="true"/>
  <parameter id="EX_X" name="X exchange (FBA flux)" value="1" units="mmol_per_h" constant="true"/>
</listOfParameters><listOfReactions>
  <reaction sboTerm="SBO:0000631" id="update_Glcxt" reversible="true" fast="false" compartment="bioreactor">
    <listOfReactants>
      <speciesReference species="Glcxt" stoichiometry="1" constant="true"/>
    </listOfReactants>
    <listOfModifiers>
      <modifierSpeciesReference species="X"/>
    </listOfModifiers>
    <kineticLaw>
      <math xmlns="http://www.w3.org/1998/Math/MathML" xmlns:sbml="http://www.sbml.org/sbml/level3/version1/core">
        <apply>
          <times/>
          <apply>
            <minus/>
            <ci> EX_Glcxt </ci>
          </apply>
          <ci> X </ci>
          <cn sbml:units="l_per_mmol" type="integer"> 1 </cn>
        </apply>
      </math>
    </kineticLaw>
  </reaction>
  <reaction sboTerm="SBO:0000631" id="update_Ac" reversible="true" fast="false" compartment="bioreactor">
    <listOfReactants>
      <speciesReference species="Ac" stoichiometry="1" constant="true"/>
    </listOfReactants>
    <listOfModifiers>
      <modifierSpeciesReference species="X"/>
    </listOfModifiers>
    <kineticLaw>
      <math xmlns="http://www.w3.org/1998/Math/MathML" xmlns:sbml="http://www.sbml.org/sbml/level3/version1/core">
        <apply>
          <times/>
          <apply>
            <minus/>
            <ci> EX_Ac </ci>
          </apply>
          <ci> X </ci>
          <cn sbml:units="l_per_mmol" type="integer"> 1 </cn>
        </apply>
      </math>
    </kineticLaw>
  </reaction>
  <reaction sboTerm="SBO:0000631" id="update_O2" reversible="true" fast="false" compartment="bioreactor">
    <listOfReactants>
      <speciesReference species="O2" stoichiometry="1" constant="true"/>
    </listOfReactants>
    <listOfModifiers>
      <modifierSpeciesReference species="X"/>
    </listOfModifiers>
    <kineticLaw>
      <math xmlns="http://www.w3.org/1998/Math/MathML" xmlns:sbml="http://www.sbml.org/sbml/level3/version1/core">
        <apply>
          <times/>
          <apply>
            <minus/>
            <ci> EX_O2 </ci>
          </apply>
          <ci> X </ci>
          <cn sbml:units="l_per_mmol" type="integer"> 1 </cn>
        </apply>
      </math>
    </kineticLaw>
  </reaction>
  <reaction sboTerm="SBO:0000631" id="update_X" reversible="true" fast="false" compartment="bioreactor">
    <listOfReactants>
      <speciesReference species="X" stoichiometry="1" constant="true"/>
    </listOfReactants>
    <listOfModifiers>
      <modifierSpeciesReference species="X"/>
    </listOfModifiers>
    <kineticLaw>
      <math xmlns="http://www.w3.org/1998/Math/MathML" xmlns:sbml="http://www.sbml.org/sbml/level3/version1/core">
        <apply>
          <times/>
          <apply>
            <minus/>
            <ci> EX_X </ci>
          </apply>
          <ci> X </ci>
          <cn sbml:units="l_per_mmol" type="integer"> 1 </cn>
        </apply>
      </math>
    </kineticLaw>
  </reaction>
</listOfReactions><comp:listOfPorts>
  <comp:port sboTerm="SBO:0000599" comp:idRef="EX_Glcxt" comp:id="EX_Glcxt_port"/>
  <comp:port sboTerm="SBO:0000599" comp:idRef="EX_Ac" comp:id="EX_Ac_port"/>
  <comp:port sboTerm="SBO:0000599" comp:idRef="EX_O2" comp:id="EX_O2_port"/>
  <comp:port sboTerm="SBO:0000599" comp:idRef="EX_X" comp:id="EX_X_port"/>
  <comp:port sboTerm="SBO:0000599" comp:idRef="Glcxt" comp:id="Glcxt_port"/>
  <comp:port sboTerm="SBO:0000599" comp:idRef="Ac" comp:id="Ac_port"/>
  <comp:port sboTerm="SBO:0000599" comp:idRef="O2" comp:id="O2_port"/>
  <comp:port sboTerm="SBO:0000599" comp:idRef="X" comp:id="X_port"/>
  <comp:port sboTerm="SBO:0000599" comp:idRef="bioreactor" comp:id="bioreactor_port"/>
</comp:listOfPorts>
</comp:modelDefinition>
</comp:listOfModelDefinitions>
</sbml>
