<?xml version="1.0" encoding="UTF-8"?>
<sbml xmlns="http://www.sbml.org/sbml/level3/version1/core" xmlns:comp="http://www.sbml.org/sbml/level3/version1/comp/version1" level="3" version="1" comp:required="true">
  <model metaid="meta_initial_assignment" id="initial_assignment" name="initial_assignment" substanceUnits="mmole" timeUnits="min" volumeUnits="litre" areaUnits="m2" lengthUnits="m" extentUnits="mmole">
    <notes>
      <body xmlns="http://www.w3.org/1999/xhtml">
        <p>Example model for testing InitialAssignments in roadrunner.</p>
        <div class="dc:provenance">The content of this model has been carefully created in a manual research effort.</div>
        <div class="dc:publisher">This file has been created by
    <a href="https://livermetabolism.com" title="Matthias Koenig" target="_blank">Matthias Koenig</a>.</div>
        <h2>Terms of use</h2>
        <div class="dc:rightsHolder">Copyright © 2020 Matthias Koenig.</div>
        <div class="dc:license">
          <p>Redistribution and use of any part of this model, with or without modification, are permitted provided
        that the following conditions are met:
        <ol>
            <li>Redistributions of this SBML file must retain the above copyright notice, this list of conditions and
          the following disclaimer.</li>
            <li>Redistributions in a different form must reproduce the above copyright notice, this list of conditions
          and the following disclaimer in the documentation and/or other materials provided
          with the distribution.</li>
          </ol>
        This model is distributed in the hope that it will be useful, but WITHOUT ANY WARRANTY; without even the
        implied warranty of MERCHANTABILITY or FITNESS FOR A PARTICULAR PURPOSE.
        </p>
        </div>
      </body>
    </notes>
    <annotation>
      <rdf:RDF xmlns:rdf="http://www.w3.org/1999/02/22-rdf-syntax-ns#" xmlns:dcterms="http://purl.org/dc/terms/" xmlns:vCard="http://www.w3.org/2001/vcard-rdf/3.0#" xmlns:vCard4="http://www.w3.org/2006/vcard/ns#" xmlns:bqbiol="http://biomodels.net/biology-qualifiers/" xmlns:bqmodel="http://biomodels.net/model-qualifiers/">
        <rdf:Description rdf:about="#meta_initial_assignment">
          <dcterms:creator>
            <rdf:Bag>
              <rdf:li rdf:parseType="Resource">
                <vCard:N rdf:parseType="Resource">
                  <vCard:Family>Koenig</vCard:Family>
                  <vCard:Given>Matthias</vCard:Given>
                </vCard:N>
                <vCard:EMAIL>koenigmx@hu-berlin.de</vCard:EMAIL>
                <vCard:ORG rdf:parseType="Resource">
                  <vCard:Orgname>Humboldt-University Berlin, Institute for Theoretical Biology</vCard:Orgname>
                </vCard:ORG>
              </rdf:li>
            </rdf:Bag>
          </dcterms:creator>
          <dcterms:created rdf:parseType="Resource">
            <dcterms:W3CDTF>1900-01-01T00:00:00Z</dcterms:W3CDTF>
          </dcterms:created>
          <dcterms:modified rdf:parseType="Resource">
            <dcterms:W3CDTF>1900-01-01T00:00:00Z</dcterms:W3CDTF>
          </dcterms:modified>
        </rdf:Description>
      </rdf:RDF>
    </annotation>
    <listOfUnitDefinitions>
      <unitDefinition id="min">
        <listOfUnits>
          <unit kind="second" exponent="1" scale="0" multiplier="60"/>
        </listOfUnits>
      </unitDefinition>
      <unitDefinition id="mmole">
        <listOfUnits>
          <unit kind="mole" exponent="1" scale="-3" multiplier="1"/>
        </listOfUnits>
      </unitDefinition>
      <unitDefinition id="m">
        <listOfUnits>
          <unit kind="metre" exponent="1" scale="0" multiplier="1"/>
        </listOfUnits>
      </unitDefinition>
      <unitDefinition id="m2">
        <listOfUnits>
          <unit kind="metre" exponent="2" scale="0" multiplier="1"/>
        </listOfUnits>
      </unitDefinition>
    </listOfUnitDefinitions>
    <listOfCompartments>
      <compartment id="c" spatialDimensions="3" size="2" units="litre" constant="true"/>
    </listOfCompartments>
    <listOfSpecies>
      <species id="A1" compartment="c" initialAmount="1" substanceUnits="mmole" hasOnlySubstanceUnits="true" boundaryCondition="false" constant="false"/>
    </listOfSpecies>
    <listOfParameters>
      <parameter id="D" value="5" units="mmole" constant="true"/>
    </listOfParameters>
    <listOfInitialAssignments>
      <initialAssignment symbol="A1">
        <math xmlns="http://www.w3.org/1998/Math/MathML" xmlns:sbml="http://www.sbml.org/sbml/level3/version1/core">
          <apply>
            <times/>
            <ci> D </ci>
            <cn sbml:units="dimensionless" type="integer"> 2 </cn>
          </apply>
        </math>
      </initialAssignment>
    </listOfInitialAssignments>
    <comp:listOfPorts>
      <comp:port metaid="min_port" sboTerm="SBO:0000599" comp:unitRef="min" comp:id="min_port" comp:name="min_port"/>
      <comp:port metaid="mmole_port" sboTerm="SBO:0000599" comp:unitRef="mmole" comp:id="mmole_port" comp:name="mmole_port"/>
      <comp:port metaid="m_port" sboTerm="SBO:0000599" comp:unitRef="m" comp:id="m_port" comp:name="m_port"/>
      <comp:port metaid="m2_port" sboTerm="SBO:0000599" comp:unitRef="m2" comp:id="m2_port" comp:name="m2_port"/>
    </comp:listOfPorts>
  </model>
</sbml>
