"Time","Ac (1)","Glcxt (1)","O2 (1)","X (1)"
0.0,0.4,10.8,0.21,0.001
0.01,0.39998483062094903,10.799899459584152,0.2098553715503637,0.0010110146135056972
0.02,0.39996949415850913,10.79979781175457,0.20971960088470537,0.0010221505487220744
0.03,0.39995398877235383,10.79969504431352,0.20959203040616314,0.0010334091419608843
0.04,0.39993831260188684,10.799591144928918,0.20947204984154857,0.0010447917442528377
0.05,0.39992246376601887,10.799486101132846,0.2093590928197062,0.001056299721509726
0.06,0.3999064403629419,10.799379900320055,0.20925263369708877,0.0010679344546883312
0.07,0.3998902404699009,10.799272529746455,0.2091521846126855,0.0010796973399561408
0.08,0.39987386214296344,10.799163976527584,0.20905729275572987,0.001091589788858887
0.09,0.3998573034167861,10.799054227637066,0.2089675378308126,0.0011036132284899334
0.1,0.39984056230437875,10.798943269905042,0.208882529706135,0.0011157691016615246
0.11,0.3998236367968663,10.798831090016591,0.20880190623166975,0.0011280588670779254
0.12,0.39980652486324736,10.798717674510137,0.2087253312149514,0.0011404839995104634
0.13,0.3997892244501509,10.798603009775825,0.2086524925431065,0.0011530459899745029
0.14,0.3997717334815897,10.798487082053896,0.2085831004405564,0.001165746345908366
0.15,0.39975404985871105,10.798369877433032,0.20851688585258868,0.0011785865913542255
0.16,0.3997361714595454,10.798251381848688,0.20845359894570256,0.0011915682671409895
0.17,0.39971809613875126,10.798131581081403,0.20839300771628952,0.001204692931069201
0.18,0.3996998217273582,10.798010460755094,0.20833489669982136,0.0012179621580979737
0.19,0.39968134603250627,10.79788800633533,0.20827906577328276,0.0012313775405339879
0.2,0.39966266683718316,10.797764203127592,0.20822532904411034,0.001244940688222566
0.21,0.39964378189995803,10.797639036275504,0.20817351381938737,0.0012586532287408542
0.22,0.39962468895471265,10.797512490759052,0.20812345964949452,0.0012725168075931326
0.23,0.3996053857103694,10.797384551392785,0.20807501744083653,0.0012865330884082747
0.24,0.39958586985061656,10.797255202823989,0.20802804863265298,0.0013007037531393827
0.25,0.3995661390336302,10.797124429530847,0.20798242443328258,0.0013150305022656228
0.26,0.3995461908917933,10.796992215820572,0.20793802511158432,0.0013295150549962815
0.27,0.39952602303141155,10.796858545827531,0.20789473933953,0.0013441591494770713
0.28,0.3995056330324264,10.796723403511335,0.20785246358226997,0.001358964542998708
0.29,0.39948501844812456,10.796586772654917,0.2078111015322416,0.001373933012207785
0.3,0.3994641768048443,10.796448636862586,0.20777056358413787,0.0013890663533199722
0.31,0.39944310560167884,10.796308979558058,0.20773076634778273,0.0014043663823355601
0.32,0.3994218023101762,10.796167783982467,0.20769163219617456,0.0014198349352573805
0.33,0.3994002643740359,10.796025033192356,0.20765308884615563,0.0014354738683111273
0.34,0.39937848920880215,10.795880710057641,0.20761506896934992,0.0014512850581681026
0.35,0.39935647420155373,10.795734797259561,0.20757750983118192,0.0014672704021704175
0.36,0.3993342167105908,10.79558727728859,0.2075403529559469,0.0014834318185586737
0.37,0.3993117140651174,10.795438132442342,0.20750354381604966,0.0014997712467021511
0.38,0.3992889635649216,10.795287344823452,0.20746703154366547,0.001516290647331533
0.39,0.39926596248005114,10.795134896337416,0.20743076866320218,0.0015329920027741934
0.4,0.39924270805048595,10.79498076869043,0.20739471084306035,0.0015498773171920758
0.41,0.3992191974858071,10.794824943387189,0.20735881666529662,0.0015669486168221934
0.42,0.3991954279648619,10.79466740172867,0.20732304741189606,0.0015842079502197768
0.43,0.3991713966354255,10.794508124809889,0.2072873668664531,0.0016016573885041005
0.44,0.3991471006138586,10.794347093517628,0.2072517411301474,0.0016192990256070174
0.45,0.39912253698476163,10.794184288528147,0.2072161384509811,0.0016371349785242308
0.46,0.3990977028006247,10.79401969030486,0.20718052906531892,0.001655167387569333
0.47,0.3990725950814742,10.793853279095998,0.20714488505084172,0.0016733984166306438
0.48,0.3990472108145151,10.793685034932228,0.20710918019008848,0.0016918302534308762
0.49,0.3990215469537697,10.793514937624266,0.207073389843821,0.001710465109789663
0.5,0.3989956004197118,10.793342966760452,0.20703749083350137,0.0017293052218889762
0.51,0.39896936809889777,10.793169101704295,0.207001461332223,0.0017483528505414672
0.52,0.3989428468435924,10.792993321592007,0.20696528076348433,0.0017676102814617655
0.53,0.3989160334713916,10.79281560532999,0.2069289297072379,0.0017870798255407636
0.54,0.3988889247648406,10.792635931592308,0.2068923898126884,0.0018067638191229239
0.55,0.3988615174710478,10.79245427881813,0.20685564371735224,0.0018266646242866404
0.56,0.39883380830129456,10.792270625209142,0.20681867497192494,0.0018467846291276874
0.57,0.3988057939306405,10.792084948726925,0.20678146797053695,0.0018671262480457911
0.58,0.3987774709975248,10.79189722709032,0.20674400788600764,0.001887691922034358
0.59,0.3987488361033628,10.79170743777275,0.20670628060973592,0.0019084841189733934
0.6,0.3987198858121382,10.791515557999514,0.20666827269589236,0.0019295053339256464
0.61,0.3986906166499908,10.791321564745056,0.20662997130960076,0.0019507580894360188
0.62,0.39866102510479984,10.791125434730207,0.20659136417882135,0.001972244935834269
0.63,0.39863110762576265,10.790927144419383,0.20655243954966693,0.0019939684515410524
0.64,0.39860086062296846,10.790726670017767,0.20651318614490374,0.0020159312433773308
0.65,0.39857028046696785,10.790523987468449,0.20647359312540656,0.0020381359468771916
0.66,0.39853936348833724,10.790319072449545,0.20643365005435366,0.002060585226604112
0.67,0.39850810597723874,10.790111900371274,0.20639334686396366,0.0020832817764707056
0.68,0.398476504182975,10.789902446373006,0.2063526738245896,0.002106228320061993
0.69,0.39844455431353915,10.789690685320283,0.20631162151599994,0.0021294276109622293
0.7,0.39841225253516005,10.7894765918018,0.20627018080068726,0.0021528824330853385
0.71,0.39837959497184217,10.789260140126355,0.20622834279905847,0.0021765956010089786
0.72,0.39834657770490073,10.789041304319774,0.2061860988663691,0.0022005699603122935
0.73,0.3983131967724914,10.788820058121779,0.20614344057127612,0.002224808387917381
0.74,0.3982794481691351,10.788596374982852,0.20610035967589083,0.0022493137924345244
0.75,0.3982453278452374,10.788370228061039,0.20605684811722366,0.0022740891145112247
0.76,0.3982108317066029,10.788141590218732,0.20601289798991934,0.002299137327185079
0.77,0.39817595561394353,10.787910434019416,0.20596850153018872,0.0023244614362405444
0.78,0.3981406953823826,10.787676731724373,0.20592365110085026,0.002350064480569632
0.79,0.39810504678095227,10.787440455289351,0.20587833917740045,0.002375949532536574
0.8,0.39806900553208613,10.787201576361205,0.2058325583350382,0.0024021196983465064
0.81,0.39803256731110603,10.786960066274489,0.2057863012365737,0.002428578118418215
0.82,0.3979957277457033,10.786715896048019,0.2057395606211573,0.002455327967760985
0.83,0.39795848241541404,10.786469036381396,0.20569232929376843,0.0024823724563556014
0.84,0.397920826851089,10.786219457651487,0.20564460011540922,0.0025097148295395466
0.85,0.3978827565343572,10.785967129908874,0.2055963659939512,0.0025373583683964414
0.86,0.39784426689708413,10.785712022874256,0.2055476198755873,0.0025653063901497747
0.87,0.3978053533208236,10.785454105934816,0.2054983547368448,0.0025935622485609698
0.88,0.3977660111362636,10.785193348140554,0.205448563577118,0.002622129334331836
0.89,0.39772623562266624,10.784929718200564,0.20539823941168253,0.0026510110755114526
0.9,0.3976860220073014,10.784663184479284,0.20534737526515598,0.002680210937907534
0.91,0.3976453654648742,10.784393714992698,0.20529596416537146,0.0027097324255023277
0.92,0.39760426111694613,10.7841212774045,0.2052439991376343,0.0027395790808730914
0.93,0.3975627040313496,10.783845839022213,0.2051914731993329,0.002769754485617202
0.94,0.39752068922159656,10.783567366793264,0.205138379354878,0.0028002622607819464
0.95,0.39747821164628017,10.783285827301018,0.20508471059094557,0.0028311060672990495
0.96,0.39743526620847,10.783001186760771,0.20503045987200091,0.002862289606423983
0.97,0.3973918477551005,10.782713411015694,0.2049756201360829,0.0028938166201801178
0.98,0.39734795107635307,10.782422465532733,0.20492018429082898,0.0029256908918077647
0.99,0.3973035709050308,10.782128315398465,0.2048641452097226,0.0029579162462181658
1.0,0.3972587019159269,10.781830925314912,0.2048074957285465,0.002990496550452482
1.01,0.39721333872518544,10.781530259595302,0.20475022864202627,0.0030234357141458367
1.02,0.39716747588965606,10.781226282159787,0.2046923367006494,0.003056737689996475
1.03,0.39712110790624056,10.780918956531114,0.20463381260764693,0.003090406474240084
1.04,0.3970742292112329,10.780608245830246,0.20457464901612468,0.003124446107129343
1.05,0.3970268341796519,10.78029411277194,0.2045148385263329,0.003158860673418753
1.06,0.39697891712456623,10.779976519660272,0.20445437368306332,0.003193654302854807
1.07,0.3969304722964124,10.779655428384107,0.2043932469731638,0.0032288311706715595
1.08,0.39688149388230487,10.779330800412538,0.20433145082316118,0.0032643954980916545
1.09,0.3968319760053391,10.779002596790251,0.20426897759698387,0.0033003515528328723
1.1,0.39678191272388613,10.778670778132856,0.20420581959377607,0.003336703649620254
1.11,0.39673129803088014,10.778335304622159,0.2041419690457962,0.0033734561507038708
1.12,0.39668012585309775,10.777996136001384,0.2040774181163928,0.003410613466382291
1.13,0.3966283900504296,10.777653231570346,0.20401215889805116,0.0034481800555318178
1.14,0.39657608441514364,10.777306550180558,0.20394618341050522,0.0034861604261415546
1.15,0.3965232026711406,10.776956050230305,0.20387948359890873,0.0035245591358543608
1.16,0.39646973847320116,10.77660168965964,0.20381205133206082,0.003563380792513771
1.17,0.39641568540622474,10.776243425945347,0.2037438784006811,0.0036026300547169353
1.18,0.3963610369844601,10.775881216095833,0.2036749565157299,0.0036423116323736513
1.19,0.3963057866507273,10.775515016645965,0.20360527730676947,0.0036824302872715525
1.2,0.396249927775631,10.775144783651866,0.20353483232036232,0.0037229908336475223
1.21,0.39619345365676556,10.77477047268563,0.20346361301850305,0.0037639981387654034
1.22,0.3961363575179108,10.774392038829996,0.2033916107770806,0.003805457123500068
1.23,0.39607863250821945,10.774009436672959,0.20331881688436743,0.003847372762927924
1.24,0.3960202717013951,10.773622620302318,0.2032452225395332,0.0038897500869239216
1.25,0.39596126809486165,10.773231543300167,0.20317081885117982,0.003932594180765141
1.26,0.3959016146089232,10.772836158737325,0.20309559683589573,0.003975910185741023
1.27,0.39584130408591495,10.772436419167708,0.2030195474168269,0.004019703299770325
1.28,0.3957803292893446,10.772032276622626,0.2029426614222624,0.004063978778024871
1.29,0.3957186829030244,10.77162368260504,0.20286492958423255,0.004108741933560171
1.3,0.3956563575301936,10.771210588083735,0.2027863425371178,0.0041539981379529875
1.31,0.3955933456926312,10.770792943487429,0.20270689081626647,0.0041997528219459256
1.32,0.39552963982975897,10.77037069869884,0.20262656485661976,0.004246011476099121
1.33,0.39546523229773467,10.769943803048664,0.20254535499134252,0.004292779651449108
1.34,0.3954001153685352,10.76951220530949,0.20246325145045835,0.004340062960174942
1.35,0.3953342812290297,10.76907585368966,0.20238024435948762,0.004387867076271661
1.36,0.3952677219800423,10.768634695827055,0.20229632373808717,0.004436197736231167
1.37,0.39520042963540486,10.768188678782805,0.2022114794986906,0.004485060739730603
1.38,0.395132396120999,10.76773774903494,0.20212570144514785,0.004534461950328311
1.39,0.39506361327378764,10.767281852471966,0.20203897927136336,0.004584407296167468
1.4,0.39499407284083615,10.766820934386374,0.20195130255993138,0.004634902770687451
1.41,0.3949237664783223,10.766354939468075,0.20186266078076806,0.0046859544333430585
1.42,0.39485268575053545,10.76588381179776,0.2017730432897389,0.004737568410331641
1.43,0.39478082212886517,10.765407494840192,0.20168243932728125,0.0047897508953282444
1.44,0.39470816699077793,10.76492593143742,0.20159083801702063,0.0048425081502288525
1.45,0.3946347116187832,10.764439063801921,0.20149822836438067,0.004895846505901812
1.46,0.3945604471993879,10.763946833509669,0.20140459925518547,0.004949772362947539
1.47,0.3944853648220391,10.763449181493117,0.20130993945425413,0.005004292192466588
1.48,0.3944094554780559,10.762946048034115,0.20121423760398655,0.005059412536836186
1.49,0.3943327100595484,10.762437372756741,0.20111748222294015,0.005115140010495315
1.5,0.39425511935832575,10.761923094620059,0.20101966170439692,0.005171481300738449
1.51,0.39417667406479173,10.761403151910788,0.20092076431492,0.0052284431685180235
1.52,0.3940973647668282,10.760877482235902,0.20082077819289984,0.005286032449255753
1.53,0.3940171819486663,10.76034602251514,0.20071969134708878,0.005344256053662879
1.54,0.3939361159897453,10.759808708973441,0.20061749165512427,0.005403120968569459
1.55,0.3938541571635589,10.759265477133283,0.2005141668620398,0.00546263425776278
1.56,0.3937712956364886,10.758716261806953,0.2004097045787633,0.005522803062835018
1.57,0.39368752146662445,10.758160997088721,0.20030409228060278,0.005583634604040227
1.58,0.39360282460257284,10.757599616346932,0.20019731730571844,0.005645136181160767
1.59,0.3935171948822512,10.75703205221601,0.20008936685358117,0.0057073151743832805
1.6,0.39343062203166895,10.756458236588378,0.19998022798341716,0.005770179045184313
1.61,0.3933430956636959,10.755878100606276,0.19986988761263788,0.005833735337225691
1.62,0.3932546052768164,10.755291574653508,0.19975833251525546,0.00589799167725976
1.63,0.3931651402538698,10.754698588347082,0.199645549320283,0.005962955776044595
1.64,0.39307468986077765,10.754099070528767,0.19953152451011952,0.006028635429269291
1.65,0.3929832432452563,10.753492949256552,0.19941624441891914,0.0060950385184894455
1.66,0.3928907894355154,10.752880151796015,0.1992996952309444,0.006162173012072944
1.67,0.3927973173389425,10.752260604611594,0.19918186297890322,0.006230046966156166
1.68,0.39270281574077265,10.751634233357764,0.1990627335422693,0.006298668525610718
1.69,0.3926072733027437,10.751000962870112,0.19894229264558566,0.00636804592502082
1.7,0.3925106785617366,10.75036071715632,0.19882052585675103,0.006438187489671454
1.71,0.3924130199284011,10.749713419387048,0.1986974185852889,0.0065091016365474005
1.72,0.39231428568576576,10.74905899188671,0.19857295608059872,0.006580796875343272
1.73,0.3922144639878331,10.748397356124155,0.19844712343018947,0.006653281809484678
1.74,0.3921135428581593,10.747728432703246,0.19831990555789464,0.006726565137160637
1.75,0.3920115101884179,10.747052141353329,0.1981912872220689,0.006800655652367359
1.76,0.39190835373694816,10.7463684009196,0.1980612530137662,0.006875562245963521
1.77,0.3918040611272871,10.74567712935337,0.19792978735489852,0.006951293906737173
1.78,0.39169861984668564,10.744978243702217,0.19779687449637576,0.007027859722484392
1.79,0.39159201724460807,10.744271660100033,0.19766249851622575,0.007105268881099814
1.8,0.3914842405312155,10.743557293756957,0.1975266433176949,0.007183530671679187
1.81,0.3913752767758323,10.742835058949206,0.19738929262732852,0.007262654485634055
1.82,0.3912651129053955,10.74210486900878,0.197250429993031,0.007342649817818733
1.83,0.3911537357028878,10.741366636313073,0.19711003878210553,0.007423526267669684
1.84,0.39104113180575256,10.740620272274345,0.19696810217927305,0.007505293540357456
1.85,0.3909272877042918,10.739865687329106,0.19682460318467013,0.0075879614479513
1.86,0.3908121897400465,10.739102790927355,0.19667952461182564,0.007671539910596614
1.87,0.39069582410415904,10.738331491521723,0.1965328490856159,0.007756038957705367
1.88,0.39057817683571777,10.737551696556485,0.19638455904019816,0.00784146872915962
1.89,0.3904592338200831,10.736763312456453,0.1962346367169219,0.007927839476528325
1.9,0.3903389807871953,10.735966244615746,0.196083064162218,0.008015161564297494
1.91,0.39021740330986404,10.735160397386437,0.1959298232254654,0.00810344547111395
1.92,0.39009448680203834,10.73434567406708,0.195774895556835,0.008192701791042764
1.93,0.3899702165170583,10.733521976891105,0.19561826260511042,0.008282941234838534
1.94,0.3898445775458871,10.732689207015074,0.19545990561548568,0.008374174631230684
1.95,0.38971755481532366,10.73184726450684,0.1952998056273392,0.008466412928222904
1.96,0.3895891330861959,10.730996048333541,0.19513794347198415,0.008559667194406918
1.97,0.38945929695153375,10.730135456349478,0.19497429977039463,0.008653948620290706
1.98,0.3893280308347221,10.729265385283863,0.19480885493090763,0.00874926851964137
1.99,0.38919531898763393,10.728385730728423,0.19464158914690044,0.008845638330842783
2.0,0.38906114548874227,10.72749638712487,0.1944724823944432,0.008943069618268197
2.01,0.3889254942412118,10.726597247752236,0.19430151442992638,0.009041574073667962
2.02,0.3887883489709693,10.725688204714068,0.19412866478766294,0.00914116351757255
2.03,0.38864969322475296,10.724769148925475,0.1939539127774648,0.009241849900710988
2.04,0.38850951036814013,10.723839970100045,0.19377723748219347,0.009343645305444988
2.05,0.3883677835835536,10.722900556736606,0.19359861775528467,0.009446561947218785
2.06,0.3882244958682458,10.72195079610585,0.1934180322182462,0.00955061217602503
2.07,0.38807963003226065,10.720990574236799,0.1932354592581294,0.00965580847788675
2.08,0.38793316869637345,10.720019775903134,0.19305087702497362,0.00976216347635571
2.09,0.3877850942900078,10.719038284609368,0.19286426342922325,0.009869689934027199
2.1,0.3876353890491296,10.718045982576866,0.1926755961391174,0.009978400754071581
2.11,0.38748403501411816,10.717042750729707,0.1924848525780517,0.010088308981782635
2.12,0.3873310140276136,10.716028468680403,0.1922920099219121,0.010199427806143028
2.13,0.3871763077323408,10.715003014715446,0.1920970450963802,0.010311770561406952
2.14,0.38701989756890925,10.713966265780707,0.19189993477420997,0.010425350728700279
2.15,0.386861764773589,10.712918097466668,0.19170065537247558,0.01054018193763825
2.16,0.38670189037606184,10.71185838399349,0.19149918304978988,0.010656277967961068
2.17,0.3865402551971479,10.710786998195928,0.1912954937034936,0.010773652751187433
2.18,0.3863768398465073,10.709703811508062,0.1910895629668144,0.010892320372286357
2.19,0.3862116247203164,10.708608693947872,0.19088136620599616,0.01101229507136732
2.2,0.3860445899989189,10.707501514101644,0.19067087851739767,0.011133591245389129
2.21,0.38587571564445045,10.706382139108197,0.19045807472456072,0.011256223449887501
2.22,0.3857049813984378,10.70525043464294,0.19024292937524714,0.01138020640072178
2.23,0.38553236677937114,10.704106264901755,0.1900254167384447,0.01150555497584079
2.24,0.3853578510802501,10.7029494925847,0.18980551080134114,0.011632284217068231
2.25,0.38518141336610245,10.701779978879532,0.18958318526626666,0.011760409331907657
2.26,0.38500303247147577,10.700597583445052,0.18935841354760394,0.011889945695367412
2.27,0.3848226869979014,10.699402164394263,0.1891311687686658,0.012020908851805616
2.28,0.3846403553113307,10.698193578277339,0.18890142375854016,0.012153314516795466
2.29,0.3844560155395429,10.696971680064422,0.18866915104890153,0.01228717857901115
2.3,0.3842696455695248,10.69573632312821,0.1884343228707895,0.012422517102134437
2.31,0.3840812230448214,10.694487359226365,0.1881969111513533,0.012559346326782366
2.32,0.3838907253628574,10.693224638483722,0.1879568875105623,0.012697682672456068
2.33,0.38369812967222955,10.691948009374308,0.18771422325788223,0.012837542739511165
2.34,0.38350341286996903,10.690657318703154,0.1874688893889168,0.012978943311149746
2.35,0.38330655159877386,10.689352411587919,0.18722085658201415,0.013121901355434418
2.36,0.38310752224421085,10.688033131440296,0.18697009519483831,0.01326643402732441
2.37,0.38290630093188677,10.686699319947229,0.18671657526090474,0.013412558670734223
2.38,0.38270286352458865,10.68535081705191,0.1864602664860802,0.013560292820614845
2.39,0.3824971856193924,10.683987460934578,0.1862011382450463,0.013709654205058002
2.4,0.38228924254473995,10.682609087993095,0.18593915957772658,0.013860660747423469
2.41,0.382079009357484,10.681215532823318,0.1856742991856766,0.014013330568489931
2.42,0.3818664608399007,10.67980662819925,0.18540652542843702,0.014167681988629418
2.43,0.38165157149666906,10.678382205052971,0.1851358063198491,0.014323733530005803
2.44,0.38143431555181756,10.676942092454356,0.18486210952433252,0.01448150391879741
2.45,0.3812146669456371,10.675486117590554,0.18458540235312482,0.014641012087444207
2.46,0.3809925993315601,10.674014105745261,0.1843056517604829,0.014802277176919643
2.47,0.3807680860730051,10.672525880277748,0.18402282433984538,0.01496531853902762
2.48,0.3805411002401873,10.671021262601666,0.18373688631995605,0.01513015573872465
2.49,0.3803116146068932,10.669500072163618,0.18344780356094806,0.015296808556467712
2.5,0.38007960164722093,10.66796212642149,0.18315554155038846,0.015465296990587843
2.51,0.37984503353228366,10.666407240822544,0.1828600653992827,0.015635641259689987
2.52,0.3796078821268778,10.66483522878128,0.18256133983803896,0.01580786180507921
2.53,0.379368118986114,10.663245901657042,0.18225932921239196,0.015981979293213627
2.54,0.3791257153520114,10.661639068731377,0.1819539974792858,0.016158014618184436
2.55,0.3788806421500547,10.660014537185155,0.181645308202716,0.01633598890422314
2.56,0.3786328699857129,10.658372112075432,0.18133322454952958,0.01651592350823652
2.57,0.3783823691409206,10.65671159631205,0.18101770928518415,0.0166978400223694
2.58,0.37812910957052004,10.655032790633994,0.1806987247694644,0.016881760276595766
2.59,0.37787306089866435,10.653335493585478,0.18037623295215677,0.017067706341338296
2.6,0.3776141924151815,10.651619501491771,0.18005019536868128,0.01725570053011688
2.61,0.37735247307189823,10.649884608434753,0.17972057313568104,0.017445765402226168
2.62,0.37708787147892336,10.648130606228214,0.17938732694656825,0.017637923765442758
2.63,0.37682035590089097,10.646357284392863,0.17905041706702723,0.017832198678762057
2.64,0.3765498942531618,10.644564430131076,0.1787098033304739,0.018028613455165432
2.65,0.37627645409798355,10.64275182830136,0.17836544513347147,0.018227191664417688
2.66,0.3760000026406083,10.640919261392535,0.17801730143110214,0.01842795713589552
2.67,0.37572050672536816,10.639066509497633,0.17766533073229482,0.01863093396144696
2.68,0.3754379328317075,10.637193350287514,0.17730949109510818,0.018836146498282472
2.69,0.3751522470701717,10.635299558984181,0.17694974012196948,0.019043619371897743
2.7,0.3748634151783519,10.633384908333813,0.17658603495486833,0.019253377479028812
2.71,0.37457140251678556,10.631449168579488,0.17621833227050582,0.019465445990639606
2.72,0.37427617406481173,10.62949210743362,0.17584658827539834,0.01967985035494253
2.73,0.37397769441638123,10.627513490050083,0.17547075870093654,0.019896616300452176
2.74,0.37367592777582065,10.625513078996024,0.1750907987983985,0.020115769839072817
2.75,0.3733708379535502,10.62349063422338,0.17470666333391813,0.02033733726921976
2.76,0.37306238836175426,10.621445913040068,0.1743183065834073,0.020561345178975225
2.77,0.3727505420100051,10.619378670080867,0.17392568232743313,0.020787820449278873
2.78,0.3724352615008381,10.617288657277967,0.17352874384604922,0.021016790257153504
2.79,0.37211650902527865,10.61517562383121,0.17312744391358129,0.021248282078966358
2.8,0.3717942463583205,10.61303931617799,0.17272173479336747,0.0214823236937262
2.81,0.37146843485435377,10.610879477962825,0.1723115682324526,0.02171894318641688
2.82,0.37113903544254384,10.608695850006603,0.17189689545623732,0.021958168951367454
2.83,0.3708060086221589,10.606488170275467,0.1714776671630813,0.022200029695659575
2.84,0.37046931445784687,10.604256173849388,0.17105383351886166,0.022444554442572262
2.85,0.37012891257486014,10.601999592890362,0.17062534415148561,0.02269177253506478
2.86,0.3697847621542286,10.599718156610278,0.17019214814535855,0.022941713639297708
2.87,0.3694368219278795,10.597411591238421,0.16975419403580688,0.02319440774819296
2.88,0.36908505017370397,10.595079619988622,0.1693114298034568,0.023449885185032847
2.89,0.3687294047105696,10.592721963026042,0.1688638028685683,0.023708176607098966
2.9,0.3683698428932785,10.590338337433597,0.16841126008532586,0.023969313009350967
2.91,0.3680063216074703,10.587928457178002,0.16795374773608504,0.024233325728146054
2.92,0.3676387972644693,10.585492033075456,0.1674912115255765,0.024500246444999246
2.93,0.36726722579607507,10.583028772756935,0.1670235965750671,0.024770107190385252
2.94,0.3668915626492968,10.58053838063311,0.16655084741647933,0.025042940347582032
2.95,0.3665117627810292,10.578020557858878,0.16607290798646906,0.025318778656556885
2.96,0.3661277806526711,10.575475002297502,0.165589721620463,0.02559765521789515
2.97,0.3657395702246844,10.572901408484352,0.16510123104665578,0.025879603496772367
2.98,0.36534708495109436,10.570299467590258,0.16460737837996828,0.02616465732697
2.99,0.36495027777392935,10.567668867384443,0.16410810511596774,0.026452850914935593
3.0,0.3645491011176001,10.56500929219706,0.1636033521247507,0.026744218843887432
3.01,0.36414350688321717,10.562320422881312,0.16309305964478976,0.02703879607796463
3.02,0.3637334464428472,10.55960193677516,0.1625771672767457,0.027336617966422783
3.03,0.3633188706337057,10.556853507662597,0.16205561397724597,0.02763772024787582
3.04,0.3628997297522868,10.554074805734508,0.16152833805263075,0.027942139054584765
3.05,0.3624759735484289,10.551265497549096,0.16099527715266906,0.028249910916793457
3.06,0.3620475512193158,10.548425245991863,0.16045636826424506,0.02856107276711232
3.07,0.361614411403412,10.545553710235163,0.159911547705018,0.028875661944950153
3.08,0.36117650217433217,10.542650545697304,0.1593607511170564,0.029193716200994955
3.09,0.3607337710346439,10.539715404001198,0.15880391346044942,0.029515273701743918
3.1,0.3602861649096024,10.536747932932556,0.15824096900689727,0.029840373034083503
3.11,0.3598336301408179,10.533747776397629,0.15767185133328335,0.030169053209919756
3.12,0.3593761124798527,10.530714574380468,0.15709649331523035,0.030501353670859845
3.13,0.3589135570817499,10.527647962899735,0.1565148271206439,0.03083731429294494
3.14,0.3584459084984907,10.52454757396502,0.1559267842032459,0.03117697539143545
3.15,0.3579731106723809,10.521413035532683,0.15533229529610168,0.03152037772564874
3.16,0.3574951069293655,10.518243971461215,0.1547312904051438,0.03186756250385035
3.17,0.35701183997227015,10.5150400014661,0.15412369880269713,0.032218571388198905
3.18,0.35652325187396977,10.511800741074177,0.15350944902100835,0.03257344649974564
3.19,0.3560292840704823,10.50852580157752,0.15288846884578522,0.032932230423488834
3.2,0.3555298773539876,10.505214789986777,0.1522606853097496,0.033294966213484135
3.21,0.35502497186577076,10.501867308984023,0.15162602468621003,0.033661697398010906
3.22,0.3545145070890881,10.498482956875085,0.1509844124826587,0.03403246798479574
3.23,0.35399842184195673,10.495061327541332,0.1503357734343993,0.03440732246629327
3.24,0.3534766542698647,10.491602010390952,0.14968003149821152,0.03478630582502539
3.25,0.352949141838403,10.488104590309677,0.14901710984605976,0.035169463538979026
3.26,0.352415821325817,10.48456864761097,0.1483469308588525,0.035556841587063584
3.27,0.35187662881547765,10.480993757985674,0.1476694161202611,0.0359484864546284
3.28,0.3513314996882706,10.477379492451085,0.14698448641060607,0.036344445139040914
3.29,0.3507803686149032,10.473725417299486,0.14629206170081963,0.03674476515532647
3.3,0.3502231695481281,10.470031094046094,0.14559206114649534,0.03714949454187
3.31,0.3496598357148826,10.466296079376455,0.1448844030820343,0.037558681866180714
3.32,0.34909029960834315,10.462519925093243,0.14416900501490024,0.037972376230720126
3.33,0.3485144929798935,10.458702178062476,0.14344578361999488,0.03839062727879444
3.34,0.3479323468310067,10.454842380159146,0.1427146547341677,0.03881348520051163
3.35,0.3473437914050386,10.450940068212248,0.14197553335087337,0.03924100073880438
3.36,0.3467487561789335,10.446994773949196,0.14122833361499315,0.03967322519551908
3.37,0.3461471698548396,10.443006023939642,0.1404729688178358,0.04011021043757222
3.38,0.3455389603516345,10.438973339538656,0.1397093513923368,0.04055200890317425
3.39,0.34492405479635896,10.4348962368293,0.13893739290847415,0.04099867360812232
3.4,0.3443023795155587,10.430774226564553,0.13815700406892245,0.04145025815216201
3.41,0.3436738600265326,10.426606814108615,0.13736809470496678,0.04190681672541946
3.42,0.34303842102848714,10.422393499377542,0.1365705737727014,0.042368404114904036
3.43,0.34239598639359503,10.418133776779246,0.1357643493495387,0.04283507571108291
3.44,0.3417464791579585,10.413827135152825,0.13494932863105752,0.043306887514527756
3.45,0.3410898215124751,10.409473057707224,0.13412541792822044,0.043783896142635
3.46,0.3404259347936052,10.40507102195923,0.13329252266499453,0.0442661588364197
3.47,0.33975473947404117,10.400620499670769,0.13245054737641002,0.044753733467384677
3.48,0.3390761551532759,10.396120956785527,0.13159939570709717,0.045246678544464895
3.49,0.33839010054807045,10.391571853364866,0.13073897041034252,0.045745053221048715
3.5,0.33769649348282005,10.386972643523029,0.12986917334771142,0.04624891730207611
3.51,0.3369952508798166,10.382322775361645,0.1289899054892853,0.04675833125121542
3.52,0.3362862887494073,10.377621690903501,0.12810106691456927,0.04727335619811893
3.53,0.33556952218004854,10.372868826025588,0.12720255681412804,0.04779405394575836
3.54,0.3348448653282531,10.36806361039141,0.12629427349201414,0.04832048697784134
3.55,0.3341122314084308,10.36320546738255,0.12537611436905913,0.04885271846630933
3.56,0.33337153268262093,10.358293814029476,0.12444797598710268,0.049390812278918374
3.57,0.3326226804501151,10.353328060941594,0.12350975401424401,0.04993483298690309
3.58,0.3318655850369704,10.348307612236521,0.12256134325120475,0.050484845872725385
3.59,0.33110015578541097,10.343231865468585,0.12160263763890407,0.05104091693790814
3.6,0.33032630104311733,10.338100211556535,0.1206335302673528,0.05160311291095561
3.61,0.32954392815240263,10.332912034710457,0.11965391338598694,0.05217150125536063
3.62,0.3287529434392739,10.327666712357884,0.11866367841556913,0.052746150177700436
3.63,0.3279532522023784,10.32236361506909,0.11766271596180228,0.05332712863582126
3.64,0.327144758701833,10.317002106481565,0.1166509158308108,0.05391450634711344
3.65,0.3263273661479364,10.31158154322366,0.11562816704666323,0.054508353796877344
3.66,0.325500976689762,10.306101274837378,0.11459435787112442,0.055108742246781764
3.67,0.32466549140363216,10.300560643700333,0.11354937582584781,0.05571574374341514
3.68,0.32382081028147025,10.294958984946838,0.11249310771723689,0.05632943112693134
3.69,0.3229668322190322,10.289295626388128,0.11142543966423164,0.056949878039790264
3.7,0.32210345500401416,10.283569888431698,0.11034625712930018,0.05757715893559516
3.71,0.32123057530403676,10.277781083999765,0.1092554449529484,0.05821134908802683
3.72,0.3203480886545039,10.271928518446817,0.10815288739209133,0.058852524599876686
3.73,0.31945588944633624,10.26601148947627,0.10703846816267114,0.05950076241217885
3.74,0.31855387091357634,10.260029287056192,0.10591207048694554,0.06015614031344334
3.75,0.317641925120867,10.253981193334106,0.1047735771459224,0.06081873694899039
3.76,0.31671994295079914,10.24786648255086,0.1036228705374668,0.06148863183038818
3.77,0.3157878140911306,10.241684420953534,0.1024598327406707,0.062165905344994034
3.78,0.31484542702187296,10.23543426670741,0.10128434558714376,0.06285063876560089
3.79,0.3138926690022462,10.22911526980694,0.10009629073996136,0.0635429142601902
3.8,0.3129294260575007,10.22272667198577,0.09889554978109792,0.06424281490179183
3.81,0.3119555829656039,10.216267706625747,0.09768200430827167,0.06495042467845313
3.82,0.3109710232437933,10.209737598664933,0.09645553604224674,0.06566582850331718
3.83,0.30997562913499194,10.203135564504608,0.09521602694576699,0.06638911222481263
3.84,0.30896928159408793,10.196460811915246,0.09396335935545153,0.06712036263695528
3.85,0.307951860274075,10.189712539941452,0.09269741612815187,0.0678596674897636
3.86,0.30692324351205535,10.18288993880586,0.09141808080347431,0.06860711549978846
3.87,0.30588330831510174,10.175992189811964,0.09012523778439789,0.06936279636075937
3.88,0.30483193034598005,10.169018465245893,0.08881877253818772,0.0701268007543475
3.89,0.30376898390872964,10.16196792827708,0.08749857182010778,0.07089922036104769
3.9,0.30269434193410244,10.154839732857868,0.08616452392279793,0.07168014787117988
3.91,0.3016078759648586,10.147633023621976,0.08481651895459144,0.07246967699601217
3.92,0.3005094561409192,10.140346935781885,0.08345444915053755,0.07326790247900594
3.93,0.29939895118437415,10.132980595025055,0.08207820922045549,0.07407492010718533
3.94,0.29827622838434653,10.125533117409033,0.080687696739014,0.07489082672263137
3.95,0.29714115358171017,10.118003609255378,0.0792828125836067,0.0757157202341033
3.96,0.295993591153663,10.110391167042444,0.07786346142671652,0.07654969962878744
3.97,0.294833403998153,10.102694877296953,0.07642955229054668,0.07739286498417576
3.98,0.29366045351815856,10.094913816484404,0.07498099917298873,0.07824531748007504
3.99,0.29247459960582134,10.087047050898253,0.07351772175552918,0.07910715941074867
4.0,0.29127570062643277,10.079093636547885,0.07203964620553273,0.07997849419719162
4.01,0.2900636134022728,10.071052619045343,0.070546706087531,0.08085942639954131
4.02,0.2888381931963021,10.062923033490817,0.06903884340078875,0.08175006172962461
4.03,0.2875992936957064,10.054703904356868,0.06751600976360167,0.08265050706364338
4.04,0.2863467669952953,10.046394245371385,0.06597816776863975,0.0835608704549993
4.05,0.28508046358075256,10.037993059399232,0.06442529253833928,0.08448126114726073
4.06,0.2838002323117419,10.029499338322625,0.06285737351508039,0.08541178958727166
4.07,0.28250592040486616,10.020912062920152,0.06127441652790838,0.08635256743840546
4.08,0.2811973734164825,10.012230202744501,0.05967644618621519,0.08730370759396412
4.09,0.27987443522537203,10.003452715998808,0.05806350866150157,0.08826532419072602
4.1,0.2785369480152681,9.994578549411665,0.056435674931657326,0.08923753262264192
4.11,0.27718475225724165,9.98560663811074,0.05479304457882124,0.09022044955468243
4.12,0.2758176866919472,9.976535905495012,0.05313575025276283,0.0912141929368375
4.13,0.27443558831172876,9.967365263105597,0.051463962938069395,0.09221888201827085
4.14,0.2730382923425905,9.958093610495142,0.04977789819684795,0.09323463736162957
4.15,0.2716256322260316,9.948719835095803,0.04807782360127291,0.09426158085751182
4.16,0.27019743960074977,9.939242812085746,0.04636406762498132,0.09529983573909333
4.17,0.2687535442842144,9.929661404254194,0.044637030332807706,0.09634952659691585
4.18,0.26729377425411416,9.919974461864973,0.042897196299766016,0.09741077939383776
4.19,0.26581795562968097,9.910180822518575,0.041145150309353035,0.0984837214801497
4.2,0.2643259126528956,9.900279311012683,0.03938159653743205,0.09956848160885626
4.21,0.2628174676695773,9.890268739201172,0.037607382133618035,0.10066518995112692
4.22,0.2612924411103639,9.880147905851553,0.03582352638405911,0.10177397811191616
4.23,0.259750651471587,9.869915596500848,0.034031257000277905,0.10289497914575628
4.24,0.25819191529604774,9.859570583309877,0.032232055558059816,0.10402832757272354
4.25,0.2566160471536991,9.849111624915944,0.030427714746559836,0.10517415939458113
4.26,0.2550228596222433,9.838537466283894,0.02862041092799875,0.10633261211109901
4.27,0.25341216326765004,9.827846838555539,0.026812796605126737,0.10750382473655397
4.28,0.2517837666246055,9.817038458897416,0.025008118792759052,0.10868793781641141
4.29,0.250137476176901,9.806111030346884,0.02321037099600192,0.10988509344419041
4.3,0.24847309633777045,9.795063241656504,0.021424488393030353,0.11109543527851556
4.31,0.24679042943018983,9.783893767136725,0.019656597475405897,0.11231910856035558
4.32,0.2450892756671493,9.77260126649683,0.01791433166593738,0.11355626013045243
4.33,0.24336943313191295,9.761184384684132,0.016207220601763134,0.11480703844694176
4.34,0.24277448726439652,9.749643210405555,0.01544397644689973,0.1160423115219847
4.35,0.24296136716665662,9.737979427393936,0.015452688658685055,0.11725940611400942
4.36,0.2432210110014792,9.726193615201058,0.015452975384326769,0.11848317586815177
4.37,0.24355772915205925,9.714285121362844,0.015453346773071905,0.11971332104402259
4.38,0.24397188210632853,9.702253306616564,0.015453711515168648,0.1209498784965264
4.39,0.2444638752164714,9.690097528186751,0.015454070714169994,0.12219288163965472
4.4,0.24503411579498507,9.677817139947232,0.015454424479824463,0.12344236410040972
4.41,0.24568301358370961,9.665411492401786,0.015454772930766232,0.12469835967998928
4.42,0.24641098075388385,9.652879932666686,0.015455116180694603,0.1259609023550584
4.43,0.24721843192842877,9.640221804454397,0.015455454343372964,0.127230026278706
4.44,0.24810578416149773,9.62743644805202,0.015455787522302514,0.12850576578354098
4.45,0.24907345697156683,9.614523200307266,0.0154561158235234,0.1297881553791977
4.46,0.25012187234017697,9.601481394609424,0.015456439350671421,0.13107722975425568
4.47,0.25125145471203414,9.588310360871306,0.015456758202404018,0.13237302378015633
4.48,0.25246263100683985,9.575009425511151,0.015457072474112566,0.13367557250781467
4.49,0.2537558306164405,9.561577911434469,0.0154573822605476,0.13498491117253578
4.5,0.25513148541303793,9.548015138015819,0.015457687652653459,0.13630107519002363
4.51,0.25659002974276107,9.534320421079082,0.015457988737697199,0.13762410016343485
4.52,0.2581319004500889,9.520493072883017,0.015458285603992778,0.13895402187993902
4.53,0.2597575368564726,9.506532402098763,0.015458578336957856,0.1402908763114258
4.54,0.2614673807769979,9.492437713795331,0.015458867019246788,0.1416346996195852
4.55,0.26326187649020216,9.478208309409524,0.015459151722484413,0.14298552815272456
4.56,0.26514147079219513,9.463843486744041,0.015459432532976944,0.14434339844957778
4.57,0.26710661295432747,9.44934253993721,0.015459709524731564,0.1457083472388685
4.58,0.269157754738493,9.434704759446797,0.0154599827685522,0.14708041144016654
4.59,0.27129535039754576,9.419929432030925,0.015460252339353591,0.14845962816459013
4.6,0.27351985667252743,9.40501584072877,0.0154605183058169,0.1498460347182874
4.61,0.27583173280063805,9.389963264842741,0.015460780738011565,0.15123966859975627
4.62,0.2782314404973074,9.374770979914631,0.015461039699352997,0.1526405675027593
4.63,0.28071944397419984,9.3594382577104,0.015461295255751992,0.154048769320538
4.64,0.283296209933973,9.343964366199122,0.015461547472236714,0.1554643121389211
4.65,0.2859622075706241,9.32834856953329,0.01546179640825279,0.15688723424580597
4.66,0.2887179085731456,9.312590128028805,0.015462042124986908,0.15831757412795416
4.67,0.29156378712041386,9.296688298145092,0.015462284681337975,0.1597553704718082
4.68,0.29450031988971376,9.280642332465156,0.01546252413559214,0.1612006621637178
4.69,0.29752798605433306,9.264451479675333,0.015462760543011787,0.16265348829600867
4.7,0.3006472672895376,9.248114984545026,0.015462993956474817,0.16411388816117306
4.71,0.3038586477697474,9.231632087906325,0.01546322443205692,0.1655819012598858
4.72,0.3071626141767182,9.215002026633524,0.015463452020960803,0.16705756729528842
4.73,0.3105596557029688,9.19822403362258,0.015463676774647203,0.1685409261796069
4.74,0.31405026405058306,9.181297337770385,0.01546389874043494,0.17003201803174514
4.75,0.3176349334441662,9.164221163954045,0.015464117970186736,0.17153088317897827
4.76,0.3213141606299113,9.146994733009883,0.015464334508163745,0.1730375621612424
4.77,0.3250884448828187,9.129617261712397,0.01546454840326017,0.1745520957276787
4.78,0.32895828801057025,9.112087962753176,0.015464759698147016,0.1760745248407699
4.79,0.3329241943665251,9.094406044719726,0.015464968439601576,0.17760489067430416
4.8,0.33698667085127504,9.076570712074098,0.015465174669720451,0.17914323461909337
4.81,0.341146226920349,9.058581165131363,0.015465378431698193,0.18068959828063044
4.82,0.3454033745949901,9.0404366000381,0.01546557976581416,0.18224402348092444
4.83,0.34975862847463646,9.022136208750684,0.01546577871441741,0.18380655226107026
4.84,0.35421250573113516,9.003679179013528,0.01546597531479978,0.18537722687901279
4.85,0.35876552613410084,8.985064694337275,0.015466169604230048,0.1869560898134075
4.86,0.36341821205877095,8.96629193397665,0.015466361624969498,0.18854318376638604
4.87,0.36817108848878677,8.947360072908284,0.015466551411676393,0.19013855166132973
4.88,0.3730246830328865,8.92826828180854,0.0154667389999408,0.19174223664492207
4.89,0.3779795259353274,8.909015727031218,0.015466924425867782,0.1933542820879152
4.9,0.3830361500876692,8.889601570585047,0.015467107724627375,0.19497473158841536
4.91,0.3881950910421558,8.870024970111016,0.015467288930220154,0.19660362897191677
4.92,0.393456887022958,8.850285078859777,0.015467468075194498,0.19824101828985594
4.93,0.3988220789393925,8.830381045668767,0.01546764519395629,0.19988694382657674
4.94,0.4042912103993517,8.810312014939212,0.015467820315778067,0.20154145009502922
4.95,0.4098648277250869,8.790077126613138,0.015467993471893055,0.20320458184084192
4.96,0.41554347996558816,8.769675516150139,0.015468164696038044,0.20487638404295375
4.97,0.4213277189075403,8.749106314504077,0.015468334015801319,0.20655690191471485
4.98,0.42721809909734354,8.728368648099739,0.015468501459565714,0.20824618090338828
4.99,0.4332151778520088,8.707461638809228,0.015468667057753408,0.20994426669634275
5.0,0.4393195152731982,8.686384403928209,0.015468830839279663,0.21165120521737557
5.01,0.445531674264616,8.665136056152317,0.015468992829667324,0.21336704262751505
5.02,0.4518522205489173,8.64371570355325,0.015469153056329493,0.21509182533055304
5.03,0.4582817226799092,8.622122449554588,0.015469311547520575,0.21682559997271997
5.04,0.46482075206506174,8.60035539290766,0.01546946832592432,0.21856841344270753
5.05,0.4714698829749226,8.578413627667246,0.015469623420630482,0.22032031287425444
5.06,0.47822969256316294,8.556296243167242,0.015469776855522997,0.2220813456447625
5.07,0.48510076088456605,8.534002323996237,0.015469928653436252,0.2238515593786637
5.08,0.49208367091104516,8.511530949972714,0.015470078841083385,0.22563100195128066
5.09,0.499179008545592,8.4888811961203,0.015470227439287049,0.22741972148409886
5.1,0.5063873626433179,8.46605213264292,0.015470374471936242,0.22921776635158483
5.11,0.5137093250286483,8.443042824899585,0.015470519961911651,0.23102518518170875
5.12,0.5211454905130417,8.419852333379355,0.015470663931904207,0.23284202685213026
5.13,0.528696456908827,8.396479713676074,0.015470806403543173,0.23466834049822993
5.14,0.5363628250531866,8.37292401646288,0.015470947399333041,0.2365041755099799
5.15,0.5441451988214444,8.349184287466786,0.015471086937125933,0.23834958153370966
5.16,0.5520441851461266,8.325259567442826,0.01547122504078604,0.24020460847902964
5.17,0.5600603940347691,8.301148892148328,0.015471361728128796,0.24206930650939873
5.18,0.5681944385914345,8.276851292317046,0.01547149701857988,0.24394372605445866
5.19,0.5764469350325288,8.252365793632887,0.015471630935335849,0.24582791780599075
5.2,0.5848185027039274,8.227691416703797,0.015471763494309634,0.24772193271887807
5.21,0.5933097640997083,8.2028271770354,0.015471894713676453,0.24962582201484865
5.22,0.6019213448851083,8.17777208500452,0.015472024613943923,0.2515396371815919
5.23,0.6106538739113163,8.152525145832765,0.015472153214066075,0.25346342997206023
5.24,0.6195079832321826,8.127085359559569,0.015472280528189294,0.25539725241672956
5.25,0.628484308130502,8.101451721015213,0.01547240657702825,0.25734115681090564
5.26,0.6375834871285025,8.075623219794151,0.01547253137659748,0.25929519572239473
5.27,0.6468061620108103,8.049598840227643,0.01547265494244077,0.2612594219971228
5.28,0.6561529778446161,8.023377561356352,0.015472777292440395,0.26323388875467957
5.29,0.6656245829995799,7.99695835690299,0.015472898443881037,0.2652186493918056
5.3,0.6752216291596275,7.970340195244868,0.015473018409989017,0.267213757580886
5.31,0.6849447713531652,7.9435220393861945,0.015473137207830877,0.2692192672766347
5.32,0.6947946679648711,7.916502846930099,0.01547325485302459,0.271235232715126
5.33,0.7047719807526552,7.889281570050613,0.015473371361764982,0.27326170841568614
5.34,0.7148773748755992,7.861857155464587,0.015473486745205203,0.2752987491802888
5.35,0.7251115189085889,7.834228544403534,0.015473601023670359,0.277346410095861
5.36,0.7354750848626359,7.806394672585242,0.015473714205267877,0.27940474653685593
5.37,0.745968748202805,7.7783544701851195,0.015473826308398858,0.2814738141680978
5.38,0.75659318787214,7.750106861807381,0.015473937347709415,0.2835536689450717
5.39,0.7673490863047433,7.72165076645636,0.015474047331814693,0.2856443671115164
5.4,0.7782371294535363,7.6929850975074885,0.015474156279253136,0.28774596520856605
5.41,0.7892580068015769,7.66410876267822,0.015474264200645222,0.289858520067048
5.42,0.8004124113911996,7.6350206639986995,0.015474371108715398,0.29198208882001586
5.43,0.8117010398337127,7.605719697782357,0.015474477015387327,0.29411672889244095
5.44,0.8231245923430893,7.576204754596354,0.015474581937883636,0.2962624980142787
5.45,0.8346837727383367,7.5464747192319095,0.015474685884437912,0.2984194542103647
5.46,0.8463792884790481,7.516528470674435,0.015474788868787453,0.30058765581403735
5.47,0.8582118506814028,7.486364882073518,0.0154748909007557,0.30276716145725574
5.48,0.8701821741319723,7.455982820712842,0.015474991992478869,0.3049580300817484
5.49,0.8822909773177463,7.425381147979748,0.015475092160094735,0.3071603209354044
5.5,0.89453898243603,7.394558719334847,0.015475191410721068,0.3093740935748053
5.51,0.9069269154268418,7.363514384281552,0.015475289754183741,0.3115994078648559
5.52,0.9194555059883789,7.332246986335184,0.01547538720435922,0.3138363239879209
5.53,0.9321254875903993,7.300755362992091,0.015475483774100103,0.3160849024344917
5.54,0.9449375975044892,7.269038345698796,0.015475579469908232,0.31834520401264693
5.55,0.9578925768234221,7.237094759820796,0.015475674303175981,0.3206172898451954
5.56,0.9709911704787982,7.204923424611055,0.015475768282722104,0.3229012213797025
5.57,0.9842341272633056,7.172523153178432,0.015475861424637388,0.32519706037952567
5.58,0.9976221998544371,7.1398927524564115,0.015475953732246802,0.3275048689276486
5.59,1.0111561448303417,7.107031023171088,0.015476045220619229,0.3298247094373661
5.6,1.0248367226969946,7.073936759809272,0.015476135894975063,0.33215664464025374
5.61,1.0386646979039942,7.040608750586481,0.015476225766018703,0.3345007376004624
5.62,1.0526408388687822,7.007045777414515,0.015476314845877663,0.33685705170948826
5.63,1.066765917999301,6.973246615869219,0.015476403144476332,0.3392256506875781
5.64,1.0810407117117726,6.9392100351581485,0.0154764906662167,0.34160659858526526
5.65,1.0954660004539438,6.904934798087564,0.015476577421861972,0.34399995979536285
5.66,1.1100425687336934,6.870419661029623,0.015476663418344878,0.3464057990378158
5.67,1.1247712051254977,6.835663373886248,0.015476748671213188,0.3488241813718841
5.68,1.139652702306658,6.800664680066198,0.015476833182101439,0.3512551721983661
5.69,1.1546878570750112,6.765422316441332,0.015476916962029937,0.35369883725843865
5.7,1.169877470368627,6.729935013316669,0.015477000018645565,0.35615524263606496
5.71,1.1852223472876393,6.6942014943969435,0.015477082363988261,0.3586244547569761
5.72,1.2007232971183832,6.658220476752955,0.01547716399985494,0.36110654039488405
5.73,1.2163811333600691,6.621990670787484,0.015477244940024719,0.3636015666743731
5.74,1.2321966737392969,6.585510780201324,0.015477325186247344,0.3661096010666356
5.75,1.2481707402340572,6.5487795019592125,0.015477404752389411,0.36863071139613884
5.76,1.2643041591040105,6.511795526255505,0.01547748364151499,0.371164965840191
5.77,1.2805977609011365,6.4745575364799315,0.01547756186200883,0.373712432928533
5.78,1.2970523805051757,6.4370642091828625,0.015477639426458347,0.3762731815542456
5.79,1.3136688571357027,6.3993142140404755,0.015477716334993081,0.37884728096620374
5.8,1.3304480343854124,6.36130621381994,0.01547779259798582,0.38143480077651504
5.81,1.3473907602335102,6.323038864344502,0.015477868220677574,0.38403581095677947
5.82,1.3644978870769398,6.284510814458401,0.015477943214051873,0.38665038184583045
5.83,1.3817702717453035,6.24572070599166,0.015478017578561633,0.3892785841461487
5.84,1.399208775533984,6.206667173724677,0.015478091328349305,0.39192048893191966
5.85,1.416814264217,6.167348845352481,0.015478164466000482,0.39457616764955766
5.86,1.4345876080860294,6.1277643414491845,0.015478236999393073,0.3972456921143061
5.87,1.4525296819570113,6.087912275432468,0.015478308933863063,0.39992913451472273
5.88,1.4706413652073975,6.047791253527649,0.015478380277031271,0.4026265674173772
5.89,1.4889235417928142,6.007399874731379,0.015478451033918135,0.40533806377176057
5.9,1.5073771002745815,5.966736730775523,0.01547852121132488,0.4080636969031737
5.91,1.5260029338380792,5.925800406091244,0.015478590816301027,0.4108035405176679
5.92,1.5448019403266282,5.884589477772651,0.015478659852672489,0.41355766870721045
5.93,1.5637750222582396,5.843102515540259,0.01547872832685193,0.41632615595091055
5.94,1.5829230868578854,5.801338081704407,0.015478796247543647,0.41910907711631046
5.95,1.6022470460722027,5.759294731128882,0.015478863619983843,0.4219065074565223
5.96,1.6217478166002026,5.7169710111938645,0.015478930446097284,0.42471852262850174
5.97,1.6414263199230936,5.674365461759305,0.015478996737958833,0.4275451986693101
5.98,1.6612834823162752,5.631476615128249,0.015479062494229869,0.4303866120230794
5.99,1.6813202348904546,5.58830299600974,0.0154791277224617,0.43324283952574527
6.0,1.7015375136019868,5.544843121481876,0.015479192430856964,0.4361139584197037
6.01,1.7219362592882321,5.501095500954657,0.015479256626714661,0.4390000463471079
6.02,1.7425174176891634,5.457058636133006,0.015479320305617801,0.44190118135615886
6.03,1.7632819394768284,5.412731020980007,0.01547938348289331,0.4448174418943066
6.04,1.78423078028003,5.368111141679478,0.015479446157447254,0.4477489068325251
6.05,1.805364900699164,5.323197476598712,0.015479508336687972,0.4506956554409793
6.06,1.8266852663512712,5.277988496251927,0.015479570025851942,0.4536577674045478
6.07,1.8481928478881537,5.232482663262802,0.015479631232462468,0.4566353228298339
6.08,1.869888621008732,5.186678432327493,0.01547969195280181,0.4596284022340622
6.09,1.891773566516373,5.140574250177627,0.015479752202673074,0.46263708656129154
6.1,1.9138486703116129,5.094168555543379,0.015479811978423486,0.46566145717132174
6.11,1.9361149234482788,5.047459779117019,0.015479871290067483,0.4687015958469047
6.12,1.9585733221338755,5.000446343515861,0.015479930139935524,0.47175758480595076
6.13,1.9812248677804287,4.953126663245469,0.015479988531048719,0.47482950669046614
6.14,2.0040705670170627,4.905499144663705,0.015480046473417578,0.4779174445693771
6.15,2.0271114317208045,4.8575621859446425,0.01548010396290978,0.48102148194626937
6.16,2.0503484790471536,4.809314177042168,0.015480161011440556,0.48414170276741786
6.17,2.073782731450158,4.760753499654426,0.015480217621846334,0.48727819140575407
6.18,2.0974152167163376,4.711878527188498,0.015480273793789044,0.49043103268342303
6.19,2.121246967998415,4.662687624725061,0.015480329536285085,0.49360031186065795
6.2,2.145279023828545,4.613179148984066,0.015480384851745141,0.49678611463910294
6.21,2.169512428155731,4.563351448290197,0.015480439746304883,0.499988527175253
6.22,2.1939482303727633,4.513202862539238,0.01548049422473445,0.503207636064202
6.23,2.2185874853476912,4.46273172316482,0.01548054828446953,0.506443528363256
6.24,2.2434312534447582,4.4119363531056734,0.015480601935693509,0.5096962915756663
6.25,2.2684806005597444,4.360815066773876,0.015480655182369707,0.5129660136644889
6.26,2.293736598144899,4.309366170023511,0.015480708021805458,0.5162527830514695
6.27,2.3192003232435536,4.257587960120244,0.015480760465802794,0.5195566886210568
6.28,2.3448728585086176,4.205478725712213,0.0154808125174328,0.5228778197140884
6.29,2.3707552922465274,4.153036746801827,0.015480864171804276,0.526216266142256
6.3,2.396848718435047,4.100260294718266,0.01548091544329229,0.5295721181872179
6.31,2.423154236761267,4.047147632091683,0.015480966328368626,0.5329454665996447
6.32,2.449672952638012,3.9936970128289078,0.015481016836628518,0.5363364026035643
6.33,2.4764059772515843,3.9399066820908994,0.015481066965681656,0.539745017895446
6.34,2.5033544275772797,3.8857748762717663,0.015481116724846094,0.5431714046540859
6.35,2.5305194264157342,3.831299822979926,0.015481166112355442,0.5466156555344381
6.36,2.557902102429022,3.776479741021561,0.015481215132200061,0.5500778636776819
6.37,2.5855035901600574,3.721312840386415,0.015481263793654186,0.5535581227105676
6.38,2.6133250300678807,3.665797322236411,0.015481312090240442,0.5570565267502764
6.39,2.641367568568086,3.6099313788978074,0.015481360033747863,0.5605731703982151
6.4,2.669632358039556,3.553713193856631,0.015481407624543721,0.564108148756105
6.41,2.698120556880911,3.4971409417581545,0.015481454863487308,0.5676615574142635
6.42,2.726833329533237,3.440212788410821,0.015481501761661945,0.5712334924679646
6.43,2.7557718465021153,3.382926890795268,0.015481548312896724,0.5748240505056404
6.44,2.7849372844079547,3.325281397078719,0.015481594523585754,0.5784333286313027
6.45,2.8143308260015774,3.267274446636092,0.015481640397924707,0.5820614244412063
6.46,2.8439536602023003,3.2089041700782936,0.015481685938961882,0.585708436052305
6.47,2.8738069821243784,3.1501686892881717,0.01548173114843607,0.5893744620904837
6.48,2.903891993126128,3.0910661174666005,0.015481776031060891,0.5930596016901627
6.49,2.9342099008236966,3.031594559188877,0.01548182058690133,0.5967639545057792
6.5,2.964761919134011,2.9717521104728175,0.015481864824518455,0.6004876207116525
6.51,2.995549268305661,2.911536858860671,0.01548190874013428,0.6042307010078359
6.52,3.026573174943054,2.850946883517391,0.015481952340633598,0.6079932966079042
6.53,3.0578348720607886,2.78998025534645,0.015481995625749806,0.6117755092690605
6.54,3.0893355990954388,2.728635037126602,0.015482038603440378,0.6155774412679234
6.55,3.1210766019469496,2.6669092836733914,0.0154820812704309,0.6193991954187141
6.56,3.153059133013927,2.6048010420285133,0.015482123631902408,0.6232408750671474
6.57,3.1852844512288825,2.5423083516815432,0.015482165696345317,0.6271025841091283
6.58,3.2177538220866304,2.4794292448305795,0.015482207453583967,0.6309844269659255
6.59,3.2504685176912664,2.416161746687747,0.01548224892080113,0.6348865086155082
6.6,3.2834298167652296,2.3525038758373977,0.015482290088035557,0.638808934573896
6.61,3.316639004715014,2.2884536446569754,0.01548233096382891,0.642751810920751
6.62,3.350097373639423,2.224009059812845,0.015482371553366379,0.6467152442741314
6.63,3.38380622237555,2.1591681228456223,0.015482411855054263,0.6506993418163083
6.64,3.4177668565451977,2.093928830862211,0.01548245186793019,0.6547042112877511
6.65,3.4519805885748562,2.0282891773582064,0.01548249160345522,0.6587299609874206
6.66,3.486448737728368,1.9622471531978876,0.015482531060436469,0.6627766997862693
6.67,3.5211726301589406,1.895800747788185,0.015482570236765225,0.6668445371078459
6.68,3.5561535989281863,1.828947950490891,0.01548260913913599,0.6709335829617943
6.69,3.5913929840583005,1.761686752330921,0.015482647773243378,0.6750439479245343
6.7,3.6268921325503505,1.6940151480766776,0.015482686128309631,0.6791757431531191
6.71,3.6626523984357506,1.625931138790159,0.015482724222294974,0.6833290803722173
6.72,3.6986751428078235,1.5574327349755377,0.015482762051444828,0.6875040719086741
6.73,3.7349617338528875,1.4885179605004917,0.015482799616780677,0.6917008306581187
6.74,3.771513546901277,1.4191848575258796,0.015482836916956046,0.695919470105944
6.75,3.808331964451507,1.3494314927637927,0.015482873965339055,0.7001601043420052
6.76,3.8454183762073666,1.2792559655162767,0.015482910755528106,0.7044228480335201
6.77,3.882774179121965,1.2086564181314294,0.015482947285341454,0.7087078164606945
6.78,3.920400777463373,1.1376310498051156,0.015482983577714132,0.7130151254965509
6.79,3.9582995827662066,1.0661781350529804,0.015483019604662649,0.7173448916218117
6.8,3.996472013960538,0.994296048974007,0.015483055388606825,0.7216972319258335
6.81,4.034919497372996,0.9219833024147236,0.015483090927790755,0.7260722641075011
6.82,4.073643466762674,0.849238592145064,0.015483126224406273,0.7304701064687835
6.83,4.112645363364581,0.7760608744231453,0.015483161276921514,0.7348908779447291
6.84,4.151926635940551,0.7024494763682976,0.015483196085432843,0.739334698082737
6.85,4.191488740807602,0.6284042711285522,0.015483230662543418,0.7438016870507452
6.86,4.231333141858639,0.553925966380713,0.015483264996521171,0.748291965645651
6.87,4.271461310642575,0.4790166073295834,0.0154832991031336,0.7528056552944358
6.88,4.3118747263701644,0.40368051938475713,0.015483332972210492,0.7573428780628342
6.89,4.352574875979081,0.3279262509513471,0.015483366619049267,0.7619037566413825
6.9,4.393563254138629,0.25177114011237883,0.015483400029378924,0.7664884143692123
6.91,4.434841363330389,0.17525438461863305,0.015483433217093109,0.7710969752277892
6.92,4.476410713867839,0.09848960849740261,0.015483466180681435,0.7757295638421066
6.93,4.518272823938606,0.02217504135508218,0.015483498902444891,0.7803863054896468
6.94,4.525109876558352,0.0022589945861099152,0.015509522182109712,0.7821503106791622
6.95,4.511110800320439,9.092210835491252E-4,0.015519864201062506,0.7827443104480424
6.96,4.495023898574703,5.332689121414049E-4,0.015520626792840423,0.7832485305203151
6.97,4.4783579174522625,3.687482777223977E-4,0.01552084997777905,0.7837276854992044
6.98,4.46143866557326,2.7895467989609E-4,0.015520949399284676,0.7841958687834938
6.99,4.4443812161994165,2.2314505635052633E-4,0.015521004807483457,0.7846580632262229
7.0,4.427237887283942,1.8537516216088492E-4,0.015521040112793422,0.7851165352242875
7.01,4.410036446960677,1.5823658167293404E-4,0.015521064747643514,0.7855724879363766
7.02,4.392793258397865,1.3785356115369064E-4,0.015521083082505301,0.7860266304378458
7.03,4.375518718871954,1.2201426994740488E-4,0.015521097414745628,0.7864794133260694
7.04,4.358219821252568,1.0936963923339017E-4,0.015521109052237395,0.786931139672233
7.05,4.340901482078399,9.905245439308727E-5,0.01552111878316987,0.7873820225638629
7.06,4.323567283207893,9.048102938513787E-5,0.015521127134416184,0.7878322172455091
7.07,4.30621991129448,8.325125015504324E-5,0.015521134448041877,0.7882818401606609
7.08,4.288861431064947,7.707395937723801E-5,0.015521140961746706,0.7887309808118903
7.09,4.271493462265568,7.173699330941018E-5,0.01552114684015234,0.789179709392961
7.1,4.254117298157368,6.708127310438064E-5,0.015521152228489791,0.7896280819681178
7.11,4.236733987166381,6.298525367314986E-5,0.015521157202495426,0.7900761439707386
7.12,4.21934439071428,5.935451947929838E-5,0.015521161838106253,0.7905239327339013
7.13,4.201949224913125,5.6114644947943736E-5,0.015521166220475661,0.7909714793020437
7.14,4.184549091334298,5.320619211329422E-5,0.015521170340738442,0.7914188097423976
7.15,4.167144500130927,5.058113201476886E-5,0.015521174256327184,0.79186594616798
7.16,4.149735887528994,4.820024521765491E-5,0.015521178007138987,0.7923129074788924
7.17,4.132323629399701,4.603119525646505E-5,0.015521181613648035,0.7927597099634902
7.18,4.1149080518463,4.404708908437109E-5,0.015521185093816333,0.7932063677509213
7.19,4.097489439606812,4.222538112414378E-5,0.015521188456711346,0.7936528931779276
7.2,4.080068042719364,4.054703191733662E-5,0.015521191726006774,0.7940992970775032
7.21,4.062644081938029,3.899585425449696E-5,0.015521194900061621,0.7945455890129319
7.22,4.045217753102612,3.755799956203053E-5,0.015521198004012676,0.7949917774649334
7.23,4.02778923074578,3.6221552285154896E-5,0.015521201034450186,0.7954378699955915
7.24,4.010358671070865,3.497620422257781E-5,0.015521203999252626,0.795883873373054
7.25,3.992926214418335,3.381299393662352E-5,0.015521206908609203,0.7963297936648094
7.26,3.9754919873387595,3.2724093447853446E-5,0.015521209772254177,0.7967756363551899
7.27,3.958056104342953,3.1702635884219895E-5,0.015521212581412798,0.7972214064074713
7.28,3.940618669384806,3.074257181122471E-5,0.015521215348096423,0.7976671083102354
7.29,3.92317977709956,2.9838552386726354E-5,0.015521218082270001,0.7981127461637983
7.3,3.905739513892625,2.8985830542295313E-5,0.015521220770747638,0.7985583237110364
7.31,3.8882979588870525,2.818017862336725E-5,0.015521223428376583,0.7990038443683176
7.32,3.8708551846890367,2.7417820091640117E-5,0.015521226057914526,0.7994493112725313
7.33,3.853411258098667,2.669537060744151E-5,0.015521228663265364,0.7998947273202786
7.34,3.835966240694255,2.6009788533090567E-5,0.015521231239638165,0.8003400951671804
7.35,3.818520189401801,2.535833267249951E-5,0.015521233785602573,0.8007854172752329
7.36,3.801073156921298,2.473852660045583E-5,0.015521236320253835,0.8012306959202615
7.37,3.783625192137972,2.4148126761116537E-5,0.015521238820494474,0.8016759332074194
7.38,3.7661763405100883,2.358509661871267E-5,0.015521241313694308,0.8021211311027814
7.39,3.748726644329179,2.3047582583742124E-5,0.015521243782321201,0.8025662914329427
7.4,3.731276143069107,2.253389470168937E-5,0.01552124622834375,0.8030114159006775
7.41,3.7138248735992585,2.2042488345704393E-5,0.0155212486659323,0.8034565061006518
7.42,3.696372870406271,2.1571949361816737E-5,0.015521251079609768,0.803901563511072
7.43,3.678920165808099,2.112098039189761E-5,0.015521253486329732,0.804346589525525
7.44,3.6614667901281113,2.068838954981982E-5,0.015521255876469499,0.8047915854527327
7.45,3.644012771861635,2.0273079081962676E-5,0.015521258254067711,0.805236552516307
7.46,3.626558137810662,1.9874037176279534E-5,0.015521260615403784,0.805681491862562
7.47,3.6091029132427686,1.9490329142284718E-5,0.015521262965355184,0.8061264045844747
7.48,3.5916471219697725,1.9121090479111368E-5,0.015521265303323352,0.8065712917053983
7.49,3.574190786483175,1.8765520124210084E-5,0.015521267632226509,0.8070161541869314
7.5,3.556733928049349,1.8422875186843374E-5,0.015521269951984393,0.8074609929448895
7.51,3.539276566780705,1.8092465419371797E-5,0.015521272260833578,0.8079058088410926
7.52,3.5218187217556114,1.7773648736292615E-5,0.015521274556547112,0.8083506026832094
7.53,3.5043604110493796,1.746582725062784E-5,0.015521276851457698,0.8087953752569532
7.54,3.486901651813968,1.7168443229073668E-5,0.015521279128780225,0.8092401272855536
7.55,3.469442460374076,1.6880976055709703E-5,0.015521281396818137,0.8096848594700625
7.56,3.4519828522422933,1.6602939172055905E-5,0.015521283665129938,0.8101295724730854
7.57,3.4345228421749665,1.6333877260853774E-5,0.015521285916582778,0.8105742669186695
7.58,3.417062444252377,1.6073363651276338E-5,0.015521288168277187,0.8110189434084137
7.59,3.3996016718859603,1.5820998430936097E-5,0.01552129040358289,0.8114636025214018
7.6,3.3821405378907428,1.5576406198537603E-5,0.015521292655488678,0.8119082447897784
7.61,3.3646790544766985,1.533923398707621E-5,0.015521294879644034,0.8123528707311102
7.62,3.347217233361592,1.5109150068302058E-5,0.015521297092806965,0.8127974808483411
7.63,3.3297550857299556,1.4885842003097461E-5,0.01552129930869432,0.8132420756053512
7.64,3.3122926222976043,1.4669015541746616E-5,0.015521301517321517,0.8136866554593929
7.65,3.2948298533191904,1.4458393250036487E-5,0.015521303716854876,0.8141312208447863
7.66,3.2773667886448137,1.4253713117385654E-5,0.015521305913069848,0.8145757721728525
7.67,3.259903437711522,1.4054727827414016E-5,0.015521308097291596,0.8150203098399977
7.68,3.242439809599922,1.3861203405083028E-5,0.015521310284339463,0.8154648342276686
7.69,3.2249759130093913,1.3672918618173696E-5,0.01552131245972841,0.8159093457023079
7.7,3.207511756323076,1.3489663871549902E-5,0.015521314626709715,0.816353844607147
7.71,3.190047347599491,1.3311240819679389E-5,0.015521316797233705,0.8167983312784752
7.72,3.1725826945966156,1.3137461152330416E-5,0.015521318955111382,0.8172428060456177
7.73,3.155117804796226,1.2968146404197969E-5,0.015521321110109846,0.8176872692145597
7.74,3.1376526854038604,1.2803126944426888E-5,0.015521323266376405,0.8181317210760614
7.75,3.1201873433647895,1.2642241747702786E-5,0.01552132540881509,0.8185761619301708
7.76,3.1027217853965903,1.2485337570115112E-5,0.015521327541703473,0.8190205920452955
7.77,3.0852560179810347,1.2332268876199388E-5,0.015521329679496597,0.8194650116826976
7.78,3.067790047371998,1.2182896878378559E-5,0.015521331809618767,0.8199094211046707
7.79,3.0503238796280816,1.2037089613199572E-5,0.015521333939231281,0.8203538205581333
7.8,3.032857520596273,1.1894721236806608E-5,0.015521336064248624,0.8207982102745847
7.81,3.0153909759528563,1.1755671745384483E-5,0.015521338185322933,0.8212425904864848
7.82,2.997924251186859,1.1619826521988346E-5,0.015521340300138114,0.8216869614190386
7.83,2.9804573516247235,1.1487076376546052E-5,0.015521342411241491,0.8221313232819518
7.84,2.962990282430286,1.1357316934041777E-5,0.015521344518378402,0.8225756762858388
7.85,2.945523048604773,1.1230448333213122E-5,0.015521346626244326,0.8230200206257621
7.86,2.9280556550114887,1.1106375213104617E-5,0.015521348722309158,0.8234643564976576
7.87,2.91058810637587,1.0985006429765278E-5,0.015521350815327234,0.8239086840818565
7.88,2.893120407285456,1.0866254611192353E-5,0.015521352903827758,0.8243530035677716
7.89,2.8756525622064437,1.0750036175993425E-5,0.01552135499204481,0.8247973151209282
7.9,2.858184575475544,1.0636271088706033E-5,0.015521357074860015,0.8252416189159067
7.91,2.840716451324666,1.0524882542125214E-5,0.015521359153500737,0.825685915119852
7.92,2.8232481938646354,1.0415796997422846E-5,0.015521361242271915,0.8261302038841896
7.93,2.805779807101848,1.0308943883277014E-5,0.015521363308943449,0.826574485361113
7.94,2.788311294971319,1.0204255478127795E-5,0.01552136538231079,0.8270187597035845
7.95,2.770842661270693,1.0101666797974682E-5,0.015521367442939284,0.8274630270570599
7.96,2.7533739097430803,1.0001115325505254E-5,0.015521369509325332,0.8279072875594671
7.97,2.7359050440193258,9.902541078163309E-6,0.015521371567779246,0.8283515413494672
7.98,2.7184360676595087,9.80588643011598E-6,0.015521373620190541,0.8287957885581673
7.99,2.700966984144937,9.711095943109074E-6,0.015521375674998804,0.8292400293090978
8.0,2.683497796878228,9.618116284702552E-6,0.015521377717219011,0.8296842637347847
8.01,2.6660285092000935,9.52689607181655E-6,0.015521379769822506,0.8301284919518678
8.02,2.648559124356454,9.43738595478276E-6,0.015521381808890755,0.8305727140776681
8.03,2.6310896455650474,9.349538388474622E-6,0.015521383849845269,0.8310169302218777
8.04,2.6136200759491857,9.26330749106821E-6,0.015521385884156597,0.8314611405031673
8.05,2.596150418596138,9.178649212095923E-6,0.015521387918954957,0.8319053450242512
8.06,2.5786806765241916,9.095520891313762E-6,0.015521389945918741,0.8323495438968134
8.07,2.5612108527078643,9.013881508848829E-6,0.01552139197256182,0.8327937372165467
8.08,2.5437409500616766,8.933691479720226E-6,0.015521393998470846,0.833237925079773
8.09,2.526270971456939,8.854912604471077E-6,0.0155213960162238,0.8336821075917804
8.1,2.508800919722105,8.777507949262256E-6,0.01552139803435702,0.8341262848418216
8.11,2.491330797643218,8.701442019338097E-6,0.015521400053552166,0.8345704569197613
8.12,2.4738606079475134,8.626680352520729E-6,0.015521402074963268,0.8350146239160764
8.13,2.4563903533370777,8.553189769410817E-6,0.015521404078128619,0.8354587859218563
8.14,2.4389200364977417,8.480938189669101E-6,0.015521406089957309,0.8359029430120846
8.15,2.4214496600492996,8.409894596141455E-6,0.015521408090677594,0.8363470952790494
8.16,2.403979226595989,8.340028931184657E-6,0.01552141009317323,0.8367912427989159
8.17,2.3865087387102584,8.271312203527463E-6,0.01552141208753025,0.8372353856567993
8.18,2.3690381989416234,8.203716317383934E-6,0.01552141408813041,0.837679523921657
8.19,2.3515676098004374,8.137214112028167E-6,0.015521416079160442,0.8381236576713877
8.2,2.334096973783447,8.071779332223949E-6,0.015521418069959792,0.838567786976083
8.21,2.3166262933575092,8.007386466510921E-6,0.015521420055067932,0.8390119119147853
8.22,2.2991555709853326,7.94401092320811E-6,0.015521422038279286,0.8394560325503263
8.23,2.281684809092606,7.88162873881764E-6,0.015521424024283303,0.8399001489460813
8.24,2.2642140100852206,7.820216820540847E-6,0.015521426003719932,0.8403442611743729
8.25,2.2467431763750283,7.75975272502248E-6,0.01552142797710719,0.8407883692996768
8.26,2.229272310346939,7.700214703537353E-6,0.015521429953728067,0.8412324733870132
8.27,2.2118014143763336,7.641581617467059E-6,0.015521431913557104,0.8416765735019464
8.28,2.1943304908383015,7.583833047323439E-6,0.015521433885084578,0.8421206696937424
8.29,2.1768595420746615,7.526949145334268E-6,0.015521435850466865,0.8425647620290281
8.3,2.1593885704450697,7.4709106815524484E-6,0.015521437817879633,0.8430088505665447
8.31,2.1419175782942856,7.415698963793128E-6,0.015521439773980635,0.8434529353571262
8.32,2.1244465679697706,7.361295884053031E-6,0.015521441738523507,0.8438970164605554
8.33,2.1069755417972114,7.307683779214808E-6,0.015521443693492377,0.8443410939286992
8.34,2.089504502140501,7.254845601442406E-6,0.015521445647250436,0.8447851678139346
8.35,2.072033451326688,7.202764658631563E-6,0.01552144759416533,0.8452292381691493
8.36,2.0545623917229623,7.15142484538355E-6,0.01552144954616739,0.8456733050392842
8.37,2.0370913256616094,7.100810506893521E-6,0.015521451493406613,0.8461173684782346
8.38,2.019620255517066,7.0509063081118585E-6,0.01552145343672152,0.8465614285319412
8.39,2.0021491836562855,7.001697461189857E-6,0.015521455378903166,0.8470054852553077
8.4,1.9846781124568174,6.953169593027478E-6,0.015521457324551796,0.8474495386868006
8.41,1.9672070443080674,6.90530867598276E-6,0.015521459257559423,0.847893588873841
8.42,1.949735981629374,6.858101018926209E-6,0.015521461195833523,0.8483376358643441
8.43,1.9322649268289935,6.811533373385467E-6,0.01552146312750195,0.8487816796982312
8.44,1.9147938823562893,6.765592864473506E-6,0.015521465051915009,0.8492257204243926
8.45,1.897322850686281,6.720266867640685E-6,0.015521466978372535,0.8496697580752198
8.46,1.8798518342956312,6.675543171736024E-6,0.015521468902487966,0.8501137927005659
8.47,1.8623808356896434,6.631409855918599E-6,0.015521470830332318,0.8505578243337671
8.48,1.844909857395442,6.587855282388729E-6,0.01552147274729362,0.8510018530171302
8.49,1.8274389019891824,6.5448682000324274E-6,0.015521474665566722,0.8514458787849243
8.5,1.8099679720638073,6.502437624196813E-6,0.015521476583429892,0.8518899016803979
8.51,1.7924970702393894,6.460552775432879E-6,0.015521478494461156,0.8523339217387539
8.52,1.7750261991821927,6.419203237888096E-6,0.01552148040320324,0.8527779389956556
8.53,1.7575553615982131,6.37837878768247E-6,0.015521482308834081,0.8532219534872268
8.54,1.7400845602267996,6.3380695497847175E-6,0.015521484220862733,0.8536659652500523
8.55,1.7226137978514264,6.298265828718383E-6,0.015521486120315614,0.8541099743211779
8.56,1.7051430773021683,6.258958157663019E-6,0.015521488023444463,0.8545539807295646
8.57,1.6876724014581783,6.22013734582919E-6,0.015521489924794903,0.8549979845131674
8.58,1.6702017732503285,6.181794366553858E-6,0.015521491814924316,0.8554419857018484
8.59,1.652731195672611,6.143920510421348E-6,0.015521493711096136,0.8558859843259135
8.6,1.635260671767957,6.106507221420396E-6,0.015521495608841517,0.8563299804161129
8.61,1.6177902046312895,6.069546145274456E-6,0.015521497492161813,0.8567739740036411
8.62,1.6003197974470003,6.033029176132961E-6,0.01552149938020511,0.8572179651201373
8.63,1.5828494534496564,5.9969483483520385E-6,0.015521501270253299,0.8576619537891087
8.64,1.5653791759446416,5.961295884327908E-6,0.015521503155430803,0.8581059400516517
8.65,1.5479089683291865,5.926064240741692E-6,0.015521505032858604,0.8585499239235695
8.66,1.530438834079275,5.891245952096998E-6,0.015521506910735408,0.8589939054468446
8.67,1.5129687767453084,5.856833879529056E-6,0.015521508791893995,0.8594378846381397
8.68,1.4954987999739453,5.82282090417448E-6,0.015521510667038146,0.8598818615231266
8.69,1.4780289075127098,5.78920012537203E-6,0.015521512538809705,0.8603258361365084
8.7,1.4605591032064587,5.755964855559348E-6,0.015521514405209212,0.8607698085048264
8.71,1.4430893910029052,5.723108468332251E-6,0.015521516275472129,0.8612137786464389
8.72,1.425619774966919,5.690624543708934E-6,0.015521518145972617,0.861657746588731
8.73,1.4081502592778532,5.658506766377512E-6,0.015521520009325907,0.8621017123595169
8.74,1.3906808482446664,5.626749020076694E-6,0.015521521870112163,0.8625456759784148
8.75,1.3732115463041255,5.595345239026999E-6,0.015521523728248752,0.8629896374740839
8.76,1.3557423580365886,5.56428959825264E-6,0.01552152558710706,0.8634335968756129
8.77,1.3382732881739134,5.5335763178792E-6,0.015521527445649346,0.8638775541952428
8.78,1.3208043415904265,5.5031998043856285E-6,0.015521529298977323,0.8643215094628951
8.79,1.3033355233375905,5.473154505236438E-6,0.015521531146434519,0.864765462691626
8.8,1.2858668386447534,5.443435048826055E-6,0.015521532998715021,0.8652094139121909
8.81,1.268398292911794,5.414036193843761E-6,0.015521534845969567,0.8656533631471185
8.82,1.2509298917459093,5.384952780126317E-6,0.015521536690943574,0.8660973104106898
8.83,1.233461640955704,5.356179727097159E-6,0.015521538532139344,0.8665412557349117
8.84,1.2159935465808547,5.32771212410748E-6,0.015521540372055068,0.8669851991262123
8.85,1.1985256148792933,5.299545135282335E-6,0.015521542209074837,0.8674291406174207
8.86,1.1810578523585495,5.271674043605548E-6,0.015521544045562918,0.8678730802244397
8.87,1.1635902657997732,5.244094203157649E-6,0.015521545879890585,0.8683170179635679
8.88,1.1461228622479476,5.21680108285792E-6,0.01552154771451421,0.868760953860188
8.89,1.1286556490554835,5.189790219225152E-6,0.015521549547850726,0.8692048879314045
8.9,1.111188633883869,5.163057259781159E-6,0.015521551374853544,0.8696488201947183
8.91,1.0937218247501697,5.136597960774278E-6,0.015521553202763149,0.8700927506680273
8.92,1.0762552300056587,5.110408140709864E-6,0.015521555026649684,0.870536679369626
8.93,1.0587888583944383,5.084483679213988E-6,0.015521556846239288,0.8709806063182061
8.94,1.0413227190706091,5.058820603621936E-6,0.015521558673032615,0.8714245315328565
8.95,1.0238568216176882,5.0334149549132995E-6,0.015521560490601518,0.8718684550243447
8.96,1.0063911760963693,5.008262918057789E-6,0.01552156230398514,0.8723123768212646
8.97,0.9889257930689391,4.9833606892166935E-6,0.015521564121741152,0.8727562969351701
8.98,0.9714606836267565,4.958704561903325E-6,0.015521565932619443,0.8732002153779955
8.99,0.9539958594469174,4.934290925048111E-6,0.015521567746356237,0.873644132170792
9.0,0.9365313328090089,4.91011621841332E-6,0.01552156955268393,0.8740880473262679
9.01,0.9190671166769686,4.8861769742144014E-6,0.015521571362255349,0.8745319608662578
9.02,0.9016032247156193,4.8624697306482315E-6,0.015521573165622637,0.8749758728042452
9.03,0.884139671382162,4.838991158426783E-6,0.01552157496657926,0.8754197831540945
9.04,0.8666764719533144,4.8157379741588045E-6,0.015521576765151241,0.8758636919300515
9.05,0.849213642628669,4.792706939561746E-6,0.01552157856578388,0.8763075991467436
9.06,0.831751200571112,4.7698949022998355E-6,0.015521580361321891,0.8767515048279467
9.07,0.8142891640166012,4.7472987528932885E-6,0.015521582157666596,0.877195408980293
9.08,0.796827552358008,4.724915423991965E-6,0.015521583956822602,0.8776393116195549
9.09,0.7793663862389655,4.702741930752931E-6,0.015521585741869376,0.878083212761887
9.1,0.7619056876945651,4.680775328349077E-6,0.015521587533462144,0.8785271124150412
9.11,0.7444454802438099,4.659012752050757E-6,0.01552158932339913,0.8789710105959234
9.12,0.7269857890584466,4.637451375128159E-6,0.01552159110903688,0.8794149073218225
9.13,0.7095266411141788,4.616088448640858E-6,0.015521592892699268,0.8798588026016114
9.14,0.6920680653792226,4.594921219471371E-6,0.015521594673340538,0.8803026964533314
9.15,0.6746100929905755,4.573947010751268E-6,0.01552159645472502,0.8807465888865993
9.16,0.6571527575008093,4.5531631805102905E-6,0.015521598229417628,0.8811904799113978
9.17,0.6396960951642601,4.532567160877979E-6,0.015521600003366122,0.8816343695468914
9.18,0.6222401451799635,4.5121564567138076E-6,0.015521601778768658,0.8820782578038079
9.19,0.6047849500645728,4.491928525904165E-6,0.015521603554614238,0.8825221446932406
9.2,0.5873305560304783,4.471880976945533E-6,0.01552160532708953,0.8829660302266497
9.21,0.5698770134396961,4.452011370317516E-6,0.015521607097709023,0.8834099144158614
9.22,0.5524243772914791,4.432317375543328E-6,0.015521608857127896,0.8838537972730686
9.23,0.5349727078714632,4.412796652616605E-6,0.015521610625385204,0.8842976788108311
9.24,0.5175220713670311,4.3934469296934324E-6,0.015521612386064407,0.8847415590420756
9.25,0.5000725407601494,4.374266001863404E-6,0.015521614153058607,0.885185437980096
9.26,0.48262419673179413,4.355251653159868E-6,0.015521615912417118,0.8856293156296968
9.27,0.46517712882124457,4.336401695135889E-6,0.01552161766473097,0.8860731920048934
9.28,0.44773143677439875,4.317714042641995E-6,0.01552161942331114,0.8865170671200687
9.29,0.43028723212362585,4.2991865980511745E-6,0.015521621173704677,0.8869609409811037
9.3,0.4128446401975656,4.280817327236024E-6,0.015521622924007432,0.8874048135942296
9.31,0.3954038024252377,4.262604183097844E-6,0.015521624678558105,0.887848684983785
9.32,0.37796487927759564,4.2445451809817906E-6,0.015521626422855752,0.8882925551478457
9.33,0.3605280538190391,4.226638397582436E-6,0.015521628165029512,0.8887364241025952
9.34,0.34309353619393124,4.208881932615216E-6,0.015521629909563317,0.8891802918556939
9.35,0.32566156919874967,4.191273871350509E-6,0.015521631657753759,0.8896241584240494
9.36,0.30823243547874657,4.173812395929915E-6,0.015521633392522972,0.8900680238071369
9.37,0.29080646674004773,4.1564956362339435E-6,0.015521635135514356,0.8905118880225755
9.38,0.2733840557743839,4.139321854527993E-6,0.015521636871773945,0.890955751079444
9.39,0.25596567247819024,4.122289260160591E-6,0.015521638609263628,0.8913996129782589
9.4,0.23855188543959285,4.10539611998214E-6,0.015521640336775774,0.8918434737377074
9.41,0.22114339163569768,4.088640721040189E-6,0.015521642073327102,0.8922873333679242
9.42,0.2037410582100469,4.072021406480229E-6,0.01552164380178964,0.8927311918704685
9.43,0.18634598277008185,4.055536538529552E-6,0.015521645528248001,0.8931750492650974
9.44,0.16895958292245392,4.039184462281574E-6,0.015521647255604856,0.8936189055540663
9.45,0.15158373395539887,4.02296357770278E-6,0.015521648984118296,0.8940627607399654
9.46,0.13422098943948674,4.006872338713507E-6,0.015521650703728324,0.8945066148436099
9.47,0.11687495286276006,3.990909181157006E-6,0.015521652426833146,0.894950467868287
9.48,0.09955094398306871,3.975072594070536E-6,0.015521654146310578,0.8953943198176192
9.49,0.08225729335445438,3.959361083483339E-6,0.015521655861488085,0.8958381707045228
9.5,0.06500814094141351,3.943773136977333E-6,0.015521657577305434,0.8962820205422678
9.51,0.04783047514836848,3.928307364388025E-6,0.015521659287935958,0.8967258693355106
9.52,0.030786526327879375,3.9129622859605175E-6,0.015521661001862563,0.8971697170892435
9.53,0.014084004490787016,3.897736508176946E-6,0.015521662714886492,0.8976135638177714
9.54,0.00196615267860124,3.882629376365851E-6,0.01819656863260207,0.8979712371499878
9.55,8.44742262517306E-4,3.867641337454529E-6,0.03043658744661428,0.8980215133628359
9.56,5.081817087020581E-4,3.852768687261393E-6,0.04270316827489942,0.8980433463182887
9.57,3.559749165240454E-4,3.838009957365891E-6,0.05436068632064372,0.8980566418855878
9.58,2.7137109899611503E-4,3.823363800883107E-6,0.06530225629043618,0.8980660756699178
9.59,2.1817744213479742E-4,3.8088289017814184E-6,0.07552382810457413,0.8980733622124666
9.6,1.8189243855805973E-4,3.7944040062752306E-6,0.0850513706653729,0.8980792981377784
9.61,1.556708918614814E-4,3.7800878646304577E-6,0.0939209528149425,0.8980843122991324
9.62,1.3589095792402027E-4,3.765879269280027E-6,0.10217171312149784,0.8980886599268308
9.63,1.2046803640139962E-4,3.75177698913501E-6,0.10984297454207982,0.8980925044011477
9.64,1.0812219685579462E-4,3.737779838153297E-6,0.11697295673002414,0.8980959562353029
9.65,9.80262770686049E-5,3.7238866419442234E-6,0.12359818699410063,0.8980990934875387
9.66,8.962303656480005E-5,3.71009623805076E-6,0.1297532454497469,0.8981019732199559
9.67,8.252393153283242E-5,3.696407509152101E-6,0.13547068053812356,0.8981046383774399
9.68,7.645009161924618E-5,3.6828193495381326E-6,0.1407810148209722,0.8981071220443464
9.69,7.119635902048817E-5,3.6693306322600026E-6,0.145712799625976,0.8981094502284187
9.7,6.660855641649611E-5,3.6559402751029387E-6,0.1502926957066021,0.8981116437466754
9.71,6.25686482706086E-5,3.6426471747142867E-6,0.1545455671252638,0.8981137195006297
9.72,5.8984781967867563E-5,3.629450337011523E-6,0.15849458071078004,0.8981156913922959
9.73,5.578443998921961E-5,3.616348681143873E-6,0.1621613067357639,0.8981175709887439
9.74,5.2909626589988775E-5,3.603341170117856E-6,0.16556581799204434,0.8981193680429708
9.75,5.031341964192552E-5,3.590426842224774E-6,0.16872678580746525,0.8981210908082137
9.76,4.795745866363957E-5,3.5776046496912573E-6,0.17166157197816406,0.8981227463612523
9.77,4.581008330532113E-5,3.5648736516916403E-6,0.1743863161658762,0.8981243408089605
9.78,4.384493749098684E-5,3.552232853570151E-6,0.17691601859662495,0.8981258794499555
9.79,4.2039906523399914E-5,3.539681302884483E-6,0.17926461788070241,0.8981273669182875
9.8,4.037630043048068E-5,3.5272180571552057E-6,0.18144506417237638,0.898128807282226
9.81,3.8838217342029414E-5,3.5148422152037094E-6,0.1834693876902404,0.898130204134065
9.82,3.741204369663295E-5,3.502552822442275E-6,0.18534876284058044,0.8981315606709498
9.83,3.608605837016838E-5,3.4903489968071565E-6,0.18709356812508754,0.898132879739779
9.84,3.485011575760933E-5,3.4782298341604996E-6,0.1887134420524299,0.8981341638910885
9.85,3.369539052709451E-5,3.4661944707651283E-6,0.1902173352656811,0.8981354154149738
9.86,3.2614170227340595E-5,3.4542420517192988E-6,0.19161355914235426,0.8981366363859942
9.87,3.159968541216429E-5,3.442371700038692E-6,0.19290983104486029,0.8981378286721518
9.88,3.064597040757724E-5,3.430582578488412E-6,0.19411331642068497,0.8981389939708149
9.89,2.9747747636188115E-5,3.418873858347454E-6,0.1952306680404065,0.898140133835661
9.9,2.8900331836270482E-5,3.407244749803192E-6,0.19626806243421324,0.8981412496856565
9.91,2.809954872323204E-5,3.395694410149389E-6,0.19723123381556878,0.8981423428140367
9.92,2.7341667993501013E-5,3.384222035593171E-6,0.1981255055876248,0.8981434144152495
9.93,2.6623345627194714E-5,3.372826860640241E-6,0.1989558196760042,0.8981444655759725
9.94,2.5941575256567605E-5,3.3615080973114146E-6,0.19972676375038564,0.8981454973200199
9.95,2.529364681762779E-5,3.3502649955330464E-6,0.20044259654775867,0.8981465105724157
9.96,2.4677111006604E-5,3.3390967827625184E-6,0.2011072713829068,0.8981475062043004
9.97,2.408974852151251E-5,3.3280027239771304E-6,0.2017244579943576,0.898148485023949
9.98,2.3529544058460096E-5,3.3169820913960236E-6,0.20229756282888678,0.898149447767789
9.99,2.299466320324221E-5,3.306034134798812E-6,0.2028297479290849,0.8981503951453077
10.0,2.24834328405205E-5,3.295158170420605E-6,0.2033239483957929,0.8981513277941438
